h3_id,segment,hour_bucket,Week_part,overall_index,volume_index
8943a020057ffff,Families,After noon,Weekday,16.183,0.010123
8943a020057ffff,Families,After noon,Weekend,11.825,0.00739698
8943a020057ffff,Families,Morning,Weekday,23.512,0.015009
8943a020057ffff,Families,Morning,Weekend,18.344,0.0117099
8943a020057ffff,Families,Night,Weekday,5.923,0.003283
8943a020057ffff,Families,Night,Weekend,7.476,0.00414381
8943a020057ffff,Families,Noon,Weekday,9.298,0.005533
8943a020057ffff,Families,Noon,Weekend,7.904,0.00470334
8943a020057ffff,Families,Other,Weekday,23.842,0.015229
8943a020057ffff,Families,Other,Weekend,27.673,0.0176762
8943a020057ffff,HNWI,After noon,Weekday,22.213,0.014143
8943a020057ffff,HNWI,After noon,Weekend,17.343,0.0110424
8943a020057ffff,HNWI,Morning,Weekday,29.542,0.019029
8943a020057ffff,HNWI,Morning,Weekend,25.71,0.0165605
8943a020057ffff,HNWI,Night,Weekday,21.478,0.013653
8943a020057ffff,HNWI,Night,Weekend,26.451,0.0168142
8943a020057ffff,HNWI,Noon,Weekday,5.317,0.002879
8943a020057ffff,HNWI,Noon,Weekend,6.329,0.003427
8943a020057ffff,HNWI,Other,Weekday,9.397,0.005599
8943a020057ffff,HNWI,Other,Weekend,8.639,0.00514722
8943a020057ffff,Potential Car Buyers,After noon,Weekday,5.53,0.003021
8943a020057ffff,Potential Car Buyers,After noon,Weekend,3.68,0.00201021
8943a020057ffff,Potential Car Buyers,Morning,Weekday,12.859,0.007907
8943a020057ffff,Potential Car Buyers,Morning,Weekend,12.162,0.00747854
8943a020057ffff,Potential Car Buyers,Night,Weekday,4.795,0.002531
8943a020057ffff,Potential Car Buyers,Night,Weekend,6.748,0.00356164
8943a020057ffff,Potential Car Buyers,Noon,Weekday,4.261,0.002175
8943a020057ffff,Potential Car Buyers,Noon,Weekend,4.268,0.00217868
8943a020057ffff,Potential Car Buyers,Other,Weekday,22.714,0.014477
8943a020057ffff,Potential Car Buyers,Other,Weekend,24.323,0.0155027
8943a0200bbffff,Families,After noon,Weekday,19.585,0.012391
8943a0200bbffff,Families,After noon,Weekend,19.896,0.0125876
8943a0200bbffff,Families,Morning,Weekday,26.914,0.017277
8943a0200bbffff,Families,Morning,Weekend,16.611,0.010663
8943a0200bbffff,Families,Night,Weekday,9.325,0.005551
8943a0200bbffff,Families,Night,Weekend,8.377,0.00498671
8943a0200bbffff,Families,Noon,Weekday,23.164,0.014777
8943a0200bbffff,Families,Noon,Weekend,26.997,0.0172219
8943a0200bbffff,Families,Other,Weekday,27.244,0.017497
8943a0200bbffff,Families,Other,Weekend,38.672,0.0248364
8943a0200bbffff,HNWI,After noon,Weekday,1.231,0.000155
8943a0200bbffff,HNWI,After noon,Weekend,0.939,0.000118262
8943a0200bbffff,HNWI,Morning,Weekday,8.56,0.005041
8943a0200bbffff,HNWI,Morning,Weekend,5.498,0.0032376
8943a0200bbffff,HNWI,Night,Weekday,30.496,0.019665
8943a0200bbffff,HNWI,Night,Weekend,23.461,0.0151289
8943a0200bbffff,HNWI,Noon,Weekday,14.335,0.008891
8943a0200bbffff,HNWI,Noon,Weekend,12.973,0.00804617
8943a0200bbffff,HNWI,Other,Weekday,18.415,0.011611
8943a0200bbffff,HNWI,Other,Weekend,26.428,0.0166635
8943a0200bbffff,Potential Car Buyers,After noon,Weekday,22.654,0.014437
8943a0200bbffff,Potential Car Buyers,After noon,Weekend,20.123,0.0128239
8943a0200bbffff,Potential Car Buyers,Morning,Weekday,25.135,0.016091
8943a0200bbffff,Potential Car Buyers,Morning,Weekend,24.201,0.0154933
8943a0200bbffff,Potential Car Buyers,Night,Weekday,12.394,0.007597
8943a0200bbffff,Potential Car Buyers,Night,Weekend,10.123,0.00620513
8943a0200bbffff,Potential Car Buyers,Noon,Weekday,21.385,0.013591
8943a0200bbffff,Potential Car Buyers,Noon,Weekend,30.321,0.0192705
8943a0200bbffff,Potential Car Buyers,Other,Weekday,25.465,0.016311
8943a0200bbffff,Potential Car Buyers,Other,Weekend,26.25,0.0168141
8943a0200c3ffff,Families,After noon,Weekday,9.565,0.005711
8943a0200c3ffff,Families,After noon,Weekend,9.285,0.0055437
8943a0200c3ffff,Families,Morning,Weekday,11.278,0.006853
8943a0200c3ffff,Families,Morning,Weekend,8.324,0.00505807
8943a0200c3ffff,Families,Night,Weekday,29.305,0.018871
8943a0200c3ffff,Families,Night,Weekend,27.206,0.0175196
8943a0200c3ffff,Families,Noon,Weekday,2.68,0.001121
8943a0200c3ffff,Families,Noon,Weekend,3.29,0.00137623
8943a0200c3ffff,Families,Other,Weekday,17.224,0.010817
8943a0200c3ffff,Families,Other,Weekend,12.209,0.00766736
8943a0200c3ffff,HNWI,After noon,Weekday,9.208,0.005473
8943a0200c3ffff,HNWI,After noon,Weekend,6.329,0.00376159
8943a0200c3ffff,HNWI,Morning,Weekday,6.073,0.003383
8943a0200c3ffff,HNWI,Morning,Weekend,3.914,0.00218043
8943a0200c3ffff,HNWI,Night,Weekday,8.473,0.004983
8943a0200c3ffff,HNWI,Night,Weekend,11.74,0.00690461
8943a0200c3ffff,HNWI,Noon,Weekday,2.323,0.000883
8943a0200c3ffff,HNWI,Noon,Weekend,3.076,0.0011692
8943a0200c3ffff,HNWI,Other,Weekday,26.392,0.016929
8943a0200c3ffff,HNWI,Other,Weekend,14.789,0.00948638
8943a0200c3ffff,Potential Car Buyers,After noon,Weekday,7.018,0.004013
8943a0200c3ffff,Potential Car Buyers,After noon,Weekend,4.227,0.00241711
8943a0200c3ffff,Potential Car Buyers,Morning,Weekday,9.499,0.005667
8943a0200c3ffff,Potential Car Buyers,Morning,Weekend,5.316,0.0031713
8943a0200c3ffff,Potential Car Buyers,Night,Weekday,2.374,0.000917
8943a0200c3ffff,Potential Car Buyers,Night,Weekend,2.715,0.00104876
8943a0200c3ffff,Potential Car Buyers,Noon,Weekday,5.749,0.003167
8943a0200c3ffff,Potential Car Buyers,Noon,Weekend,3.906,0.00215179
8943a0200c3ffff,Potential Car Buyers,Other,Weekday,20.293,0.012863
8943a0200c3ffff,Potential Car Buyers,Other,Weekend,20.933,0.0132686
8943a020157ffff,Families,After noon,Weekday,18.373,0.011583
8943a020157ffff,Families,After noon,Weekend,13.077,0.00824441
8943a020157ffff,Families,Morning,Weekday,20.854,0.013237
8943a020157ffff,Families,Morning,Weekend,28.259,0.0179372
8943a020157ffff,Families,Night,Weekday,23.254,0.014837
8943a020157ffff,Families,Night,Weekend,13.141,0.00838447
8943a020157ffff,Families,Noon,Weekday,17.104,0.010737
8943a020157ffff,Families,Noon,Weekend,24.67,0.0154864
8943a020157ffff,Families,Other,Weekday,11.173,0.006783
8943a020157ffff,Families,Other,Weekend,12.363,0.00750549
8943a020157ffff,HNWI,After noon,Weekday,1.438,0.000293
8943a020157ffff,HNWI,After noon,Weekend,0.851,0.000173424
8943a020157ffff,HNWI,Morning,Weekday,8.767,0.005179
8943a020157ffff,HNWI,Morning,Weekend,5.762,0.00340371
8943a020157ffff,HNWI,Night,Weekday,30.703,0.019803
8943a020157ffff,HNWI,Night,Weekend,32.45,0.0209298
8943a020157ffff,HNWI,Noon,Weekday,5.017,0.002679
8943a020157ffff,HNWI,Noon,Weekend,6.249,0.00333683
8943a020157ffff,HNWI,Other,Weekday,9.097,0.005399
8943a020157ffff,HNWI,Other,Weekend,10.829,0.00642679
8943a020157ffff,Potential Car Buyers,After noon,Weekday,13.336,0.008225
8943a020157ffff,Potential Car Buyers,After noon,Weekend,17.41,0.0107377
8943a020157ffff,Potential Car Buyers,Morning,Weekday,15.817,0.009879
8943a020157ffff,Potential Car Buyers,Morning,Weekend,14.667,0.00916046
8943a020157ffff,Potential Car Buyers,Night,Weekday,12.601,0.007735
8943a020157ffff,Potential Car Buyers,Night,Weekend,16.503,0.0101303
8943a020157ffff,Potential Car Buyers,Noon,Weekday,21.592,0.013729
8943a020157ffff,Potential Car Buyers,Noon,Weekend,19.504,0.0124015
8943a020157ffff,Potential Car Buyers,Other,Weekday,30.52,0.019681
8943a020157ffff,Potential Car Buyers,Other,Weekend,37.542,0.0242092
8943a020197ffff,Families,After noon,Weekday,10.399,0.006267
8943a020197ffff,Families,After noon,Weekend,14.052,0.00846829
8943a020197ffff,Families,Morning,Weekday,17.728,0.011153
8943a020197ffff,Families,Morning,Weekend,20.21,0.0127144
8943a020197ffff,Families,Night,Weekday,14.512,0.009009
8943a020197ffff,Families,Night,Weekend,14.895,0.00924685
8943a020197ffff,Families,Noon,Weekday,23.503,0.015003
8943a020197ffff,Families,Noon,Weekend,22.439,0.0143239
8943a020197ffff,Families,Other,Weekday,2.431,0.000955
8943a020197ffff,Families,Other,Weekend,3.143,0.00123476
8943a020197ffff,HNWI,After noon,Weekday,22.696,0.014465
8943a020197ffff,HNWI,After noon,Weekend,24.888,0.0158619
8943a020197ffff,HNWI,Morning,Weekday,30.025,0.019351
8943a020197ffff,HNWI,Morning,Weekend,21.741,0.0140118
8943a020197ffff,HNWI,Night,Weekday,21.961,0.013975
8943a020197ffff,HNWI,Night,Weekend,18.412,0.0117164
8943a020197ffff,HNWI,Noon,Weekday,21.427,0.013619
8943a020197ffff,HNWI,Noon,Weekend,21.766,0.0138342
8943a020197ffff,HNWI,Other,Weekday,9.88,0.005921
8943a020197ffff,HNWI,Other,Weekend,9.598,0.00575173
8943a020197ffff,Potential Car Buyers,After noon,Weekday,29.746,0.019165
8943a020197ffff,Potential Car Buyers,After noon,Weekend,32.629,0.0210224
8943a020197ffff,Potential Car Buyers,Morning,Weekday,16.6,0.010401
8943a020197ffff,Potential Car Buyers,Morning,Weekend,18.147,0.0113703
8943a020197ffff,Potential Car Buyers,Night,Weekday,4.627,0.002419
8943a020197ffff,Potential Car Buyers,Night,Weekend,5.072,0.00265163
8943a020197ffff,Potential Car Buyers,Noon,Weekday,12.85,0.007901
8943a020197ffff,Potential Car Buyers,Noon,Weekend,16.982,0.0104419
8943a020197ffff,Potential Car Buyers,Other,Weekday,22.546,0.014365
8943a020197ffff,Potential Car Buyers,Other,Weekend,19.58,0.0124753
8943a0201bbffff,Families,After noon,Weekday,24.247,0.015499
8943a0201bbffff,Families,After noon,Weekend,21.672,0.0138533
8943a0201bbffff,Families,Morning,Weekday,1.576,0.000385
8943a0201bbffff,Families,Morning,Weekend,1.335,0.00032613
8943a0201bbffff,Families,Night,Weekday,13.987,0.008659
8943a0201bbffff,Families,Night,Weekend,19.782,0.0122463
8943a0201bbffff,Families,Noon,Weekday,17.362,0.010909
8943a0201bbffff,Families,Noon,Weekend,10.22,0.00642149
8943a0201bbffff,Families,Other,Weekday,1.906,0.000605
8943a0201bbffff,Families,Other,Weekend,1.642,0.000521094
8943a0201bbffff,HNWI,After noon,Weekday,30.277,0.019519
8943a0201bbffff,HNWI,After noon,Weekend,28.957,0.018668
8943a0201bbffff,HNWI,Morning,Weekday,7.606,0.004405
8943a0201bbffff,HNWI,Morning,Weekend,10.13,0.00586682
8943a0201bbffff,HNWI,Night,Weekday,29.542,0.019029
8943a0201bbffff,HNWI,Night,Weekend,19.129,0.0123216
8943a0201bbffff,HNWI,Noon,Weekday,13.381,0.008255
8943a0201bbffff,HNWI,Noon,Weekend,17.425,0.0107497
8943a0201bbffff,HNWI,Other,Weekday,17.461,0.010975
8943a0201bbffff,HNWI,Other,Weekend,11.535,0.00725032
8943a0201bbffff,Potential Car Buyers,After noon,Weekday,25.597,0.016399
8943a0201bbffff,Potential Car Buyers,After noon,Weekend,17.129,0.0109739
8943a0201bbffff,Potential Car Buyers,Morning,Weekday,2.926,0.001285
8943a0201bbffff,Potential Car Buyers,Morning,Weekend,2.526,0.0011095
8943a0201bbffff,Potential Car Buyers,Night,Weekday,24.862,0.015909
8943a0201bbffff,Potential Car Buyers,Night,Weekend,27.247,0.0174352
8943a0201bbffff,Potential Car Buyers,Noon,Weekday,29.176,0.018785
8943a0201bbffff,Potential Car Buyers,Noon,Weekend,38.849,0.025013
8943a0201bbffff,Potential Car Buyers,Other,Weekday,12.781,0.007855
8943a0201bbffff,Potential Car Buyers,Other,Weekend,9.85,0.00605391
8943a0202cbffff,Families,After noon,Weekday,13.663,0.008443
8943a0202cbffff,Families,After noon,Weekend,9.794,0.00605241
8943a0202cbffff,Families,Morning,Weekday,20.992,0.013329
8943a0202cbffff,Families,Morning,Weekend,19.674,0.012492
8943a0202cbffff,Families,Night,Weekday,12.928,0.007953
8943a0202cbffff,Families,Night,Weekend,7.506,0.00461763
8943a0202cbffff,Families,Noon,Weekday,17.242,0.010829
8943a0202cbffff,Families,Noon,Weekend,12.223,0.00767676
8943a0202cbffff,Families,Other,Weekday,30.847,0.019899
8943a0202cbffff,Families,Other,Weekend,25.799,0.0166426
8943a0202cbffff,HNWI,After noon,Weekday,14.725,0.009151
8943a0202cbffff,HNWI,After noon,Weekend,18.905,0.0117487
8943a0202cbffff,HNWI,Morning,Weekday,22.054,0.014037
8943a0202cbffff,HNWI,Morning,Weekend,29.902,0.0190318
8943a0202cbffff,HNWI,Night,Weekday,4.465,0.002311
8943a0202cbffff,HNWI,Night,Weekend,6.056,0.00313467
8943a0202cbffff,HNWI,Noon,Weekday,18.304,0.011537
8943a0202cbffff,HNWI,Noon,Weekend,19.231,0.012121
8943a0202cbffff,HNWI,Other,Weekday,22.384,0.014257
8943a0202cbffff,HNWI,Other,Weekend,14.537,0.00925881
8943a0202cbffff,Potential Car Buyers,After noon,Weekday,8.626,0.005085
8943a0202cbffff,Potential Car Buyers,After noon,Weekend,11.164,0.00658143
8943a0202cbffff,Potential Car Buyers,Morning,Weekday,25.48,0.016321
8943a0202cbffff,Potential Car Buyers,Morning,Weekend,16.731,0.0107169
8943a0202cbffff,Potential Car Buyers,Night,Weekday,7.891,0.004595
8943a0202cbffff,Potential Car Buyers,Night,Weekend,6.608,0.00384793
8943a0202cbffff,Potential Car Buyers,Noon,Weekday,16.114,0.010077
8943a0202cbffff,Potential Car Buyers,Noon,Weekend,21.858,0.0136689
8943a0202cbffff,Potential Car Buyers,Other,Weekday,25.81,0.016541
8943a0202cbffff,Potential Car Buyers,Other,Weekend,29.82,0.0191106
8943a02038fffff,Families,After noon,Weekday,1.672,0.000449
8943a02038fffff,Families,After noon,Weekend,2.301,0.000617819
8943a02038fffff,Families,Morning,Weekday,9.001,0.005335
8943a02038fffff,Families,Morning,Weekend,9.637,0.00571206
8943a02038fffff,Families,Night,Weekday,21.412,0.013609
8943a02038fffff,Families,Night,Weekend,18.305,0.0116344
8943a02038fffff,Families,Noon,Weekday,30.403,0.019603
8943a02038fffff,Families,Noon,Weekend,39.816,0.0256725
8943a02038fffff,Families,Other,Weekday,9.331,0.005555
8943a02038fffff,Families,Other,Weekend,8.97,0.00533995
8943a02038fffff,HNWI,After noon,Weekday,13.318,0.008213
8943a02038fffff,HNWI,After noon,Weekend,13.347,0.00823066
8943a02038fffff,HNWI,Morning,Weekday,30.172,0.019449
8943a02038fffff,HNWI,Morning,Weekend,21.793,0.0140478
8943a02038fffff,HNWI,Night,Weekday,12.583,0.007723
8943a02038fffff,HNWI,Night,Weekend,7.809,0.00479284
8943a02038fffff,HNWI,Noon,Weekday,26.422,0.016949
8943a02038fffff,HNWI,Noon,Weekend,38.253,0.0245384
8943a02038fffff,HNWI,Other,Weekday,30.502,0.019669
8943a02038fffff,HNWI,Other,Weekend,20.228,0.0130439
8943a02038fffff,Potential Car Buyers,After noon,Weekday,4.741,0.002495
8943a02038fffff,Potential Car Buyers,After noon,Weekend,2.671,0.00140588
8943a02038fffff,Potential Car Buyers,Morning,Weekday,7.222,0.004149
8943a02038fffff,Potential Car Buyers,Morning,Weekend,10.26,0.00589454
8943a02038fffff,Potential Car Buyers,Night,Weekday,19.633,0.012423
8943a02038fffff,Potential Car Buyers,Night,Weekend,16.512,0.0104483
8943a02038fffff,Potential Car Buyers,Noon,Weekday,3.472,0.001649
8943a02038fffff,Potential Car Buyers,Noon,Weekend,4.967,0.00235918
8943a02038fffff,Potential Car Buyers,Other,Weekday,7.552,0.004369
8943a02038fffff,Potential Car Buyers,Other,Weekend,10.709,0.00619535
8943a020393ffff,Families,After noon,Weekday,11.284,0.006857
8943a020393ffff,Families,After noon,Weekend,16.335,0.00992626
8943a020393ffff,Families,Morning,Weekday,18.613,0.011743
8943a020393ffff,Families,Morning,Weekend,10.39,0.00655526
8943a020393ffff,Families,Night,Weekday,16.165,0.010111
8943a020393ffff,Families,Night,Weekend,9.908,0.00619761
8943a020393ffff,Families,Noon,Weekday,24.388,0.015593
8943a020393ffff,Families,Noon,Weekend,34.248,0.0218972
8943a020393ffff,Families,Other,Weekday,4.084,0.002057
8943a020393ffff,Families,Other,Weekend,2.451,0.00123426
8943a020393ffff,HNWI,After noon,Weekday,20.452,0.012969
8943a020393ffff,HNWI,After noon,Weekend,26.019,0.0164994
8943a020393ffff,HNWI,Morning,Weekday,22.933,0.014623
8943a020393ffff,HNWI,Morning,Weekend,23.281,0.0148449
8943a020393ffff,HNWI,Night,Weekday,15.808,0.009873
8943a020393ffff,HNWI,Night,Weekend,18.535,0.0115762
8943a020393ffff,HNWI,Noon,Weekday,19.183,0.012123
8943a020393ffff,HNWI,Noon,Weekend,11.962,0.00755972
8943a020393ffff,HNWI,Other,Weekday,3.727,0.001819
8943a020393ffff,HNWI,Other,Weekend,2.944,0.00143669
8943a020393ffff,Potential Car Buyers,After noon,Weekday,14.353,0.008903
8943a020393ffff,Potential Car Buyers,After noon,Weekend,17.519,0.0108668
8943a020393ffff,Potential Car Buyers,Morning,Weekday,16.834,0.010557
8943a020393ffff,Potential Car Buyers,Morning,Weekend,18.456,0.0115745
8943a020393ffff,Potential Car Buyers,Night,Weekday,13.618,0.008413
8943a020393ffff,Potential Car Buyers,Night,Weekend,13.056,0.00806559
8943a020393ffff,Potential Car Buyers,Noon,Weekday,22.609,0.014407
8943a020393ffff,Potential Car Buyers,Noon,Weekend,18.008,0.0114751
8943a020393ffff,Potential Car Buyers,Other,Weekday,1.537,0.000359
8943a020393ffff,Potential Car Buyers,Other,Weekend,2.181,0.000509363
8943a02040bffff,Families,After noon,Weekday,16.945,0.010631
8943a02040bffff,Families,After noon,Weekend,20.881,0.0131001
8943a02040bffff,Families,Morning,Weekday,24.274,0.015517
8943a02040bffff,Families,Morning,Weekend,16.149,0.010323
8943a02040bffff,Families,Night,Weekday,21.058,0.013373
8943a02040bffff,Families,Night,Weekend,23.659,0.0150247
8943a02040bffff,Families,Noon,Weekday,20.524,0.013017
8943a02040bffff,Families,Noon,Weekend,24.245,0.0153772
8943a02040bffff,Families,Other,Weekday,4.129,0.002087
8943a02040bffff,Families,Other,Weekend,3.976,0.00200949
8943a02040bffff,HNWI,After noon,Weekday,12.964,0.007977
8943a02040bffff,HNWI,After noon,Weekend,10.918,0.00671823
8943a02040bffff,HNWI,Morning,Weekday,15.445,0.009631
8943a02040bffff,HNWI,Morning,Weekend,16.126,0.0100559
8943a02040bffff,HNWI,Night,Weekday,27.856,0.017905
8943a02040bffff,HNWI,Night,Weekend,34.348,0.0220782
8943a02040bffff,HNWI,Noon,Weekday,11.695,0.007131
8943a02040bffff,HNWI,Noon,Weekend,11.769,0.00717627
8943a02040bffff,HNWI,Other,Weekday,15.775,0.009851
8943a02040bffff,HNWI,Other,Weekend,16.694,0.0104251
8943a02040bffff,Potential Car Buyers,After noon,Weekday,11.908,0.007273
8943a02040bffff,Potential Car Buyers,After noon,Weekend,10.575,0.00645868
8943a02040bffff,Potential Car Buyers,Morning,Weekday,28.762,0.018509
8943a02040bffff,Potential Car Buyers,Morning,Weekend,36.079,0.0232177
8943a02040bffff,Potential Car Buyers,Night,Weekday,11.173,0.006783
8943a02040bffff,Potential Car Buyers,Night,Weekend,14.958,0.00908105
8943a02040bffff,Potential Car Buyers,Noon,Weekday,25.012,0.016009
8943a02040bffff,Potential Car Buyers,Noon,Weekend,19.492,0.0124759
8943a02040bffff,Potential Car Buyers,Other,Weekday,29.092,0.018729
8943a02040bffff,Potential Car Buyers,Other,Weekend,35.887,0.0231033
8943a020467ffff,Families,After noon,Weekday,29.659,0.019107
8943a020467ffff,Families,After noon,Weekend,33.961,0.0218787
8943a020467ffff,Families,Morning,Weekday,6.988,0.003993
8943a020467ffff,Families,Morning,Weekend,9.742,0.00556694
8943a020467ffff,Families,Night,Weekday,19.399,0.012267
8943a020467ffff,Families,Night,Weekend,21.205,0.013409
8943a020467ffff,Families,Noon,Weekday,27.622,0.017749
8943a020467ffff,Families,Noon,Weekend,36.032,0.023153
8943a020467ffff,Families,Other,Weekday,7.318,0.004213
8943a020467ffff,Families,Other,Weekend,7.776,0.00447648
8943a020467ffff,HNWI,After noon,Weekday,29.302,0.018869
8943a020467ffff,HNWI,After noon,Weekend,24.961,0.0160736
8943a020467ffff,HNWI,Morning,Weekday,1.783,0.000523
8943a020467ffff,HNWI,Morning,Weekend,1.482,0.000434724
8943a020467ffff,HNWI,Night,Weekday,28.567,0.018379
8943a020467ffff,HNWI,Night,Weekend,39.787,0.0255974
8943a020467ffff,HNWI,Noon,Weekday,1.942,0.000629
8943a020467ffff,HNWI,Noon,Weekend,1.739,0.000563342
8943a020467ffff,HNWI,Other,Weekday,16.486,0.010325
8943a020467ffff,HNWI,Other,Weekend,10.774,0.00674772
8943a020467ffff,Potential Car Buyers,After noon,Weekday,19.006,0.012005
8943a020467ffff,Potential Car Buyers,After noon,Weekend,14.203,0.00897134
8943a020467ffff,Potential Car Buyers,Morning,Weekday,26.335,0.016891
8943a020467ffff,Potential Car Buyers,Morning,Weekend,25.989,0.0166693
8943a020467ffff,Potential Car Buyers,Night,Weekday,18.271,0.011515
8943a020467ffff,Potential Car Buyers,Night,Weekend,14.984,0.00944361
8943a020467ffff,Potential Car Buyers,Noon,Weekday,2.11,0.000741
8943a020467ffff,Potential Car Buyers,Noon,Weekend,1.519,0.000533512
8943a020467ffff,Potential Car Buyers,Other,Weekday,6.19,0.003461
8943a020467ffff,Potential Car Buyers,Other,Weekend,4.353,0.00243372
8943a0204b7ffff,Families,After noon,Weekday,30.556,0.019705
8943a0204b7ffff,Families,After noon,Weekend,44.153,0.0284734
8943a0204b7ffff,Families,Morning,Weekday,3.037,0.001359
8943a0204b7ffff,Families,Morning,Weekend,4.073,0.00182279
8943a0204b7ffff,Families,Night,Weekday,15.448,0.009633
8943a0204b7ffff,Families,Night,Weekend,19.126,0.0119265
8943a0204b7ffff,Families,Noon,Weekday,29.287,0.018859
8943a0204b7ffff,Families,Noon,Weekend,22.425,0.0144402
8943a0204b7ffff,Families,Other,Weekday,3.367,0.001579
8943a0204b7ffff,Families,Other,Weekend,4.573,0.00214444
8943a0204b7ffff,HNWI,After noon,Weekday,6.586,0.003725
8943a0204b7ffff,HNWI,After noon,Weekend,6.016,0.00340236
8943a0204b7ffff,HNWI,Morning,Weekday,23.44,0.014961
8943a0204b7ffff,HNWI,Morning,Weekend,24.836,0.0158518
8943a0204b7ffff,HNWI,Night,Weekday,11.467,0.006979
8943a0204b7ffff,HNWI,Night,Weekend,9.902,0.00602673
8943a0204b7ffff,HNWI,Noon,Weekday,14.842,0.009229
8943a0204b7ffff,HNWI,Noon,Weekend,9.754,0.00606531
8943a0204b7ffff,HNWI,Other,Weekday,29.386,0.018925
8943a0204b7ffff,HNWI,Other,Weekend,30.174,0.0194326
8943a0204b7ffff,Potential Car Buyers,After noon,Weekday,28.777,0.018519
8943a0204b7ffff,Potential Car Buyers,After noon,Weekend,37.997,0.0244522
8943a0204b7ffff,Potential Car Buyers,Morning,Weekday,6.106,0.003405
8943a0204b7ffff,Potential Car Buyers,Morning,Weekend,5.123,0.00285682
8943a0204b7ffff,Potential Car Buyers,Night,Weekday,18.517,0.011679
8943a0204b7ffff,Potential Car Buyers,Night,Weekend,19.039,0.0120081
8943a0204b7ffff,Potential Car Buyers,Noon,Weekday,21.892,0.013929
8943a0204b7ffff,Potential Car Buyers,Noon,Weekend,13.226,0.00841548
8943a0204b7ffff,Potential Car Buyers,Other,Weekday,6.436,0.003625
8943a0204b7ffff,Potential Car Buyers,Other,Weekend,3.828,0.00215612
8943a0204bbffff,Families,After noon,Weekday,28.591,0.018395
8943a0204bbffff,Families,After noon,Weekend,35.002,0.0225195
8943a0204bbffff,Families,Morning,Weekday,5.92,0.003281
8943a0204bbffff,Families,Morning,Weekend,7.95,0.00440615
8943a0204bbffff,Families,Night,Weekday,27.856,0.017905
8943a0204bbffff,Families,Night,Weekend,33.146,0.0213054
8943a0204bbffff,Families,Noon,Weekday,1.231,0.000155
8943a0204bbffff,Families,Noon,Weekend,1.054,0.000132654
8943a0204bbffff,Families,Other,Weekday,15.775,0.009851
8943a0204bbffff,Families,Other,Weekend,22.216,0.0138733
8943a0204bbffff,HNWI,After noon,Weekday,7.759,0.004507
8943a0204bbffff,HNWI,After noon,Weekend,7.64,0.00443813
8943a0204bbffff,HNWI,Morning,Weekday,10.24,0.006161
8943a0204bbffff,HNWI,Morning,Weekend,13.379,0.00804979
8943a0204bbffff,HNWI,Night,Weekday,22.651,0.014435
8943a0204bbffff,HNWI,Night,Weekend,23.55,0.0150076
8943a0204bbffff,HNWI,Noon,Weekday,30.874,0.019917
8943a0204bbffff,HNWI,Noon,Weekend,18.569,0.0119789
8943a0204bbffff,HNWI,Other,Weekday,10.57,0.006381
8943a0204bbffff,HNWI,Other,Weekend,8.255,0.00498324
8943a0204bbffff,Potential Car Buyers,After noon,Weekday,21.196,0.013465
8943a0204bbffff,Potential Car Buyers,After noon,Weekend,25.189,0.0160018
8943a0204bbffff,Potential Car Buyers,Morning,Weekday,28.525,0.018351
8943a0204bbffff,Potential Car Buyers,Morning,Weekend,37.007,0.023808
8943a0204bbffff,Potential Car Buyers,Night,Weekday,30.925,0.019951
8943a0204bbffff,Potential Car Buyers,Night,Weekend,21.756,0.0140355
8943a0204bbffff,Potential Car Buyers,Noon,Weekday,4.3,0.002201
8943a0204bbffff,Potential Car Buyers,Noon,Weekend,5.307,0.00271668
8943a0204bbffff,Potential Car Buyers,Other,Weekday,18.844,0.011897
8943a0204bbffff,Potential Car Buyers,Other,Weekend,14.822,0.00935787
8943a02050bffff,Families,After noon,Weekday,2.989,0.001327
8943a02050bffff,Families,After noon,Weekend,1.767,0.000784295
8943a02050bffff,Families,Morning,Weekday,5.47,0.002981
8943a02050bffff,Families,Morning,Weekend,4.582,0.00249723
8943a02050bffff,Families,Night,Weekday,23.497,0.014999
8943a02050bffff,Families,Night,Weekend,14.284,0.00911771
8943a02050bffff,Families,Noon,Weekday,1.72,0.000481
8943a02050bffff,Families,Noon,Weekend,1.832,0.000512253
8943a02050bffff,Families,Other,Weekday,11.416,0.006945
8943a02050bffff,Families,Other,Weekend,14.551,0.00885192
8943a02050bffff,HNWI,After noon,Weekday,14.635,0.009091
8943a02050bffff,HNWI,After noon,Weekend,19.642,0.012201
8943a02050bffff,HNWI,Morning,Weekday,1.489,0.000327
8943a02050bffff,HNWI,Morning,Weekend,2.142,0.000470349
8943a02050bffff,HNWI,Night,Weekday,13.9,0.008601
8943a02050bffff,HNWI,Night,Weekend,19.512,0.0120739
8943a02050bffff,HNWI,Noon,Weekday,22.891,0.014595
8943a02050bffff,HNWI,Noon,Weekend,24.883,0.0158653
8943a02050bffff,HNWI,Other,Weekday,1.819,0.000547
8943a02050bffff,HNWI,Other,Weekend,1.12,0.000336722
8943a02050bffff,Potential Car Buyers,After noon,Weekday,1.21,0.000141
8943a02050bffff,Potential Car Buyers,After noon,Weekend,1.021,0.000118923
8943a02050bffff,Potential Car Buyers,Morning,Weekday,8.539,0.005027
8943a02050bffff,Potential Car Buyers,Morning,Weekend,11.632,0.00684786
8943a02050bffff,Potential Car Buyers,Night,Weekday,20.95,0.013301
8943a02050bffff,Potential Car Buyers,Night,Weekend,20.27,0.0128693
8943a02050bffff,Potential Car Buyers,Noon,Weekday,29.941,0.019295
8943a02050bffff,Potential Car Buyers,Noon,Weekend,40.867,0.0263361
8943a02050bffff,Potential Car Buyers,Other,Weekday,8.869,0.005247
8943a02050bffff,Potential Car Buyers,Other,Weekend,8.772,0.00518961
8943a020597ffff,Families,After noon,Weekday,21.625,0.013751
8943a020597ffff,Families,After noon,Weekend,13.02,0.00827918
8943a020597ffff,Families,Morning,Weekday,8.479,0.004987
8943a020597ffff,Families,Morning,Weekend,8.638,0.00508079
8943a020597ffff,Families,Night,Weekday,20.89,0.013261
8943a020597ffff,Families,Night,Weekend,14.36,0.00911588
8943a020597ffff,Families,Noon,Weekday,4.729,0.002487
8943a020597ffff,Families,Noon,Weekend,5.953,0.00313071
8943a020597ffff,Families,Other,Weekday,8.809,0.005207
8943a020597ffff,Families,Other,Weekend,5.077,0.00300082
8943a020597ffff,HNWI,After noon,Weekday,12.796,0.007865
8943a020597ffff,HNWI,After noon,Weekend,12.242,0.0075242
8943a020597ffff,HNWI,Morning,Weekday,14.509,0.009007
8943a020597ffff,HNWI,Morning,Weekend,8.707,0.00540493
8943a020597ffff,HNWI,Night,Weekday,12.061,0.007375
8943a020597ffff,HNWI,Night,Weekend,11.448,0.00700029
8943a020597ffff,HNWI,Noon,Weekday,5.911,0.003275
8943a020597ffff,HNWI,Noon,Weekend,8.464,0.00468926
8943a020597ffff,HNWI,Other,Weekday,29.98,0.019321
8943a020597ffff,HNWI,Other,Weekend,40.334,0.0259938
8943a020597ffff,Potential Car Buyers,After noon,Weekday,4.219,0.002147
8943a020597ffff,Potential Car Buyers,After noon,Weekend,3.886,0.00197759
8943a020597ffff,Potential Car Buyers,Morning,Weekday,11.548,0.007033
8943a020597ffff,Potential Car Buyers,Morning,Weekend,8.137,0.00495532
8943a020597ffff,Potential Car Buyers,Night,Weekday,23.959,0.015307
8943a020597ffff,Potential Car Buyers,Night,Weekend,32.89,0.021013
8943a020597ffff,Potential Car Buyers,Noon,Weekday,27.334,0.017557
8943a020597ffff,Potential Car Buyers,Noon,Weekend,28.31,0.0181839
8943a020597ffff,Potential Car Buyers,Other,Weekday,11.878,0.007253
8943a020597ffff,Potential Car Buyers,Other,Weekend,9.009,0.00550128
8943a0205c7ffff,Families,After noon,Weekday,7.492,0.004329
8943a0205c7ffff,Families,After noon,Weekend,5.599,0.00323491
8943a0205c7ffff,Families,Morning,Weekday,24.346,0.015565
8943a0205c7ffff,Families,Morning,Weekend,28.196,0.0180265
8943a0205c7ffff,Families,Night,Weekday,6.757,0.003839
8943a0205c7ffff,Families,Night,Weekend,4.529,0.00257302
8943a0205c7ffff,Families,Noon,Weekday,20.596,0.013065
8943a0205c7ffff,Families,Noon,Weekend,27.859,0.0176724
8943a0205c7ffff,Families,Other,Weekday,24.676,0.015785
8943a0205c7ffff,Families,Other,Weekend,33.462,0.0214054
8943a0205c7ffff,HNWI,After noon,Weekday,16.66,0.010441
8943a0205c7ffff,HNWI,After noon,Weekend,23.614,0.0147992
8943a0205c7ffff,HNWI,Morning,Weekday,23.989,0.015327
8943a0205c7ffff,HNWI,Morning,Weekend,33.043,0.0211118
8943a0205c7ffff,HNWI,Night,Weekday,6.4,0.003601
8943a0205c7ffff,HNWI,Night,Weekend,4.181,0.00235255
8943a0205c7ffff,HNWI,Noon,Weekday,15.391,0.009595
8943a0205c7ffff,HNWI,Noon,Weekend,17.154,0.0106943
8943a0205c7ffff,HNWI,Other,Weekday,24.319,0.015547
8943a0205c7ffff,HNWI,Other,Weekend,18.857,0.0120554
8943a0205c7ffff,Potential Car Buyers,After noon,Weekday,16.828,0.010553
8943a0205c7ffff,Potential Car Buyers,After noon,Weekend,13.412,0.00841105
8943a0205c7ffff,Potential Car Buyers,Morning,Weekday,13.693,0.008463
8943a0205c7ffff,Potential Car Buyers,Morning,Weekend,13.748,0.0084969
8943a0205c7ffff,Potential Car Buyers,Night,Weekday,1.72,0.000481
8943a0205c7ffff,Potential Car Buyers,Night,Weekend,1.151,0.000321751
8943a0205c7ffff,Potential Car Buyers,Noon,Weekday,9.943,0.005963
8943a0205c7ffff,Potential Car Buyers,Noon,Weekend,10.221,0.00612985
8943a0205c7ffff,Potential Car Buyers,Other,Weekday,19.639,0.012427
8943a0205c7ffff,Potential Car Buyers,Other,Weekend,17.083,0.0108094
8943a0205cbffff,Families,After noon,Weekday,6.823,0.003883
8943a0205cbffff,Families,After noon,Weekend,6.596,0.00375408
8943a0205cbffff,Families,Morning,Weekday,23.677,0.015119
8943a0205cbffff,Families,Morning,Weekend,21.679,0.0138435
8943a0205cbffff,Families,Night,Weekday,6.088,0.003393
8943a0205cbffff,Families,Night,Weekend,8.6,0.00479291
8943a0205cbffff,Families,Noon,Weekday,9.463,0.005643
8943a0205cbffff,Families,Noon,Weekend,6.853,0.00408645
8943a0205cbffff,Families,Other,Weekday,24.007,0.015339
8943a0205cbffff,Families,Other,Weekend,23.89,0.0152645
8943a0205cbffff,HNWI,After noon,Weekday,22.378,0.014253
8943a0205cbffff,HNWI,After noon,Weekend,19.621,0.0124971
8943a0205cbffff,HNWI,Morning,Weekday,29.707,0.019139
8943a0205cbffff,HNWI,Morning,Weekend,23.099,0.0148816
8943a0205cbffff,HNWI,Night,Weekday,21.643,0.013763
8943a0205cbffff,HNWI,Night,Weekend,26.392,0.0167832
8943a0205cbffff,HNWI,Noon,Weekday,21.109,0.013407
8943a0205cbffff,HNWI,Noon,Weekend,30.177,0.0191665
8943a0205cbffff,HNWI,Other,Weekday,9.562,0.005709
8943a0205cbffff,HNWI,Other,Weekend,9.102,0.00543407
8943a0205cbffff,Potential Car Buyers,After noon,Weekday,29.428,0.018953
8943a0205cbffff,Potential Car Buyers,After noon,Weekend,34.437,0.0221792
8943a0205cbffff,Potential Car Buyers,Morning,Weekday,16.282,0.010189
8943a0205cbffff,Potential Car Buyers,Morning,Weekend,15.115,0.00945892
8943a0205cbffff,Potential Car Buyers,Night,Weekday,9.157,0.005439
8943a0205cbffff,Potential Car Buyers,Night,Weekend,11.502,0.00683166
8943a0205cbffff,Potential Car Buyers,Noon,Weekday,12.532,0.007689
8943a0205cbffff,Potential Car Buyers,Noon,Weekend,11.493,0.00705129
8943a0205cbffff,Potential Car Buyers,Other,Weekday,27.076,0.017385
8943a0205cbffff,Potential Car Buyers,Other,Weekend,30.873,0.0198228
8943a020687ffff,Families,After noon,Weekday,19.78,0.012521
8943a020687ffff,Families,After noon,Weekend,22.936,0.0145187
8943a020687ffff,Families,Morning,Weekday,6.634,0.003757
8943a020687ffff,Families,Morning,Weekend,4.308,0.00243954
8943a020687ffff,Families,Night,Weekday,19.045,0.012031
8943a020687ffff,Families,Night,Weekend,12.553,0.00792969
8943a020687ffff,Families,Noon,Weekday,27.268,0.017513
8943a020687ffff,Families,Noon,Weekend,22.432,0.0144068
8943a020687ffff,Families,Other,Weekday,6.964,0.003977
8943a020687ffff,Families,Other,Weekend,4.967,0.00283683
8943a020687ffff,HNWI,After noon,Weekday,5.335,0.002891
8943a020687ffff,HNWI,After noon,Weekend,5.976,0.00323814
8943a020687ffff,HNWI,Morning,Weekday,12.664,0.007777
8943a020687ffff,HNWI,Morning,Weekend,14.536,0.00892645
8943a020687ffff,HNWI,Night,Weekday,4.6,0.002401
8943a020687ffff,HNWI,Night,Weekend,2.987,0.00155932
8943a020687ffff,HNWI,Noon,Weekday,8.914,0.005277
8943a020687ffff,HNWI,Noon,Weekend,8.238,0.0048769
8943a020687ffff,HNWI,Other,Weekday,22.519,0.014347
8943a020687ffff,HNWI,Other,Weekend,22.952,0.014623
8943a020687ffff,Potential Car Buyers,After noon,Weekday,18.652,0.011769
8943a020687ffff,Potential Car Buyers,After noon,Weekend,14.304,0.00902554
8943a020687ffff,Potential Car Buyers,Morning,Weekday,25.981,0.016655
8943a020687ffff,Potential Car Buyers,Morning,Weekend,16.211,0.0103922
8943a020687ffff,Potential Car Buyers,Night,Weekday,8.392,0.004929
8943a020687ffff,Potential Car Buyers,Night,Weekend,7.832,0.00459997
8943a020687ffff,Potential Car Buyers,Noon,Weekday,17.383,0.010923
8943a020687ffff,Potential Car Buyers,Noon,Weekend,10.232,0.00642968
8943a020687ffff,Potential Car Buyers,Other,Weekday,26.311,0.016875
8943a020687ffff,Potential Car Buyers,Other,Weekend,37.211,0.023866
8943a0206afffff,Families,After noon,Weekday,22.195,0.014131
8943a0206afffff,Families,After noon,Weekend,30.245,0.019256
8943a0206afffff,Families,Morning,Weekday,29.524,0.019017
8943a0206afffff,Families,Morning,Weekend,29.57,0.0190469
8943a0206afffff,Families,Night,Weekday,11.935,0.007291
8943a0206afffff,Families,Night,Weekend,7.052,0.00430805
8943a0206afffff,Families,Noon,Weekday,20.926,0.013285
8943a0206afffff,Families,Noon,Weekend,25.789,0.0163721
8943a0206afffff,Families,Other,Weekday,29.854,0.019237
8943a0206afffff,Families,Other,Weekend,35.428,0.022829
8943a0206afffff,HNWI,After noon,Weekday,3.841,0.001895
8943a0206afffff,HNWI,After noon,Weekend,4.612,0.00227538
8943a0206afffff,HNWI,Morning,Weekday,6.322,0.003549
8943a0206afffff,HNWI,Morning,Weekend,6.728,0.00377695
8943a0206afffff,HNWI,Night,Weekday,3.106,0.001405
8943a0206afffff,HNWI,Night,Weekend,2.494,0.00112798
8943a0206afffff,HNWI,Noon,Weekday,16.945,0.010631
8943a0206afffff,HNWI,Noon,Weekend,24.158,0.0151564
8943a0206afffff,HNWI,Other,Weekday,21.025,0.013351
8943a0206afffff,HNWI,Other,Weekend,23.779,0.0150997
8943a0206afffff,Potential Car Buyers,After noon,Weekday,17.158,0.010773
8943a0206afffff,Potential Car Buyers,After noon,Weekend,10.675,0.00670259
8943a0206afffff,Potential Car Buyers,Morning,Weekday,19.639,0.012427
8943a0206afffff,Potential Car Buyers,Morning,Weekend,22.103,0.0139862
8943a0206afffff,Potential Car Buyers,Night,Weekday,16.423,0.010283
8943a0206afffff,Potential Car Buyers,Night,Weekend,16.364,0.0102459
8943a0206afffff,Potential Car Buyers,Noon,Weekday,15.889,0.009927
8943a0206afffff,Potential Car Buyers,Noon,Weekend,12.6,0.00787219
8943a0206afffff,Potential Car Buyers,Other,Weekday,4.342,0.002229
8943a0206afffff,Potential Car Buyers,Other,Weekend,4.964,0.00254843
8943a0206b3ffff,Families,After noon,Weekday,12.394,0.007597
8943a0206b3ffff,Families,After noon,Weekend,14.156,0.00867707
8943a0206b3ffff,Families,Morning,Weekday,19.723,0.012483
8943a0206b3ffff,Families,Morning,Weekend,27.125,0.0171676
8943a0206b3ffff,Families,Night,Weekday,16.507,0.010339
8943a0206b3ffff,Families,Night,Weekend,12.079,0.0075657
8943a0206b3ffff,Families,Noon,Weekday,25.498,0.016333
8943a0206b3ffff,Families,Noon,Weekend,30.471,0.0195183
8943a0206b3ffff,Families,Other,Weekday,29.578,0.019053
8943a0206b3ffff,Families,Other,Weekend,32.23,0.0207614
8943a0206b3ffff,HNWI,After noon,Weekday,2.797,0.001199
8943a0206b3ffff,HNWI,After noon,Weekend,2.505,0.00107387
8943a0206b3ffff,HNWI,Morning,Weekday,5.278,0.002853
8943a0206b3ffff,HNWI,Morning,Weekend,7.58,0.00409728
8943a0206b3ffff,HNWI,Night,Weekday,7.678,0.004453
8943a0206b3ffff,HNWI,Night,Weekend,4.905,0.00284493
8943a0206b3ffff,HNWI,Noon,Weekday,1.528,0.000353
8943a0206b3ffff,HNWI,Noon,Weekend,2.04,0.000471357
8943a0206b3ffff,HNWI,Other,Weekday,25.597,0.016399
8943a0206b3ffff,HNWI,Other,Weekend,28.006,0.0179426
8943a0206b3ffff,Potential Car Buyers,After noon,Weekday,15.463,0.009643
8943a0206b3ffff,Potential Car Buyers,After noon,Weekend,14.193,0.00885074
8943a0206b3ffff,Potential Car Buyers,Morning,Weekday,2.317,0.000879
8943a0206b3ffff,Potential Car Buyers,Morning,Weekend,2.191,0.000831149
8943a0206b3ffff,Potential Car Buyers,Night,Weekday,14.728,0.009153
8943a0206b3ffff,Potential Car Buyers,Night,Weekend,17.682,0.0109885
8943a0206b3ffff,Potential Car Buyers,Noon,Weekday,18.103,0.011403
8943a0206b3ffff,Potential Car Buyers,Noon,Weekend,18.782,0.0118305
8943a0206b3ffff,Potential Car Buyers,Other,Weekday,2.647,0.001099
8943a0206b3ffff,Potential Car Buyers,Other,Weekend,3.672,0.0015244
8943a021593ffff,Families,After noon,Weekday,15.61,0.009741
8943a021593ffff,Families,After noon,Weekend,9.883,0.00616723
8943a021593ffff,Families,Morning,Weekday,12.475,0.007651
8943a021593ffff,Families,Morning,Weekend,13.69,0.00839618
8943a021593ffff,Families,Night,Weekday,14.875,0.009251
8943a021593ffff,Families,Night,Weekend,10.588,0.0065851
8943a021593ffff,Families,Noon,Weekday,8.725,0.005151
8943a021593ffff,Families,Noon,Weekend,7.574,0.00447132
8943a021593ffff,Families,Other,Weekday,2.794,0.001197
8943a021593ffff,Families,Other,Weekend,1.769,0.000757849
8943a021593ffff,HNWI,After noon,Weekday,10.405,0.006271
8943a021593ffff,HNWI,After noon,Weekend,11.291,0.00680509
8943a021593ffff,HNWI,Morning,Weekday,21.643,0.013763
8943a021593ffff,HNWI,Morning,Weekend,13.743,0.00873911
8943a021593ffff,HNWI,Night,Weekday,9.67,0.005781
8943a021593ffff,HNWI,Night,Weekend,7.731,0.00462168
8943a021593ffff,HNWI,Noon,Weekday,17.893,0.011263
8943a021593ffff,HNWI,Noon,Weekend,24.296,0.0152932
8943a021593ffff,HNWI,Other,Weekday,27.589,0.017727
8943a021593ffff,HNWI,Other,Weekend,20.209,0.0129851
8943a021593ffff,Potential Car Buyers,After noon,Weekday,8.215,0.004811
8943a021593ffff,Potential Car Buyers,After noon,Weekend,9.282,0.00543588
8943a021593ffff,Potential Car Buyers,Morning,Weekday,15.544,0.009697
8943a021593ffff,Potential Car Buyers,Morning,Weekend,12.352,0.00770582
8943a021593ffff,Potential Car Buyers,Night,Weekday,17.944,0.011297
8943a021593ffff,Potential Car Buyers,Night,Weekend,17.83,0.0112251
8943a021593ffff,Potential Car Buyers,Noon,Weekday,11.794,0.007197
8943a021593ffff,Potential Car Buyers,Noon,Weekend,8.149,0.00497294
8943a021593ffff,Potential Car Buyers,Other,Weekday,5.863,0.003243
8943a021593ffff,Potential Car Buyers,Other,Weekend,6.633,0.00366878
8943a0215a3ffff,Families,After noon,Weekday,28.108,0.018073
8943a0215a3ffff,Families,After noon,Weekend,18.146,0.0116677
8943a0215a3ffff,Families,Morning,Weekday,14.962,0.009309
8943a0215a3ffff,Families,Morning,Weekend,11.938,0.00742768
8943a0215a3ffff,Families,Night,Weekday,2.989,0.001327
8943a0215a3ffff,Families,Night,Weekend,1.766,0.000784023
8943a0215a3ffff,Families,Noon,Weekday,11.212,0.006809
8943a0215a3ffff,Families,Noon,Weekend,6.349,0.00385568
8943a0215a3ffff,Families,Other,Weekday,20.908,0.013273
8943a0215a3ffff,Families,Other,Weekend,24.216,0.0153728
8943a0215a3ffff,HNWI,After noon,Weekday,19.279,0.012187
8943a0215a3ffff,HNWI,After noon,Weekend,18.992,0.0120054
8943a0215a3ffff,HNWI,Morning,Weekday,26.608,0.017073
8943a0215a3ffff,HNWI,Morning,Weekend,36.371,0.0233372
8943a0215a3ffff,HNWI,Night,Weekday,18.544,0.011697
8943a0215a3ffff,HNWI,Night,Weekend,17.554,0.0110723
8943a0215a3ffff,HNWI,Noon,Weekday,18.01,0.011341
8943a0215a3ffff,HNWI,Noon,Weekend,14.942,0.0094092
8943a0215a3ffff,HNWI,Other,Weekday,6.463,0.003643
8943a0215a3ffff,HNWI,Other,Weekend,6.175,0.00348089
8943a0215a3ffff,Potential Car Buyers,After noon,Weekday,26.329,0.016887
8943a0215a3ffff,Potential Car Buyers,After noon,Weekend,24.914,0.0159792
8943a0215a3ffff,Potential Car Buyers,Morning,Weekday,13.183,0.008123
8943a0215a3ffff,Potential Car Buyers,Morning,Weekend,13.392,0.00825191
8943a0215a3ffff,Potential Car Buyers,Night,Weekday,25.594,0.016397
8943a0215a3ffff,Potential Car Buyers,Night,Weekend,34.697,0.0222288
8943a0215a3ffff,Potential Car Buyers,Noon,Weekday,9.433,0.005623
8943a0215a3ffff,Potential Car Buyers,Noon,Weekend,6.35,0.00378526
8943a0215a3ffff,Potential Car Buyers,Other,Weekday,13.513,0.008343
8943a0215a3ffff,Potential Car Buyers,Other,Weekend,12.019,0.00742079
8943a021c9bffff,Families,After noon,Weekday,16.672,0.010449
8943a021c9bffff,Families,After noon,Weekend,22.372,0.0140213
8943a021c9bffff,Families,Morning,Weekday,24.001,0.015335
8943a021c9bffff,Families,Morning,Weekend,28.072,0.0179361
8943a021c9bffff,Families,Night,Weekday,6.412,0.003609
8943a021c9bffff,Families,Night,Weekend,8.706,0.00490005
8943a021c9bffff,Families,Noon,Weekday,9.787,0.005859
8943a021c9bffff,Families,Noon,Weekend,5.796,0.00346994
8943a021c9bffff,Families,Other,Weekday,24.331,0.015555
8943a021c9bffff,Families,Other,Weekend,23.386,0.0149508
8943a021c9bffff,HNWI,After noon,Weekday,22.702,0.014469
8943a021c9bffff,HNWI,After noon,Weekend,13.075,0.00833298
8943a021c9bffff,HNWI,Morning,Weekday,30.031,0.019355
8943a021c9bffff,HNWI,Morning,Weekend,26.642,0.0171707
8943a021c9bffff,HNWI,Night,Weekday,21.967,0.013979
8943a021c9bffff,HNWI,Night,Weekend,23.847,0.0151755
8943a021c9bffff,HNWI,Noon,Weekday,5.806,0.003205
8943a021c9bffff,HNWI,Noon,Weekend,6.558,0.00362025
8943a021c9bffff,HNWI,Other,Weekday,9.886,0.005925
8943a021c9bffff,HNWI,Other,Weekend,11.285,0.00676349
8943a021c9bffff,Potential Car Buyers,After noon,Weekday,14.125,0.008751
8943a021c9bffff,Potential Car Buyers,After noon,Weekend,16.979,0.0105191
8943a021c9bffff,Potential Car Buyers,Morning,Weekday,16.606,0.010405
8943a021c9bffff,Potential Car Buyers,Morning,Weekend,16.897,0.010587
8943a021c9bffff,Potential Car Buyers,Night,Weekday,4.633,0.002423
8943a021c9bffff,Potential Car Buyers,Night,Weekend,3.368,0.00176162
8943a021c9bffff,Potential Car Buyers,Noon,Weekday,12.856,0.007905
8943a021c9bffff,Potential Car Buyers,Noon,Weekend,15.432,0.00948918
8943a021c9bffff,Potential Car Buyers,Other,Weekday,22.552,0.014369
8943a021c9bffff,Potential Car Buyers,Other,Weekend,14.718,0.0093774
8943a022013ffff,Families,After noon,Weekday,25.702,0.016469
8943a022013ffff,Families,After noon,Weekend,37.177,0.0238219
8943a022013ffff,Families,Morning,Weekday,12.556,0.007705
8943a022013ffff,Families,Morning,Weekend,14.795,0.00907921
8943a022013ffff,Families,Night,Weekday,24.967,0.015979
8943a022013ffff,Families,Night,Weekend,25.993,0.0166353
8943a022013ffff,Families,Noon,Weekday,28.342,0.018229
8943a022013ffff,Families,Noon,Weekend,34.608,0.0222594
8943a022013ffff,Families,Other,Weekday,12.886,0.007925
8943a022013ffff,Families,Other,Weekend,13.36,0.00821649
8943a022013ffff,HNWI,After noon,Weekday,11.257,0.006839
8943a022013ffff,HNWI,After noon,Weekend,13.054,0.00793075
8943a022013ffff,HNWI,Morning,Weekday,13.738,0.008493
8943a022013ffff,HNWI,Morning,Weekend,16.505,0.0102035
8943a022013ffff,HNWI,Night,Weekday,10.522,0.006349
8943a022013ffff,HNWI,Night,Weekend,13.864,0.00836534
8943a022013ffff,HNWI,Noon,Weekday,9.988,0.005993
8943a022013ffff,HNWI,Noon,Weekend,13.994,0.00839667
8943a022013ffff,HNWI,Other,Weekday,28.441,0.018295
8943a022013ffff,HNWI,Other,Weekend,20.2,0.0129941
8943a022013ffff,Potential Car Buyers,After noon,Weekday,27.832,0.017889
8943a022013ffff,Potential Car Buyers,After noon,Weekend,31.722,0.0203892
8943a022013ffff,Potential Car Buyers,Morning,Weekday,5.161,0.002775
8943a022013ffff,Potential Car Buyers,Morning,Weekend,5.744,0.00308872
8943a022013ffff,Potential Car Buyers,Night,Weekday,23.188,0.014793
8943a022013ffff,Potential Car Buyers,Night,Weekend,15.284,0.0097504
8943a022013ffff,Potential Car Buyers,Noon,Weekday,1.411,0.000275
8943a022013ffff,Potential Car Buyers,Noon,Weekend,1.25,0.000243631
8943a022013ffff,Potential Car Buyers,Other,Weekday,11.107,0.006739
8943a022013ffff,Potential Car Buyers,Other,Weekend,15.65,0.00949554
8943a02204bffff,Families,After noon,Weekday,2.308,0.000873
8943a02204bffff,Families,After noon,Weekend,3.295,0.00124628
8943a02204bffff,Families,Morning,Weekday,9.637,0.005759
8943a02204bffff,Families,Morning,Weekend,10.343,0.00618066
8943a02204bffff,Families,Night,Weekday,1.573,0.000383
8943a02204bffff,Families,Night,Weekend,2.007,0.000488754
8943a02204bffff,Families,Noon,Weekday,15.412,0.009609
8943a02204bffff,Families,Noon,Weekend,21.856,0.0136269
8943a02204bffff,Families,Other,Weekday,19.492,0.012329
8943a02204bffff,Families,Other,Weekend,14.942,0.00945129
8943a02204bffff,HNWI,After noon,Weekday,28.327,0.018219
8943a02204bffff,HNWI,After noon,Weekend,34.41,0.0221311
8943a02204bffff,HNWI,Morning,Weekday,30.808,0.019873
8943a02204bffff,HNWI,Morning,Weekend,18.084,0.0116653
8943a02204bffff,HNWI,Night,Weekday,13.219,0.008147
8943a02204bffff,HNWI,Night,Weekend,9.425,0.0058088
8943a02204bffff,HNWI,Noon,Weekday,27.058,0.017373
8943a02204bffff,HNWI,Noon,Weekend,37.394,0.0240094
8943a02204bffff,HNWI,Other,Weekday,1.138,9.3e-05
8943a02204bffff,HNWI,Other,Weekend,1.005,8.21388e-05
8943a02204bffff,Potential Car Buyers,After noon,Weekday,5.377,0.002919
8943a02204bffff,Potential Car Buyers,After noon,Weekend,3.257,0.00176788
8943a02204bffff,Potential Car Buyers,Morning,Weekday,7.858,0.004573
8943a02204bffff,Potential Car Buyers,Morning,Weekend,6.208,0.00361273
8943a02204bffff,Potential Car Buyers,Night,Weekday,4.642,0.002429
8943a02204bffff,Potential Car Buyers,Night,Weekend,5.34,0.00279449
8943a02204bffff,Potential Car Buyers,Noon,Weekday,13.633,0.008423
8943a02204bffff,Potential Car Buyers,Noon,Weekend,8.543,0.00527795
8943a02204bffff,Potential Car Buyers,Other,Weekday,22.561,0.014375
8943a02204bffff,Potential Car Buyers,Other,Weekend,13.153,0.00838087
8943a022077ffff,Families,After noon,Weekday,25.789,0.016527
8943a022077ffff,Families,After noon,Weekend,21.512,0.0137863
8943a022077ffff,Families,Morning,Weekday,28.27,0.018181
8943a022077ffff,Families,Morning,Weekend,20.828,0.013395
8943a022077ffff,Families,Night,Weekday,10.681,0.006455
8943a022077ffff,Families,Night,Weekend,12.089,0.00730582
8943a022077ffff,Families,Noon,Weekday,24.52,0.015681
8943a022077ffff,Families,Noon,Weekend,19.664,0.0125754
8943a022077ffff,Families,Other,Weekday,28.6,0.018401
8943a022077ffff,Families,Other,Weekend,40.122,0.0258144
8943a022077ffff,HNWI,After noon,Weekday,7.435,0.004291
8943a022077ffff,HNWI,After noon,Weekend,8.858,0.00511218
8943a022077ffff,HNWI,Morning,Weekday,9.916,0.005945
8943a022077ffff,HNWI,Morning,Weekend,9.928,0.00595192
8943a022077ffff,HNWI,Night,Weekday,6.7,0.003801
8943a022077ffff,HNWI,Night,Weekend,6.627,0.00375931
8943a022077ffff,HNWI,Noon,Weekday,10.075,0.006051
8943a022077ffff,HNWI,Noon,Weekend,12.317,0.00739725
8943a022077ffff,HNWI,Other,Weekday,24.619,0.015747
8943a022077ffff,HNWI,Other,Weekend,14.44,0.00923646
8943a022077ffff,Potential Car Buyers,After noon,Weekday,24.01,0.015341
8943a022077ffff,Potential Car Buyers,After noon,Weekend,21.599,0.0138006
8943a022077ffff,Potential Car Buyers,Morning,Weekday,1.339,0.000227
8943a022077ffff,Potential Car Buyers,Morning,Weekend,1.845,0.000312723
8943a022077ffff,Potential Car Buyers,Night,Weekday,13.75,0.008501
8943a022077ffff,Potential Car Buyers,Night,Weekend,16.06,0.009929
8943a022077ffff,Potential Car Buyers,Noon,Weekday,27.589,0.017727
8943a022077ffff,Potential Car Buyers,Noon,Weekend,35.174,0.0226005
8943a022077ffff,Potential Car Buyers,Other,Weekday,1.669,0.000447
8943a022077ffff,Potential Car Buyers,Other,Weekend,1.604,0.000429535
8943a02214bffff,Families,After noon,Weekday,28.327,0.018219
8943a02214bffff,Families,After noon,Weekend,21.135,0.0135937
8943a02214bffff,Families,Morning,Weekday,5.656,0.003105
8943a02214bffff,Families,Morning,Weekend,4.643,0.00254863
8943a02214bffff,Families,Night,Weekday,27.592,0.017729
8943a02214bffff,Families,Night,Weekend,35.131,0.0225734
8943a02214bffff,Families,Noon,Weekday,30.967,0.019979
8943a02214bffff,Families,Noon,Weekend,29.985,0.0193452
8943a02214bffff,Families,Other,Weekday,15.511,0.009675
8943a02214bffff,Families,Other,Weekend,11.211,0.00699315
8943a02214bffff,HNWI,After noon,Weekday,13.882,0.008589
8943a02214bffff,HNWI,After noon,Weekend,17.511,0.0108345
8943a02214bffff,HNWI,Morning,Weekday,21.211,0.013475
8943a02214bffff,HNWI,Morning,Weekend,26.098,0.0165794
8943a02214bffff,HNWI,Night,Weekday,13.147,0.008099
8943a02214bffff,HNWI,Night,Weekend,12.765,0.00786363
8943a02214bffff,HNWI,Noon,Weekday,12.613,0.007743
8943a02214bffff,HNWI,Noon,Weekend,16.858,0.0103488
8943a02214bffff,HNWI,Other,Weekday,1.066,4.5e-05
8943a02214bffff,HNWI,Other,Weekend,0.897,3.7866e-05
8943a02214bffff,Potential Car Buyers,After noon,Weekday,27.199,0.017467
8943a02214bffff,Potential Car Buyers,After noon,Weekend,18.228,0.0117061
8943a02214bffff,Potential Car Buyers,Morning,Weekday,4.528,0.002353
8943a02214bffff,Potential Car Buyers,Morning,Weekend,4.474,0.002325
8943a02214bffff,Potential Car Buyers,Night,Weekday,16.939,0.010627
8943a02214bffff,Potential Car Buyers,Night,Weekend,16.547,0.0103812
8943a02214bffff,Potential Car Buyers,Noon,Weekday,25.93,0.016621
8943a02214bffff,Potential Car Buyers,Noon,Weekend,37.239,0.0238698
8943a02214bffff,Potential Car Buyers,Other,Weekday,4.858,0.002573
8943a02214bffff,Potential Car Buyers,Other,Weekend,4.118,0.00218084
8943a0221b7ffff,Families,After noon,Weekday,7.993,0.004663
8943a0221b7ffff,Families,After noon,Weekend,10.356,0.00604131
8943a0221b7ffff,Families,Morning,Weekday,15.322,0.009549
8943a0221b7ffff,Families,Morning,Weekend,19.109,0.0119089
8943a0221b7ffff,Families,Night,Weekday,27.733,0.017823
8943a0221b7ffff,Families,Night,Weekend,38.036,0.0244443
8943a0221b7ffff,Families,Noon,Weekday,1.108,7.3e-05
8943a0221b7ffff,Families,Noon,Weekend,1.016,6.69408e-05
8943a0221b7ffff,Families,Other,Weekday,15.652,0.009769
8943a0221b7ffff,Families,Other,Weekend,15.453,0.00964457
8943a0221b7ffff,HNWI,After noon,Weekday,14.023,0.008683
8943a0221b7ffff,HNWI,After noon,Weekend,19.26,0.011926
8943a0221b7ffff,HNWI,Morning,Weekday,16.504,0.010337
8943a0221b7ffff,HNWI,Morning,Weekend,9.825,0.00615353
8943a0221b7ffff,HNWI,Night,Weekday,18.904,0.011937
8943a0221b7ffff,HNWI,Night,Weekend,16.497,0.0104173
8943a0221b7ffff,HNWI,Noon,Weekday,22.279,0.014187
8943a0221b7ffff,HNWI,Noon,Weekend,17.4,0.01108
8943a0221b7ffff,HNWI,Other,Weekday,1.207,0.000139
8943a0221b7ffff,HNWI,Other,Weekend,1.029,0.000118543
8943a0221b7ffff,Potential Car Buyers,After noon,Weekday,11.062,0.006709
8943a0221b7ffff,Potential Car Buyers,After noon,Weekend,11.893,0.00721299
8943a0221b7ffff,Potential Car Buyers,Morning,Weekday,13.543,0.008363
8943a0221b7ffff,Potential Car Buyers,Morning,Weekend,13.734,0.00848099
8943a0221b7ffff,Potential Car Buyers,Night,Weekday,25.954,0.016637
8943a0221b7ffff,Potential Car Buyers,Night,Weekend,28.955,0.0185606
8943a0221b7ffff,Potential Car Buyers,Noon,Weekday,4.177,0.002119
8943a0221b7ffff,Potential Car Buyers,Noon,Weekend,5.236,0.00265627
8943a0221b7ffff,Potential Car Buyers,Other,Weekday,13.873,0.008583
8943a0221b7ffff,Potential Car Buyers,Other,Weekend,13.693,0.00847184
8943a02220bffff,Families,After noon,Weekday,23.224,0.014817
8943a02220bffff,Families,After noon,Weekend,13.503,0.00861491
8943a02220bffff,Families,Morning,Weekday,25.705,0.016471
8943a02220bffff,Families,Morning,Weekend,30.838,0.0197601
8943a02220bffff,Families,Night,Weekday,22.489,0.014327
8943a02220bffff,Families,Night,Weekend,29.17,0.0185832
8943a02220bffff,Families,Noon,Weekday,16.339,0.010227
8943a02220bffff,Families,Noon,Weekend,11.367,0.00711482
8943a02220bffff,Families,Other,Weekday,10.408,0.006273
8943a02220bffff,Families,Other,Weekend,14.763,0.00889755
8943a02220bffff,HNWI,After noon,Weekday,8.779,0.005187
8943a02220bffff,HNWI,After noon,Weekend,10.218,0.00603742
8943a02220bffff,HNWI,Morning,Weekday,11.26,0.006841
8943a02220bffff,HNWI,Morning,Weekend,8.798,0.00534535
8943a02220bffff,HNWI,Night,Weekday,23.671,0.015115
8943a02220bffff,HNWI,Night,Weekend,27.187,0.0173599
8943a02220bffff,HNWI,Noon,Weekday,7.51,0.004341
8943a02220bffff,HNWI,Noon,Weekend,6.945,0.00401452
8943a02220bffff,HNWI,Other,Weekday,11.59,0.007061
8943a02220bffff,HNWI,Other,Weekend,9.117,0.00555465
8943a02220bffff,Potential Car Buyers,After noon,Weekday,2.68,0.001121
8943a02220bffff,Potential Car Buyers,After noon,Weekend,1.536,0.00064233
8943a02220bffff,Potential Car Buyers,Morning,Weekday,19.534,0.012357
8943a02220bffff,Potential Car Buyers,Morning,Weekend,20.424,0.0129197
8943a02220bffff,Potential Car Buyers,Night,Weekday,1.945,0.000631
8943a02220bffff,Potential Car Buyers,Night,Weekend,1.132,0.000367214
8943a02220bffff,Potential Car Buyers,Noon,Weekday,10.936,0.006625
8943a02220bffff,Potential Car Buyers,Noon,Weekend,12.415,0.00752089
8943a02220bffff,Potential Car Buyers,Other,Weekday,19.864,0.012577
8943a02220bffff,Potential Car Buyers,Other,Weekend,19.149,0.0121244
8943a02228bffff,Families,After noon,Weekday,14.401,0.008935
8943a02228bffff,Families,After noon,Weekend,13.606,0.0084415
8943a02228bffff,Families,Morning,Weekday,11.266,0.006845
8943a02228bffff,Families,Morning,Weekend,6.864,0.00417032
8943a02228bffff,Families,Night,Weekday,29.293,0.018863
8943a02228bffff,Families,Night,Weekend,23.76,0.0153
8943a02228bffff,Families,Noon,Weekday,7.516,0.004345
8943a02228bffff,Families,Noon,Weekend,9.431,0.00545193
8943a02228bffff,Families,Other,Weekday,17.212,0.010809
8943a02228bffff,Families,Other,Weekend,15.415,0.00968063
8943a02228bffff,HNWI,After noon,Weekday,15.583,0.009723
8943a02228bffff,HNWI,After noon,Weekend,12.789,0.00797977
8943a02228bffff,HNWI,Morning,Weekday,2.437,0.000959
8943a02228bffff,HNWI,Morning,Weekend,1.674,0.000658692
8943a02228bffff,HNWI,Night,Weekday,14.848,0.009233
8943a02228bffff,HNWI,Night,Weekend,17.565,0.0109224
8943a02228bffff,HNWI,Noon,Weekday,28.687,0.018459
8943a02228bffff,HNWI,Noon,Weekend,39.814,0.0256185
8943a02228bffff,HNWI,Other,Weekday,2.767,0.001179
8943a02228bffff,HNWI,Other,Weekend,2.901,0.0012361
8943a02228bffff,Potential Car Buyers,After noon,Weekday,15.751,0.009835
8943a02228bffff,Potential Car Buyers,After noon,Weekend,11.572,0.00722554
8943a02228bffff,Potential Car Buyers,Morning,Weekday,2.605,0.001071
8943a02228bffff,Potential Car Buyers,Morning,Weekend,1.736,0.000713879
8943a02228bffff,Potential Car Buyers,Night,Weekday,15.016,0.009345
8943a02228bffff,Potential Car Buyers,Night,Weekend,17.035,0.0106013
8943a02228bffff,Potential Car Buyers,Noon,Weekday,24.007,0.015339
8943a02228bffff,Potential Car Buyers,Noon,Weekend,30.923,0.0197581
8943a02228bffff,Potential Car Buyers,Other,Weekday,2.935,0.001291
8943a02228bffff,Potential Car Buyers,Other,Weekend,3.38,0.00148665
8943a02231bffff,Families,After noon,Weekday,9.265,0.005511
8943a02231bffff,Families,After noon,Weekend,11.817,0.00702869
8943a02231bffff,Families,Morning,Weekday,11.746,0.007165
8943a02231bffff,Families,Morning,Weekend,11.854,0.00723103
8943a02231bffff,Families,Night,Weekday,14.146,0.008765
8943a02231bffff,Families,Night,Weekend,14.226,0.00881441
8943a02231bffff,Families,Noon,Weekday,7.996,0.004665
8943a02231bffff,Families,Noon,Weekend,6.219,0.0036284
8943a02231bffff,Families,Other,Weekday,26.449,0.016967
8943a02231bffff,Families,Other,Weekend,33.634,0.0215765
8943a02231bffff,HNWI,After noon,Weekday,4.06,0.002041
8943a02231bffff,HNWI,After noon,Weekend,3.757,0.00188852
8943a02231bffff,HNWI,Morning,Weekday,20.914,0.013277
8943a02231bffff,HNWI,Morning,Weekend,21.771,0.013821
8943a02231bffff,HNWI,Night,Weekday,8.941,0.005295
8943a02231bffff,HNWI,Night,Weekend,7.496,0.00443927
8943a02231bffff,HNWI,Noon,Weekday,17.164,0.010777
8943a02231bffff,HNWI,Noon,Weekend,13.52,0.00848874
8943a02231bffff,HNWI,Other,Weekday,21.244,0.013497
8943a02231bffff,HNWI,Other,Weekend,26.975,0.0171379
8943a02231bffff,Potential Car Buyers,After noon,Weekday,4.228,0.002153
8943a02231bffff,Potential Car Buyers,After noon,Weekend,4.534,0.00230901
8943a02231bffff,Potential Car Buyers,Morning,Weekday,21.082,0.013389
8943a02231bffff,Potential Car Buyers,Morning,Weekend,14.076,0.00893955
8943a02231bffff,Potential Car Buyers,Night,Weekday,3.493,0.001663
8943a02231bffff,Potential Car Buyers,Night,Weekend,4.68,0.00222789
8943a02231bffff,Potential Car Buyers,Noon,Weekday,12.484,0.007657
8943a02231bffff,Potential Car Buyers,Noon,Weekend,16.984,0.0104172
8943a02231bffff,Potential Car Buyers,Other,Weekday,21.412,0.013609
8943a02231bffff,Potential Car Buyers,Other,Weekend,28.042,0.017823
8943a02233bffff,Families,After noon,Weekday,29.716,0.019145
8943a02233bffff,Families,After noon,Weekend,39.545,0.0254775
8943a02233bffff,Families,Morning,Weekday,2.197,0.000799
8943a02233bffff,Families,Morning,Weekend,3.015,0.00109631
8943a02233bffff,Families,Night,Weekday,28.981,0.018655
8943a02233bffff,Families,Night,Weekend,18.086,0.0116422
8943a02233bffff,Families,Noon,Weekday,22.831,0.014555
8943a02233bffff,Families,Noon,Weekend,16.259,0.0103652
8943a02233bffff,Families,Other,Weekday,16.9,0.010601
8943a02233bffff,Families,Other,Weekend,18.205,0.0114197
8943a02233bffff,HNWI,After noon,Weekday,15.271,0.009515
8943a02233bffff,HNWI,After noon,Weekend,11.052,0.00688636
8943a02233bffff,HNWI,Morning,Weekday,17.752,0.011169
8943a02233bffff,HNWI,Morning,Weekend,19.283,0.0121321
8943a02233bffff,HNWI,Night,Weekday,5.011,0.002675
8943a02233bffff,HNWI,Night,Weekend,5.837,0.00311589
8943a02233bffff,HNWI,Noon,Weekday,14.002,0.008669
8943a02233bffff,HNWI,Noon,Weekend,14.195,0.00878866
8943a02233bffff,HNWI,Other,Weekday,18.082,0.011389
8943a02233bffff,HNWI,Other,Weekend,17.398,0.0109579
8943a02233bffff,Potential Car Buyers,After noon,Weekday,27.937,0.017959
8943a02233bffff,Potential Car Buyers,After noon,Weekend,40.12,0.0257905
8943a02233bffff,Potential Car Buyers,Morning,Weekday,29.65,0.019101
8943a02233bffff,Potential Car Buyers,Morning,Weekend,30.998,0.0199692
8943a02233bffff,Potential Car Buyers,Night,Weekday,27.202,0.017469
8943a02233bffff,Potential Car Buyers,Night,Weekend,16.573,0.0106433
8943a02233bffff,Potential Car Buyers,Noon,Weekday,21.052,0.013369
8943a02233bffff,Potential Car Buyers,Noon,Weekend,16.41,0.0104213
8943a02233bffff,Potential Car Buyers,Other,Weekday,15.121,0.009415
8943a02233bffff,Potential Car Buyers,Other,Weekend,18.931,0.0117874
8943a02235bffff,Families,After noon,Weekday,16.66,0.010441
8943a02235bffff,Families,After noon,Weekend,21.843,0.0136894
8943a02235bffff,Families,Morning,Weekday,23.989,0.015327
8943a02235bffff,Families,Morning,Weekend,29.401,0.0187849
8943a02235bffff,Families,Night,Weekday,15.925,0.009951
8943a02235bffff,Families,Night,Weekend,14.03,0.00876682
8943a02235bffff,Families,Noon,Weekday,9.775,0.005851
8943a02235bffff,Families,Noon,Weekend,6.02,0.00360368
8943a02235bffff,Families,Other,Weekday,3.844,0.001897
8943a02235bffff,Families,Other,Weekend,4.377,0.00216025
8943a02235bffff,HNWI,After noon,Weekday,7.063,0.004043
8943a02235bffff,HNWI,After noon,Weekend,7.684,0.00439876
8943a02235bffff,HNWI,Morning,Weekday,9.544,0.005697
8943a02235bffff,HNWI,Morning,Weekend,6.09,0.0036355
8943a02235bffff,HNWI,Night,Weekday,21.955,0.013971
8943a02235bffff,HNWI,Night,Weekend,29.75,0.0189314
8943a02235bffff,HNWI,Noon,Weekday,5.794,0.003197
8943a02235bffff,HNWI,Noon,Weekend,3.901,0.00215266
8943a02235bffff,HNWI,Other,Weekday,9.874,0.005917
8943a02235bffff,HNWI,Other,Weekend,6.844,0.00410127
8943a02235bffff,Potential Car Buyers,After noon,Weekday,19.729,0.012487
8943a02235bffff,Potential Car Buyers,After noon,Weekend,19.388,0.0122711
8943a02235bffff,Potential Car Buyers,Morning,Weekday,16.594,0.010397
8943a02235bffff,Potential Car Buyers,Morning,Weekend,19.837,0.0124288
8943a02235bffff,Potential Car Buyers,Night,Weekday,18.994,0.011997
8943a02235bffff,Potential Car Buyers,Night,Weekend,24.794,0.0156604
8943a02235bffff,Potential Car Buyers,Noon,Weekday,12.844,0.007897
8943a02235bffff,Potential Car Buyers,Noon,Weekend,8.82,0.00542311
8943a02235bffff,Potential Car Buyers,Other,Weekday,6.913,0.003943
8943a02235bffff,Potential Car Buyers,Other,Weekend,5.353,0.003053
8943a0223a3ffff,Families,After noon,Weekday,26.863,0.017243
8943a0223a3ffff,Families,After noon,Weekend,23.153,0.0148617
8943a0223a3ffff,Families,Morning,Weekday,13.717,0.008479
8943a0223a3ffff,Families,Morning,Weekend,11.224,0.00693791
8943a0223a3ffff,Families,Night,Weekday,26.128,0.016753
8943a0223a3ffff,Families,Night,Weekend,16.383,0.0105048
8943a0223a3ffff,Families,Noon,Weekday,29.503,0.019003
8943a0223a3ffff,Families,Noon,Weekend,40.285,0.0259477
8943a0223a3ffff,Families,Other,Weekday,14.047,0.008699
8943a0223a3ffff,Families,Other,Weekend,12.808,0.0079317
8943a0223a3ffff,HNWI,After noon,Weekday,12.418,0.007613
8943a0223a3ffff,HNWI,After noon,Weekend,9.223,0.00565451
8943a0223a3ffff,HNWI,Morning,Weekday,14.899,0.009267
8943a0223a3ffff,HNWI,Morning,Weekend,21.54,0.0133977
8943a0223a3ffff,HNWI,Night,Weekday,11.683,0.007123
8943a0223a3ffff,HNWI,Night,Weekend,13.436,0.0081915
8943a0223a3ffff,HNWI,Noon,Weekday,11.149,0.006767
8943a0223a3ffff,HNWI,Noon,Weekend,14.08,0.00854613
8943a0223a3ffff,HNWI,Other,Weekday,29.602,0.019069
8943a0223a3ffff,HNWI,Other,Weekend,34.768,0.0223971
8943a0223a3ffff,Potential Car Buyers,After noon,Weekday,9.457,0.005639
8943a0223a3ffff,Potential Car Buyers,After noon,Weekend,12.076,0.00720076
8943a0223a3ffff,Potential Car Buyers,Morning,Weekday,6.322,0.003549
8943a0223a3ffff,Potential Car Buyers,Morning,Weekend,8.156,0.00457836
8943a0223a3ffff,Potential Car Buyers,Night,Weekday,24.349,0.015567
8943a0223a3ffff,Potential Car Buyers,Night,Weekend,20.746,0.0132633
8943a0223a3ffff,Potential Car Buyers,Noon,Weekday,2.572,0.001049
8943a0223a3ffff,Potential Car Buyers,Noon,Weekend,1.732,0.000706469
8943a0223a3ffff,Potential Car Buyers,Other,Weekday,12.268,0.007513
8943a0223a3ffff,Potential Car Buyers,Other,Weekend,13.901,0.00851307
8943a022507ffff,Families,After noon,Weekday,24.823,0.015883
8943a022507ffff,Families,After noon,Weekend,22.874,0.0146357
8943a022507ffff,Families,Morning,Weekday,2.152,0.000769
8943a022507ffff,Families,Morning,Weekend,1.907,0.00068128
8943a022507ffff,Families,Night,Weekday,28.936,0.018625
8943a022507ffff,Families,Night,Weekend,22.58,0.0145339
8943a022507ffff,Families,Noon,Weekday,28.402,0.018269
8943a022507ffff,Families,Noon,Weekend,32.364,0.0208176
8943a022507ffff,Families,Other,Weekday,16.855,0.010571
8943a022507ffff,Families,Other,Weekend,12.43,0.00779546
8943a022507ffff,HNWI,After noon,Weekday,20.842,0.013229
8943a022507ffff,HNWI,After noon,Weekend,11.829,0.00750839
8943a022507ffff,HNWI,Morning,Weekday,23.323,0.014883
8943a022507ffff,HNWI,Morning,Weekend,30.398,0.0193975
8943a022507ffff,HNWI,Night,Weekday,10.582,0.006389
8943a022507ffff,HNWI,Night,Weekend,12.522,0.00756016
8943a022507ffff,HNWI,Noon,Weekday,19.573,0.012383
8943a022507ffff,HNWI,Noon,Weekend,20.291,0.0128373
8943a022507ffff,HNWI,Other,Weekday,23.653,0.015103
8943a022507ffff,HNWI,Other,Weekend,26.323,0.0168077
8943a022507ffff,Potential Car Buyers,After noon,Weekday,19.786,0.012525
8943a022507ffff,Potential Car Buyers,After noon,Weekend,22.38,0.0141671
8943a022507ffff,Potential Car Buyers,Morning,Weekday,27.115,0.017411
8943a022507ffff,Potential Car Buyers,Morning,Weekend,33.429,0.0214652
8943a022507ffff,Potential Car Buyers,Night,Weekday,19.051,0.012035
8943a022507ffff,Potential Car Buyers,Night,Weekend,15.266,0.00964394
8943a022507ffff,Potential Car Buyers,Noon,Weekday,2.89,0.001261
8943a022507ffff,Potential Car Buyers,Noon,Weekend,2.92,0.00127419
8943a022507ffff,Potential Car Buyers,Other,Weekday,6.97,0.003981
8943a022507ffff,Potential Car Buyers,Other,Weekend,4.436,0.00253364
8943a0228a3ffff,Families,After noon,Weekday,29.17,0.018781
8943a0228a3ffff,Families,After noon,Weekend,31.435,0.0202392
8943a0228a3ffff,Families,Morning,Weekday,1.651,0.000435
8943a0228a3ffff,Families,Morning,Weekend,1.914,0.000504308
8943a0228a3ffff,Families,Night,Weekday,28.435,0.018291
8943a0228a3ffff,Families,Night,Weekend,28.495,0.0183298
8943a0228a3ffff,Families,Noon,Weekday,22.285,0.014191
8943a0228a3ffff,Families,Noon,Weekend,27.153,0.0172906
8943a0228a3ffff,Families,Other,Weekday,16.354,0.010237
8943a0228a3ffff,Families,Other,Weekend,13.892,0.0086957
8943a0228a3ffff,HNWI,After noon,Weekday,14.725,0.009151
8943a0228a3ffff,HNWI,After noon,Weekend,17.809,0.0110677
8943a0228a3ffff,HNWI,Morning,Weekday,22.054,0.014037
8943a0228a3ffff,HNWI,Morning,Weekend,12.418,0.00790388
8943a0228a3ffff,HNWI,Night,Weekday,4.465,0.002311
8943a0228a3ffff,HNWI,Night,Weekend,4.76,0.0024638
8943a0228a3ffff,HNWI,Noon,Weekday,13.456,0.008305
8943a0228a3ffff,HNWI,Noon,Weekend,15.442,0.00953065
8943a0228a3ffff,HNWI,Other,Weekday,22.384,0.014257
8943a0228a3ffff,HNWI,Other,Weekend,24.642,0.0156953
8943a0228a3ffff,Potential Car Buyers,After noon,Weekday,21.775,0.013851
8943a0228a3ffff,Potential Car Buyers,After noon,Weekend,28.148,0.0179049
8943a0228a3ffff,Potential Car Buyers,Morning,Weekday,29.104,0.018737
8943a0228a3ffff,Potential Car Buyers,Morning,Weekend,34.749,0.0223713
8943a0228a3ffff,Potential Car Buyers,Night,Weekday,26.656,0.017105
8943a0228a3ffff,Potential Car Buyers,Night,Weekend,25.01,0.016049
8943a0228a3ffff,Potential Car Buyers,Noon,Weekday,20.506,0.013005
8943a0228a3ffff,Potential Car Buyers,Noon,Weekend,26.656,0.0169052
8943a0228a3ffff,Potential Car Buyers,Other,Weekday,14.575,0.009051
8943a0228a3ffff,Potential Car Buyers,Other,Weekend,17.669,0.0109722
8943a022a87ffff,Families,After noon,Weekday,5.368,0.002913
8943a022a87ffff,Families,After noon,Weekend,6.238,0.00338514
8943a022a87ffff,Families,Morning,Weekday,12.697,0.007799
8943a022a87ffff,Families,Morning,Weekend,7.423,0.00455933
8943a022a87ffff,Families,Night,Weekday,4.633,0.002423
8943a022a87ffff,Families,Night,Weekend,4.167,0.00217921
8943a022a87ffff,Families,Noon,Weekday,8.947,0.005299
8943a022a87ffff,Families,Noon,Weekend,12.707,0.00752583
8943a022a87ffff,Families,Other,Weekday,22.552,0.014369
8943a022a87ffff,Families,Other,Weekend,18.396,0.0117212
8943a022a87ffff,HNWI,After noon,Weekday,1.387,0.000259
8943a022a87ffff,HNWI,After noon,Weekend,1.897,0.000354221
8943a022a87ffff,HNWI,Morning,Weekday,3.868,0.001913
8943a022a87ffff,HNWI,Morning,Weekend,3.596,0.00177863
8943a022a87ffff,HNWI,Night,Weekday,16.279,0.010187
8943a022a87ffff,HNWI,Night,Weekend,18.643,0.0116663
8943a022a87ffff,HNWI,Noon,Weekday,24.502,0.015669
8943a022a87ffff,HNWI,Noon,Weekend,19.611,0.0125413
8943a022a87ffff,HNWI,Other,Weekday,4.198,0.002133
8943a022a87ffff,HNWI,Other,Weekend,5.979,0.00303774
8943a022a87ffff,Potential Car Buyers,After noon,Weekday,8.437,0.004959
8943a022a87ffff,Potential Car Buyers,After noon,Weekend,7.122,0.00418613
8943a022a87ffff,Potential Car Buyers,Morning,Weekday,15.766,0.009845
8943a022a87ffff,Potential Car Buyers,Morning,Weekend,15.599,0.00974045
8943a022a87ffff,Potential Car Buyers,Night,Weekday,7.702,0.004469
8943a022a87ffff,Potential Car Buyers,Night,Weekend,10.691,0.0062032
8943a022a87ffff,Potential Car Buyers,Noon,Weekday,7.168,0.004113
8943a022a87ffff,Potential Car Buyers,Noon,Weekend,8.819,0.00506047
8943a022a87ffff,Potential Car Buyers,Other,Weekday,25.621,0.016415
8943a022a87ffff,Potential Car Buyers,Other,Weekend,33.967,0.0217619
8943a022aabffff,Families,After noon,Weekday,27.496,0.017665
8943a022aabffff,Families,After noon,Weekend,21.976,0.0141186
8943a022aabffff,Families,Morning,Weekday,29.209,0.018807
8943a022aabffff,Families,Morning,Weekend,27.365,0.0176194
8943a022aabffff,Families,Night,Weekday,1.609,0.000407
8943a022aabffff,Families,Night,Weekend,1.882,0.000475957
8943a022aabffff,Families,Noon,Weekday,4.984,0.002657
8943a022aabffff,Families,Noon,Weekend,4.382,0.00233629
8943a022aabffff,Families,Other,Weekday,19.528,0.012353
8943a022aabffff,Families,Other,Weekend,12.51,0.0079138
8943a022aabffff,HNWI,After noon,Weekday,6.664,0.003777
8943a022aabffff,HNWI,After noon,Weekend,3.739,0.00211916
8943a022aabffff,HNWI,Morning,Weekday,8.377,0.004919
8943a022aabffff,HNWI,Morning,Weekend,10.486,0.00615731
8943a022aabffff,HNWI,Night,Weekday,26.404,0.016937
8943a022aabffff,HNWI,Night,Weekend,17.135,0.0109911
8943a022aabffff,HNWI,Noon,Weekday,29.779,0.019187
8943a022aabffff,HNWI,Noon,Weekend,26.458,0.0170471
8943a022aabffff,HNWI,Other,Weekday,14.323,0.008883
8943a022aabffff,HNWI,Other,Weekend,11.567,0.00717352
8943a022aabffff,Potential Car Buyers,After noon,Weekday,24.949,0.015967
8943a022aabffff,Potential Car Buyers,After noon,Weekend,29.581,0.0189311
8943a022aabffff,Potential Car Buyers,Morning,Weekday,27.43,0.017621
8943a022aabffff,Potential Car Buyers,Morning,Weekend,37.304,0.0239638
8943a022aabffff,Potential Car Buyers,Night,Weekday,29.83,0.019221
8943a022aabffff,Potential Car Buyers,Night,Weekend,20.184,0.0130058
8943a022aabffff,Potential Car Buyers,Noon,Weekday,8.053,0.004703
8943a022aabffff,Potential Car Buyers,Noon,Weekend,10.388,0.0060668
8943a022aabffff,Potential Car Buyers,Other,Weekday,12.133,0.007423
8943a022aabffff,Potential Car Buyers,Other,Weekend,16.967,0.0103802
8943a022acfffff,Families,After noon,Weekday,6.658,0.003773
8943a022acfffff,Families,After noon,Weekend,4.238,0.00240143
8943a022acfffff,Families,Morning,Weekday,23.512,0.015009
8943a022acfffff,Families,Morning,Weekend,21.121,0.0134824
8943a022acfffff,Families,Night,Weekday,5.923,0.003283
8943a022acfffff,Families,Night,Weekend,7.611,0.00421886
8943a022acfffff,Families,Noon,Weekday,14.914,0.009277
8943a022acfffff,Families,Noon,Weekend,19.976,0.012426
8943a022acfffff,Families,Other,Weekday,23.842,0.015229
8943a022acfffff,Families,Other,Weekend,26.787,0.0171104
8943a022acfffff,HNWI,After noon,Weekday,27.829,0.017887
8943a022acfffff,HNWI,After noon,Weekend,20.254,0.0130179
8943a022acfffff,HNWI,Morning,Weekday,5.158,0.002773
8943a022acfffff,HNWI,Morning,Weekend,6.191,0.00332832
8943a022acfffff,HNWI,Night,Weekday,27.094,0.017397
8943a022acfffff,HNWI,Night,Weekend,31.093,0.0199651
8943a022acfffff,HNWI,Noon,Weekday,20.944,0.013297
8943a022acfffff,HNWI,Noon,Weekend,24.195,0.0153613
8943a022acfffff,HNWI,Other,Weekday,15.013,0.009343
8943a022acfffff,HNWI,Other,Weekend,12.397,0.00771483
8943a022acfffff,Potential Car Buyers,After noon,Weekday,4.879,0.002587
8943a022acfffff,Potential Car Buyers,After noon,Weekend,7.05,0.00373819
8943a022acfffff,Potential Car Buyers,Morning,Weekday,21.733,0.013823
8943a022acfffff,Potential Car Buyers,Morning,Weekend,13.375,0.00850672
8943a022acfffff,Potential Car Buyers,Night,Weekday,4.144,0.002097
8943a022acfffff,Potential Car Buyers,Night,Weekend,4.657,0.00235669
8943a022acfffff,Potential Car Buyers,Noon,Weekday,17.983,0.011323
8943a022acfffff,Potential Car Buyers,Noon,Weekend,23.286,0.0146621
8943a022acfffff,Potential Car Buyers,Other,Weekday,22.063,0.014043
8943a022acfffff,Potential Car Buyers,Other,Weekend,16.835,0.0107153
8943a022c0fffff,Families,After noon,Weekday,25.03,0.016021
8943a022c0fffff,Families,After noon,Weekend,22.847,0.0146236
8943a022c0fffff,Families,Morning,Weekday,2.359,0.000907
8943a022c0fffff,Families,Morning,Weekend,2.285,0.000878624
8943a022c0fffff,Families,Night,Weekday,20.386,0.012925
8943a022c0fffff,Families,Night,Weekend,14.815,0.00939312
8943a022c0fffff,Families,Noon,Weekday,23.761,0.015175
8943a022c0fffff,Families,Noon,Weekend,21.841,0.0139486
8943a022c0fffff,Families,Other,Weekday,8.305,0.004871
8943a022c0fffff,Families,Other,Weekend,10.717,0.00628563
8943a022c0fffff,HNWI,After noon,Weekday,6.676,0.003785
8943a022c0fffff,HNWI,After noon,Weekend,4.112,0.00233146
8943a022c0fffff,HNWI,Morning,Weekday,23.53,0.015021
8943a022c0fffff,HNWI,Morning,Weekend,31.928,0.020382
8943a022c0fffff,HNWI,Night,Weekday,5.941,0.003295
8943a022c0fffff,HNWI,Night,Weekend,7.505,0.00416219
8943a022c0fffff,HNWI,Noon,Weekday,19.78,0.012521
8943a022c0fffff,HNWI,Noon,Weekend,14.826,0.00938511
8943a022c0fffff,HNWI,Other,Weekday,23.86,0.015241
8943a022c0fffff,HNWI,Other,Weekend,24.287,0.0155139
8943a022c0fffff,Potential Car Buyers,After noon,Weekday,10.102,0.006069
8943a022c0fffff,Potential Car Buyers,After noon,Weekend,7.95,0.00477614
8943a022c0fffff,Potential Car Buyers,Morning,Weekday,17.431,0.010955
8943a022c0fffff,Potential Car Buyers,Morning,Weekend,19.16,0.0120419
8943a022c0fffff,Potential Car Buyers,Night,Weekday,9.367,0.005579
8943a022c0fffff,Potential Car Buyers,Night,Weekend,13.484,0.00803085
8943a022c0fffff,Potential Car Buyers,Noon,Weekday,13.681,0.008455
8943a022c0fffff,Potential Car Buyers,Noon,Weekend,14.977,0.00925604
8943a022c0fffff,Potential Car Buyers,Other,Weekday,27.286,0.017525
8943a022c0fffff,Potential Car Buyers,Other,Weekend,18.633,0.0119673
8943a022cc3ffff,Families,After noon,Weekday,1.651,0.000435
8943a022cc3ffff,Families,After noon,Weekend,1.864,0.000491187
8943a022cc3ffff,Families,Morning,Weekday,8.98,0.005321
8943a022cc3ffff,Families,Morning,Weekend,8.331,0.00493669
8943a022cc3ffff,Families,Night,Weekday,11.38,0.006921
8943a022cc3ffff,Families,Night,Weekend,15.512,0.00943394
8943a022cc3ffff,Families,Noon,Weekday,5.23,0.002821
8943a022cc3ffff,Families,Noon,Weekend,4.549,0.00245369
8943a022cc3ffff,Families,Other,Weekday,14.926,0.009285
8943a022cc3ffff,Families,Other,Weekend,20.007,0.012446
8943a022cc3ffff,HNWI,After noon,Weekday,13.297,0.008199
8943a022cc3ffff,HNWI,After noon,Weekend,14.018,0.00864374
8943a022cc3ffff,HNWI,Morning,Weekday,30.151,0.019435
8943a022cc3ffff,HNWI,Morning,Weekend,17.886,0.0115293
8943a022cc3ffff,HNWI,Night,Weekday,12.562,0.007709
8943a022cc3ffff,HNWI,Night,Weekend,13.287,0.00815386
8943a022cc3ffff,HNWI,Noon,Weekday,26.401,0.016935
8943a022cc3ffff,HNWI,Noon,Weekend,19.192,0.012311
8943a022cc3ffff,HNWI,Other,Weekday,30.481,0.019655
8943a022cc3ffff,HNWI,Other,Weekend,23.923,0.0154262
8943a022cc3ffff,Potential Car Buyers,After noon,Weekday,4.72,0.002481
8943a022cc3ffff,Potential Car Buyers,After noon,Weekend,5.667,0.00297897
8943a022cc3ffff,Potential Car Buyers,Morning,Weekday,12.049,0.007367
8943a022cc3ffff,Potential Car Buyers,Morning,Weekend,6.74,0.00412125
8943a022cc3ffff,Potential Car Buyers,Night,Weekday,3.985,0.001991
8943a022cc3ffff,Potential Car Buyers,Night,Weekend,4.739,0.00236786
8943a022cc3ffff,Potential Car Buyers,Noon,Weekday,3.451,0.001635
8943a022cc3ffff,Potential Car Buyers,Noon,Weekend,4.295,0.00203492
8943a022cc3ffff,Potential Car Buyers,Other,Weekday,21.904,0.013937
8943a022cc3ffff,Potential Car Buyers,Other,Weekend,28.195,0.0179401
8943a022e1bffff,Families,After noon,Weekday,26.407,0.016939
8943a022e1bffff,Families,After noon,Weekend,29.68,0.0190382
8943a022e1bffff,Families,Morning,Weekday,3.736,0.001825
8943a022e1bffff,Families,Morning,Weekend,2.868,0.00140123
8943a022e1bffff,Families,Night,Weekday,25.672,0.016449
8943a022e1bffff,Families,Night,Weekend,19.238,0.0123267
8943a022e1bffff,Families,Noon,Weekday,29.986,0.019325
8943a022e1bffff,Families,Noon,Weekend,30.224,0.0194785
8943a022e1bffff,Families,Other,Weekday,13.591,0.008395
8943a022e1bffff,Families,Other,Weekend,18.784,0.0116028
8943a022e1bffff,HNWI,After noon,Weekday,22.426,0.014285
8943a022e1bffff,HNWI,After noon,Weekend,15.811,0.0100715
8943a022e1bffff,HNWI,Morning,Weekday,24.907,0.015939
8943a022e1bffff,HNWI,Morning,Weekend,19.153,0.0122568
8943a022e1bffff,HNWI,Night,Weekday,7.318,0.004213
8943a022e1bffff,HNWI,Night,Weekend,10.293,0.00592563
8943a022e1bffff,HNWI,Noon,Weekday,15.541,0.009695
8943a022e1bffff,HNWI,Noon,Weekend,9.811,0.00612059
8943a022e1bffff,HNWI,Other,Weekday,25.237,0.016159
8943a022e1bffff,HNWI,Other,Weekend,21.111,0.0135171
8943a022e1bffff,Potential Car Buyers,After noon,Weekday,21.37,0.013581
8943a022e1bffff,Potential Car Buyers,After noon,Weekend,18.495,0.0117539
8943a022e1bffff,Potential Car Buyers,Morning,Weekday,28.699,0.018467
8943a022e1bffff,Potential Car Buyers,Morning,Weekend,34.478,0.0221854
8943a022e1bffff,Potential Car Buyers,Night,Weekday,20.635,0.013091
8943a022e1bffff,Potential Car Buyers,Night,Weekend,19.559,0.0124085
8943a022e1bffff,Potential Car Buyers,Noon,Weekday,28.858,0.018573
8943a022e1bffff,Potential Car Buyers,Noon,Weekend,24.576,0.0158173
8943a022e1bffff,Potential Car Buyers,Other,Weekday,8.554,0.005037
8943a022e1bffff,Potential Car Buyers,Other,Weekend,8.839,0.00520482
8943a022e73ffff,Families,After noon,Weekday,19.795,0.012531
8943a022e73ffff,Families,After noon,Weekend,27.846,0.0176275
8943a022e73ffff,Families,Morning,Weekday,27.124,0.017417
8943a022e73ffff,Families,Morning,Weekend,37.355,0.0239864
8943a022e73ffff,Families,Night,Weekday,23.908,0.015273
8943a022e73ffff,Families,Night,Weekend,27.359,0.0174776
8943a022e73ffff,Families,Noon,Weekday,2.899,0.001267
8943a022e73ffff,Families,Noon,Weekend,3.032,0.001325
8943a022e73ffff,Families,Other,Weekday,6.979,0.003987
8943a022e73ffff,Families,Other,Weekend,9.412,0.0053767
8943a022e73ffff,HNWI,After noon,Weekday,15.814,0.009877
8943a022e73ffff,HNWI,After noon,Weekend,16.672,0.0104127
8943a022e73ffff,HNWI,Morning,Weekday,12.679,0.007787
8943a022e73ffff,HNWI,Morning,Weekend,17.794,0.0109282
8943a022e73ffff,HNWI,Night,Weekday,15.079,0.009387
8943a022e73ffff,HNWI,Night,Weekend,12.191,0.00758908
8943a022e73ffff,HNWI,Noon,Weekday,8.929,0.005287
8943a022e73ffff,HNWI,Noon,Weekend,8.243,0.00488071
8943a022e73ffff,HNWI,Other,Weekday,18.625,0.011751
8943a022e73ffff,HNWI,Other,Weekend,15.705,0.00990848
8943a022e73ffff,Potential Car Buyers,After noon,Weekday,22.864,0.014577
8943a022e73ffff,Potential Car Buyers,After noon,Weekend,30.221,0.0192673
8943a022e73ffff,Potential Car Buyers,Morning,Weekday,30.193,0.019463
8943a022e73ffff,Potential Car Buyers,Morning,Weekend,26.233,0.0169106
8943a022e73ffff,Potential Car Buyers,Night,Weekday,22.129,0.014087
8943a022e73ffff,Potential Car Buyers,Night,Weekend,26.783,0.0170497
8943a022e73ffff,Potential Car Buyers,Noon,Weekday,25.504,0.016337
8943a022e73ffff,Potential Car Buyers,Noon,Weekend,15.757,0.0100937
8943a022e73ffff,Potential Car Buyers,Other,Weekday,10.048,0.006033
8943a022e73ffff,Potential Car Buyers,Other,Weekend,12.686,0.00761667
8943a022ecfffff,Families,After noon,Weekday,3.073,0.001383
8943a022ecfffff,Families,After noon,Weekend,2.296,0.00103315
8943a022ecfffff,Families,Morning,Weekday,5.554,0.003037
8943a022ecfffff,Families,Morning,Weekend,5.93,0.00324268
8943a022ecfffff,Families,Night,Weekday,17.965,0.011311
8943a022ecfffff,Families,Night,Weekend,23.768,0.0149648
8943a022ecfffff,Families,Noon,Weekday,26.188,0.016793
8943a022ecfffff,Families,Noon,Weekend,15.41,0.00988154
8943a022ecfffff,Families,Other,Weekday,5.884,0.003257
8943a022ecfffff,Families,Other,Weekend,3.324,0.00183993
8943a022ecfffff,HNWI,After noon,Weekday,10.522,0.006349
8943a022ecfffff,HNWI,After noon,Weekend,13.021,0.00785714
8943a022ecfffff,HNWI,Morning,Weekday,17.851,0.011235
8943a022ecfffff,HNWI,Morning,Weekend,11.821,0.00743958
8943a022ecfffff,HNWI,Night,Weekday,30.262,0.019509
8943a022ecfffff,HNWI,Night,Weekend,25.075,0.0161651
8943a022ecfffff,HNWI,Noon,Weekday,9.253,0.005503
8943a022ecfffff,HNWI,Noon,Weekend,9.668,0.00574988
8943a022ecfffff,HNWI,Other,Weekday,18.181,0.011455
8943a022ecfffff,HNWI,Other,Weekend,15.726,0.00990808
8943a022ecfffff,Potential Car Buyers,After noon,Weekday,4.423,0.002283
8943a022ecfffff,Potential Car Buyers,After noon,Weekend,4.333,0.00223631
8943a022ecfffff,Potential Car Buyers,Morning,Weekday,11.752,0.007169
8943a022ecfffff,Potential Car Buyers,Morning,Weekend,12.767,0.00778812
8943a022ecfffff,Potential Car Buyers,Night,Weekday,3.688,0.001793
8943a022ecfffff,Potential Car Buyers,Night,Weekend,5.336,0.0025941
8943a022ecfffff,Potential Car Buyers,Noon,Weekday,17.527,0.011019
8943a022ecfffff,Potential Car Buyers,Noon,Weekend,19.752,0.0124179
8943a022ecfffff,Potential Car Buyers,Other,Weekday,21.607,0.013739
8943a022ecfffff,Potential Car Buyers,Other,Weekend,14.244,0.00905722
8943a022ed3ffff,Families,After noon,Weekday,14.11,0.008741
8943a022ed3ffff,Families,After noon,Weekend,16.898,0.0104678
8943a022ed3ffff,Families,Morning,Weekday,21.439,0.013627
8943a022ed3ffff,Families,Morning,Weekend,26.748,0.0170012
8943a022ed3ffff,Families,Night,Weekday,13.375,0.008251
8943a022ed3ffff,Families,Night,Weekend,17.858,0.0110166
8943a022ed3ffff,Families,Noon,Weekday,27.214,0.017477
8943a022ed3ffff,Families,Noon,Weekend,17.146,0.0110111
8943a022ed3ffff,Families,Other,Weekday,1.294,0.000197
8943a022ed3ffff,Families,Other,Weekend,0.833,0.000126863
8943a022ed3ffff,HNWI,After noon,Weekday,15.172,0.009449
8943a022ed3ffff,HNWI,After noon,Weekend,14.157,0.00881681
8943a022ed3ffff,HNWI,Morning,Weekday,22.501,0.014335
8943a022ed3ffff,HNWI,Morning,Weekend,26.828,0.0170919
8943a022ed3ffff,HNWI,Night,Weekday,14.437,0.008959
8943a022ed3ffff,HNWI,Night,Weekend,10.511,0.00652243
8943a022ed3ffff,HNWI,Noon,Weekday,13.903,0.008603
8943a022ed3ffff,HNWI,Noon,Weekend,8.208,0.00507882
8943a022ed3ffff,HNWI,Other,Weekday,2.356,0.000905
8943a022ed3ffff,HNWI,Other,Weekend,3.269,0.00125587
8943a022ed3ffff,Potential Car Buyers,After noon,Weekday,18.598,0.011733
8943a022ed3ffff,Potential Car Buyers,After noon,Weekend,15.755,0.0099393
8943a022ed3ffff,Potential Car Buyers,Morning,Weekday,25.927,0.016619
8943a022ed3ffff,Potential Car Buyers,Morning,Weekend,34.702,0.0222436
8943a022ed3ffff,Potential Car Buyers,Night,Weekday,8.338,0.004893
8943a022ed3ffff,Potential Car Buyers,Night,Weekend,9.092,0.00533529
8943a022ed3ffff,Potential Car Buyers,Noon,Weekday,11.713,0.007143
8943a022ed3ffff,Potential Car Buyers,Noon,Weekend,6.827,0.00416337
8943a022ed3ffff,Potential Car Buyers,Other,Weekday,26.257,0.016839
8943a022ed3ffff,Potential Car Buyers,Other,Weekend,25.878,0.0165962
8943a02311bffff,Families,After noon,Weekday,2.815,0.001211
8943a02311bffff,Families,After noon,Weekend,1.89,0.000813119
8943a02311bffff,Families,Morning,Weekday,10.144,0.006097
8943a02311bffff,Families,Morning,Weekend,13.898,0.00835306
8943a02311bffff,Families,Night,Weekday,2.08,0.000721
8943a02311bffff,Families,Night,Weekend,2.518,0.000872979
8943a02311bffff,Families,Noon,Weekday,15.919,0.009947
8943a02311bffff,Families,Noon,Weekend,15.889,0.00992825
8943a02311bffff,Families,Other,Weekday,19.999,0.012667
8943a02311bffff,Families,Other,Weekend,19.321,0.0122377
8943a02311bffff,HNWI,After noon,Weekday,11.983,0.007323
8943a02311bffff,HNWI,After noon,Weekend,15.05,0.0091971
8943a02311bffff,HNWI,Morning,Weekday,19.312,0.012209
8943a02311bffff,HNWI,Morning,Weekend,22.327,0.0141153
8943a02311bffff,HNWI,Night,Weekday,1.723,0.000483
8943a02311bffff,HNWI,Night,Weekend,2.328,0.000652627
8943a02311bffff,HNWI,Noon,Weekday,10.714,0.006477
8943a02311bffff,HNWI,Noon,Weekend,12.902,0.00779986
8943a02311bffff,HNWI,Other,Weekday,19.642,0.012429
8943a02311bffff,HNWI,Other,Weekend,27.76,0.0175658
8943a02311bffff,Potential Car Buyers,After noon,Weekday,12.151,0.007435
8943a02311bffff,Potential Car Buyers,After noon,Weekend,7.009,0.0042885
8943a02311bffff,Potential Car Buyers,Morning,Weekday,14.632,0.009089
8943a02311bffff,Potential Car Buyers,Morning,Weekend,20.943,0.013009
8943a02311bffff,Potential Car Buyers,Night,Weekday,27.043,0.017363
8943a02311bffff,Potential Car Buyers,Night,Weekend,23.33,0.014979
8943a02311bffff,Potential Car Buyers,Noon,Weekday,5.266,0.002845
8943a02311bffff,Potential Car Buyers,Noon,Weekend,5.085,0.00274695
8943a02311bffff,Potential Car Buyers,Other,Weekday,14.962,0.009309
8943a02311bffff,Potential Car Buyers,Other,Weekend,11.919,0.00741574
8943a02312fffff,Families,After noon,Weekday,2.896,0.001265
8943a02312fffff,Families,After noon,Weekend,1.869,0.000816302
8943a02312fffff,Families,Morning,Weekday,10.225,0.006151
8943a02312fffff,Families,Morning,Weekend,6.874,0.00413501
8943a02312fffff,Families,Night,Weekday,12.625,0.007751
8943a02312fffff,Families,Night,Weekend,13.753,0.00844351
8943a02312fffff,Families,Noon,Weekday,16.0,0.010001
8943a02312fffff,Families,Noon,Weekend,8.835,0.00552214
8943a02312fffff,Families,Other,Weekday,20.08,0.012721
8943a02312fffff,Families,Other,Weekend,28.164,0.0178426
8943a02312fffff,HNWI,After noon,Weekday,12.064,0.007377
8943a02312fffff,HNWI,After noon,Weekend,9.118,0.00557552
8943a02312fffff,HNWI,Morning,Weekday,19.393,0.012263
8943a02312fffff,HNWI,Morning,Weekend,21.402,0.0135336
8943a02312fffff,HNWI,Night,Weekday,7.42,0.004281
8943a02312fffff,HNWI,Night,Weekend,9.99,0.00576368
8943a02312fffff,HNWI,Noon,Weekday,10.795,0.006531
8943a02312fffff,HNWI,Noon,Weekend,8.614,0.00521179
8943a02312fffff,HNWI,Other,Weekday,19.723,0.012483
8943a02312fffff,HNWI,Other,Weekend,13.27,0.0083986
8943a02312fffff,Potential Car Buyers,After noon,Weekday,12.232,0.007489
8943a02312fffff,Potential Car Buyers,After noon,Weekend,13.822,0.00846218
8943a02312fffff,Potential Car Buyers,Morning,Weekday,14.713,0.009143
8943a02312fffff,Potential Car Buyers,Morning,Weekend,15.053,0.00935436
8943a02312fffff,Potential Car Buyers,Night,Weekday,27.124,0.017417
8943a02312fffff,Potential Car Buyers,Night,Weekend,17.807,0.0114342
8943a02312fffff,Potential Car Buyers,Noon,Weekday,10.963,0.006643
8943a02312fffff,Potential Car Buyers,Noon,Weekend,13.596,0.00823852
8943a02312fffff,Potential Car Buyers,Other,Weekday,15.043,0.009363
8943a02312fffff,Potential Car Buyers,Other,Weekend,21.709,0.013512
8943a0231b3ffff,Families,After noon,Weekday,29.266,0.018845
8943a0231b3ffff,Families,After noon,Weekend,41.853,0.0269498
8943a0231b3ffff,Families,Morning,Weekday,30.979,0.019987
8943a0231b3ffff,Families,Morning,Weekend,44.608,0.0287798
8943a0231b3ffff,Families,Night,Weekday,19.006,0.012005
8943a0231b3ffff,Families,Night,Weekend,24.964,0.015768
8943a0231b3ffff,Families,Noon,Weekday,22.381,0.014255
8943a0231b3ffff,Families,Noon,Weekend,13.419,0.00854668
8943a0231b3ffff,Families,Other,Weekday,6.925,0.003951
8943a0231b3ffff,Families,Other,Weekend,7.482,0.00426874
8943a0231b3ffff,HNWI,After noon,Weekday,5.296,0.002865
8943a0231b3ffff,HNWI,After noon,Weekend,4.752,0.00257054
8943a0231b3ffff,HNWI,Morning,Weekday,12.625,0.007751
8943a0231b3ffff,HNWI,Morning,Weekend,17.944,0.0110165
8943a0231b3ffff,HNWI,Night,Weekday,4.561,0.002375
8943a0231b3ffff,HNWI,Night,Weekend,6.477,0.00337282
8943a0231b3ffff,HNWI,Noon,Weekday,18.4,0.011601
8943a0231b3ffff,HNWI,Noon,Weekend,10.14,0.00639294
8943a0231b3ffff,HNWI,Other,Weekday,22.48,0.014321
8943a0231b3ffff,HNWI,Other,Weekend,29.914,0.0190569
8943a0231b3ffff,Potential Car Buyers,After noon,Weekday,26.719,0.017147
8943a0231b3ffff,Potential Car Buyers,After noon,Weekend,34.828,0.0223513
8943a0231b3ffff,Potential Car Buyers,Morning,Weekday,29.2,0.018801
8943a0231b3ffff,Potential Car Buyers,Morning,Weekend,40.771,0.0262515
8943a0231b3ffff,Potential Car Buyers,Night,Weekday,22.075,0.014051
8943a0231b3ffff,Potential Car Buyers,Night,Weekend,15.533,0.00988672
8943a0231b3ffff,Potential Car Buyers,Noon,Weekday,25.45,0.016301
8943a0231b3ffff,Potential Car Buyers,Noon,Weekend,21.513,0.0137791
8943a0231b3ffff,Potential Car Buyers,Other,Weekday,9.994,0.005997
8943a0231b3ffff,Potential Car Buyers,Other,Weekend,6.769,0.00406177
8943a0231d7ffff,Families,After noon,Weekday,3.604,0.001737
8943a0231d7ffff,Families,After noon,Weekend,3.697,0.00178201
8943a0231d7ffff,Families,Morning,Weekday,10.933,0.006623
8943a0231d7ffff,Families,Morning,Weekend,6.226,0.00377156
8943a0231d7ffff,Families,Night,Weekday,2.869,0.001247
8943a0231d7ffff,Families,Night,Weekend,2.185,0.000949886
8943a0231d7ffff,Families,Noon,Weekday,6.244,0.003497
8943a0231d7ffff,Families,Noon,Weekend,8.053,0.00451042
8943a0231d7ffff,Families,Other,Weekday,20.788,0.013193
8943a0231d7ffff,Families,Other,Weekend,12.588,0.00798873
8943a0231d7ffff,HNWI,After noon,Weekday,19.159,0.012107
8943a0231d7ffff,HNWI,After noon,Weekend,27.438,0.0173389
8943a0231d7ffff,HNWI,Morning,Weekday,26.488,0.016993
8943a0231d7ffff,HNWI,Morning,Weekend,38.096,0.0244396
8943a0231d7ffff,HNWI,Night,Weekday,18.424,0.011617
8943a0231d7ffff,HNWI,Night,Weekend,15.185,0.00957459
8943a0231d7ffff,HNWI,Noon,Weekday,17.89,0.011261
8943a0231d7ffff,HNWI,Noon,Weekend,19.132,0.0120427
8943a0231d7ffff,HNWI,Other,Weekday,6.343,0.003563
8943a0231d7ffff,HNWI,Other,Weekend,6.929,0.00389226
8943a0231d7ffff,Potential Car Buyers,After noon,Weekday,6.673,0.003783
8943a0231d7ffff,Potential Car Buyers,After noon,Weekend,8.912,0.00505203
8943a0231d7ffff,Potential Car Buyers,Morning,Weekday,3.538,0.001693
8943a0231d7ffff,Potential Car Buyers,Morning,Weekend,4.293,0.00205439
8943a0231d7ffff,Potential Car Buyers,Night,Weekday,5.938,0.003293
8943a0231d7ffff,Potential Car Buyers,Night,Weekend,8.41,0.00466385
8943a0231d7ffff,Potential Car Buyers,Noon,Weekday,9.313,0.005543
8943a0231d7ffff,Potential Car Buyers,Noon,Weekend,8.958,0.00533177
8943a0231d7ffff,Potential Car Buyers,Other,Weekday,23.857,0.015239
8943a0231d7ffff,Potential Car Buyers,Other,Weekend,20.208,0.0129081
8943a0233c7ffff,Families,After noon,Weekday,9.562,0.005709
8943a0233c7ffff,Families,After noon,Weekend,9.271,0.0055354
8943a0233c7ffff,Families,Morning,Weekday,26.416,0.016945
8943a0233c7ffff,Families,Morning,Weekend,37.63,0.0241383
8943a0233c7ffff,Families,Night,Weekday,8.827,0.005219
8943a0233c7ffff,Families,Night,Weekend,7.924,0.00468528
8943a0233c7ffff,Families,Noon,Weekday,17.05,0.010701
8943a0233c7ffff,Families,Noon,Weekend,14.698,0.00922484
8943a0233c7ffff,Families,Other,Weekday,26.746,0.017165
8943a0233c7ffff,Families,Other,Weekend,33.995,0.0218175
8943a0233c7ffff,HNWI,After noon,Weekday,18.73,0.011821
8943a0233c7ffff,HNWI,After noon,Weekend,13.583,0.0085726
8943a0233c7ffff,HNWI,Morning,Weekday,26.059,0.016707
8943a0233c7ffff,HNWI,Morning,Weekend,29.542,0.01894
8943a0233c7ffff,HNWI,Night,Weekday,17.995,0.011331
8943a0233c7ffff,HNWI,Night,Weekend,21.732,0.0136839
8943a0233c7ffff,HNWI,Noon,Weekday,11.845,0.007231
8943a0233c7ffff,HNWI,Noon,Weekend,7.767,0.00474123
8943a0233c7ffff,HNWI,Other,Weekday,26.389,0.016927
8943a0233c7ffff,HNWI,Other,Weekend,28.09,0.0180179
8943a0233c7ffff,Potential Car Buyers,After noon,Weekday,22.156,0.014105
8943a0233c7ffff,Potential Car Buyers,After noon,Weekend,29.598,0.0188427
8943a0233c7ffff,Potential Car Buyers,Morning,Weekday,29.485,0.018991
8943a0233c7ffff,Potential Car Buyers,Morning,Weekend,18.886,0.0121646
8943a0233c7ffff,Potential Car Buyers,Night,Weekday,11.896,0.007265
8943a0233c7ffff,Potential Car Buyers,Night,Weekend,16.25,0.00992381
8943a0233c7ffff,Potential Car Buyers,Noon,Weekday,15.271,0.009515
8943a0233c7ffff,Potential Car Buyers,Noon,Weekend,13.219,0.0082362
8943a0233c7ffff,Potential Car Buyers,Other,Weekday,29.815,0.019211
8943a0233c7ffff,Potential Car Buyers,Other,Weekend,27.117,0.0174724
8943a1224d3ffff,Families,After noon,Weekday,29.866,0.019245
8943a1224d3ffff,Families,After noon,Weekend,19.318,0.0124483
8943a1224d3ffff,Families,Morning,Weekday,2.347,0.000899
8943a1224d3ffff,Families,Morning,Weekend,2.445,0.00093644
8943a1224d3ffff,Families,Night,Weekday,14.758,0.009173
8943a1224d3ffff,Families,Night,Weekend,21.119,0.0131265
8943a1224d3ffff,Families,Noon,Weekday,22.981,0.014655
8943a1224d3ffff,Families,Noon,Weekend,18.429,0.011752
8943a1224d3ffff,Families,Other,Weekday,2.677,0.001119
8943a1224d3ffff,Families,Other,Weekend,1.561,0.000652462
8943a1224d3ffff,HNWI,After noon,Weekday,1.048,3.3e-05
8943a1224d3ffff,HNWI,After noon,Weekend,0.897,2.82476e-05
8943a1224d3ffff,HNWI,Morning,Weekday,17.902,0.011269
8943a1224d3ffff,HNWI,Morning,Weekend,17.193,0.0108227
8943a1224d3ffff,HNWI,Night,Weekday,30.313,0.019543
8943a1224d3ffff,HNWI,Night,Weekend,41.604,0.0268225
8943a1224d3ffff,HNWI,Noon,Weekday,14.152,0.008769
8943a1224d3ffff,HNWI,Noon,Weekend,14.343,0.00888729
8943a1224d3ffff,HNWI,Other,Weekday,18.232,0.011489
8943a1224d3ffff,HNWI,Other,Weekend,24.495,0.0154355
8943a1224d3ffff,Potential Car Buyers,After noon,Weekday,9.322,0.005549
8943a1224d3ffff,Potential Car Buyers,After noon,Weekend,6.788,0.0040407
8943a1224d3ffff,Potential Car Buyers,Morning,Weekday,11.803,0.007203
8943a1224d3ffff,Potential Car Buyers,Morning,Weekend,14.194,0.00866202
8943a1224d3ffff,Potential Car Buyers,Night,Weekday,8.587,0.005059
8943a1224d3ffff,Potential Car Buyers,Night,Weekend,4.941,0.00291101
8943a1224d3ffff,Potential Car Buyers,Noon,Weekday,8.053,0.004703
8943a1224d3ffff,Potential Car Buyers,Noon,Weekend,8.335,0.00486798
8943a1224d3ffff,Potential Car Buyers,Other,Weekday,26.506,0.017005
8943a1224d3ffff,Potential Car Buyers,Other,Weekend,30.597,0.0196299
8943a130153ffff,Families,After noon,Weekday,26.404,0.016937
8943a130153ffff,Families,After noon,Weekend,26.639,0.0170879
8943a130153ffff,Families,Morning,Weekday,13.258,0.008173
8943a130153ffff,Families,Morning,Weekend,11.497,0.00708723
8943a130153ffff,Families,Night,Weekday,25.669,0.016447
8943a130153ffff,Families,Night,Weekend,28.455,0.018232
8943a130153ffff,Families,Noon,Weekday,4.66,0.002441
8943a130153ffff,Families,Noon,Weekend,4.884,0.00255811
8943a130153ffff,Families,Other,Weekday,13.588,0.008393
8943a130153ffff,Families,Other,Weekend,16.166,0.00998547
8943a130153ffff,HNWI,After noon,Weekday,5.572,0.003049
8943a130153ffff,HNWI,After noon,Weekend,7.234,0.00395853
8943a130153ffff,HNWI,Morning,Weekday,8.053,0.004703
8943a130153ffff,HNWI,Morning,Weekend,10.501,0.00613253
8943a130153ffff,HNWI,Night,Weekday,20.464,0.012977
8943a130153ffff,HNWI,Night,Weekend,15.5,0.00982882
8943a130153ffff,HNWI,Noon,Weekday,4.303,0.002203
8943a130153ffff,HNWI,Noon,Weekend,4.848,0.00248223
8943a130153ffff,HNWI,Other,Weekday,8.383,0.004923
8943a130153ffff,HNWI,Other,Weekend,7.039,0.00413354
8943a130153ffff,Potential Car Buyers,After noon,Weekday,24.625,0.015751
8943a130153ffff,Potential Car Buyers,After noon,Weekend,28.004,0.0179121
8943a130153ffff,Potential Car Buyers,Morning,Weekday,11.479,0.006987
8943a130153ffff,Potential Car Buyers,Morning,Weekend,15.708,0.00956096
8943a130153ffff,Potential Car Buyers,Night,Weekday,23.89,0.015261
8943a130153ffff,Potential Car Buyers,Night,Weekend,22.697,0.0144991
8943a130153ffff,Potential Car Buyers,Noon,Weekday,7.729,0.004487
8943a130153ffff,Potential Car Buyers,Noon,Weekend,5.19,0.00301318
8943a130153ffff,Potential Car Buyers,Other,Weekday,11.809,0.007207
8943a130153ffff,Potential Car Buyers,Other,Weekend,16.119,0.00983734
8943a130237ffff,Families,After noon,Weekday,29.911,0.019275
8943a130237ffff,Families,After noon,Weekend,26.683,0.0171951
8943a130237ffff,Families,Morning,Weekday,2.392,0.000929
8943a130237ffff,Families,Morning,Weekend,1.526,0.000592781
8943a130237ffff,Families,Night,Weekday,19.651,0.012435
8943a130237ffff,Families,Night,Weekend,20.132,0.0127393
8943a130237ffff,Families,Noon,Weekday,28.642,0.018429
8943a130237ffff,Families,Noon,Weekend,35.976,0.0231479
8943a130237ffff,Families,Other,Weekday,2.722,0.001149
8943a130237ffff,Families,Other,Weekend,2.784,0.00117527
8943a130237ffff,HNWI,After noon,Weekday,11.557,0.007039
8943a130237ffff,HNWI,After noon,Weekend,10.943,0.00666529
8943a130237ffff,HNWI,Morning,Weekday,14.038,0.008693
8943a130237ffff,HNWI,Morning,Weekend,12.959,0.00802455
8943a130237ffff,HNWI,Night,Weekday,10.822,0.006549
8943a130237ffff,HNWI,Night,Weekend,13.419,0.00812069
8943a130237ffff,HNWI,Noon,Weekday,14.197,0.008799
8943a130237ffff,HNWI,Noon,Weekend,15.395,0.00954141
8943a130237ffff,HNWI,Other,Weekday,28.741,0.018495
8943a130237ffff,HNWI,Other,Weekend,36.87,0.0237262
8943a130237ffff,Potential Car Buyers,After noon,Weekday,28.132,0.018089
8943a130237ffff,Potential Car Buyers,After noon,Weekend,38.616,0.0248302
8943a130237ffff,Potential Car Buyers,Morning,Weekday,5.461,0.002975
8943a130237ffff,Potential Car Buyers,Morning,Weekend,6.129,0.00333891
8943a130237ffff,Potential Car Buyers,Night,Weekday,17.872,0.011249
8943a130237ffff,Potential Car Buyers,Night,Weekend,19.176,0.0120697
8943a130237ffff,Potential Car Buyers,Noon,Weekday,1.711,0.000475
8943a130237ffff,Potential Car Buyers,Noon,Weekend,1.679,0.000466166
8943a130237ffff,Potential Car Buyers,Other,Weekday,5.791,0.003195
8943a130237ffff,Potential Car Buyers,Other,Weekend,3.807,0.00210021
8943a130327ffff,Families,After noon,Weekday,24.682,0.015789
8943a130327ffff,Families,After noon,Weekend,28.559,0.0182693
8943a130327ffff,Families,Morning,Weekday,2.011,0.000675
8943a130327ffff,Families,Morning,Weekend,2.087,0.000700536
8943a130327ffff,Families,Night,Weekday,23.947,0.015299
8943a130327ffff,Families,Night,Weekend,24.918,0.0159193
8943a130327ffff,Families,Noon,Weekday,28.261,0.018175
8943a130327ffff,Families,Noon,Weekend,40.271,0.0258989
8943a130327ffff,Families,Other,Weekday,11.866,0.007245
8943a130327ffff,Families,Other,Weekend,11.147,0.00680609
8943a130327ffff,HNWI,After noon,Weekday,20.701,0.013135
8943a130327ffff,HNWI,After noon,Weekend,27.336,0.0173449
8943a130327ffff,HNWI,Morning,Weekday,23.182,0.014789
8943a130327ffff,HNWI,Morning,Weekend,30.499,0.0194571
8943a130327ffff,HNWI,Night,Weekday,5.593,0.003063
8943a130327ffff,HNWI,Night,Weekend,5.697,0.00311986
8943a130327ffff,HNWI,Noon,Weekday,19.432,0.012289
8943a130327ffff,HNWI,Noon,Weekend,17.244,0.010905
8943a130327ffff,HNWI,Other,Weekday,23.512,0.015009
8943a130327ffff,HNWI,Other,Weekend,21.133,0.0134906
8943a130327ffff,Potential Car Buyers,After noon,Weekday,27.751,0.017835
8943a130327ffff,Potential Car Buyers,After noon,Weekend,38.81,0.0249421
8943a130327ffff,Potential Car Buyers,Morning,Weekday,5.08,0.002721
8943a130327ffff,Potential Car Buyers,Morning,Weekend,6.558,0.00351244
8943a130327ffff,Potential Car Buyers,Night,Weekday,27.016,0.017345
8943a130327ffff,Potential Car Buyers,Night,Weekend,17.359,0.0111451
8943a130327ffff,Potential Car Buyers,Noon,Weekday,10.855,0.006571
8943a130327ffff,Potential Car Buyers,Noon,Weekend,7.482,0.00452916
8943a130327ffff,Potential Car Buyers,Other,Weekday,14.935,0.009291
8943a130327ffff,Potential Car Buyers,Other,Weekend,12.206,0.00759344
8943a13036fffff,Families,After noon,Weekday,11.992,0.007329
8943a13036fffff,Families,After noon,Weekend,8.021,0.00490234
8943a13036fffff,Families,Morning,Weekday,19.321,0.012215
8943a13036fffff,Families,Morning,Weekend,16.048,0.0101457
8943a13036fffff,Families,Night,Weekday,1.732,0.000489
8943a13036fffff,Families,Night,Weekend,2.39,0.000674692
8943a13036fffff,Families,Noon,Weekday,15.571,0.009715
8943a13036fffff,Families,Noon,Weekend,18.775,0.0117142
8943a13036fffff,Families,Other,Weekday,19.651,0.012435
8943a13036fffff,Families,Other,Weekend,23.616,0.0149442
8943a13036fffff,HNWI,After noon,Weekday,18.022,0.011349
8943a13036fffff,HNWI,After noon,Weekend,23.879,0.0150372
8943a13036fffff,HNWI,Morning,Weekday,4.876,0.002585
8943a13036fffff,HNWI,Morning,Weekend,6.721,0.00356306
8943a13036fffff,HNWI,Night,Weekday,22.903,0.014603
8943a13036fffff,HNWI,Night,Weekend,15.224,0.00970678
8943a13036fffff,HNWI,Noon,Weekday,1.126,8.5e-05
8943a13036fffff,HNWI,Noon,Weekend,0.887,6.69656e-05
8943a13036fffff,HNWI,Other,Weekday,10.822,0.006549
8943a13036fffff,HNWI,Other,Weekend,10.703,0.00647699
8943a13036fffff,Potential Car Buyers,After noon,Weekday,15.061,0.009375
8943a13036fffff,Potential Car Buyers,After noon,Weekend,19.982,0.0124382
8943a13036fffff,Potential Car Buyers,Morning,Weekday,22.39,0.014261
8943a13036fffff,Potential Car Buyers,Morning,Weekend,19.684,0.0125372
8943a13036fffff,Potential Car Buyers,Night,Weekday,4.801,0.002535
8943a13036fffff,Potential Car Buyers,Night,Weekend,3.488,0.00184149
8943a13036fffff,Potential Car Buyers,Noon,Weekday,8.176,0.004785
8943a13036fffff,Potential Car Buyers,Noon,Weekend,11.542,0.00675502
8943a13036fffff,Potential Car Buyers,Other,Weekday,22.72,0.014481
8943a13036fffff,Potential Car Buyers,Other,Weekend,16.948,0.0108022
8943a13039bffff,Families,After noon,Weekday,28.639,0.018427
8943a13039bffff,Families,After noon,Weekend,26.001,0.0167298
8943a13039bffff,Families,Morning,Weekday,5.968,0.003313
8943a13039bffff,Families,Morning,Weekend,8.409,0.00466806
8943a13039bffff,Families,Night,Weekday,27.904,0.017937
8943a13039bffff,Families,Night,Weekend,17.767,0.0114205
8943a13039bffff,Families,Noon,Weekday,2.218,0.000813
8943a13039bffff,Families,Noon,Weekend,3.157,0.00115729
8943a13039bffff,Families,Other,Weekday,15.823,0.009883
8943a13039bffff,Families,Other,Weekend,17.507,0.0109348
8943a13039bffff,HNWI,After noon,Weekday,28.282,0.018189
8943a13039bffff,HNWI,After noon,Weekend,31.275,0.0201137
8943a13039bffff,HNWI,Morning,Weekday,15.136,0.009425
8943a13039bffff,HNWI,Morning,Weekend,19.23,0.0119746
8943a13039bffff,HNWI,Night,Weekday,27.547,0.017699
8943a13039bffff,HNWI,Night,Weekend,15.875,0.0101995
8943a13039bffff,HNWI,Noon,Weekday,6.538,0.003693
8943a13039bffff,HNWI,Noon,Weekend,4.676,0.0026413
8943a13039bffff,HNWI,Other,Weekday,15.466,0.009645
8943a13039bffff,HNWI,Other,Weekend,14.566,0.009084
8943a13039bffff,Potential Car Buyers,After noon,Weekday,23.602,0.015069
8943a13039bffff,Potential Car Buyers,After noon,Weekend,19.111,0.012202
8943a13039bffff,Potential Car Buyers,Morning,Weekday,10.456,0.006305
8943a13039bffff,Potential Car Buyers,Morning,Weekend,11.501,0.00693492
8943a13039bffff,Potential Car Buyers,Night,Weekday,22.867,0.014579
8943a13039bffff,Potential Car Buyers,Night,Weekend,16.43,0.0104753
8943a13039bffff,Potential Car Buyers,Noon,Weekday,1.09,6.1e-05
8943a13039bffff,Potential Car Buyers,Noon,Weekend,0.737,4.12322e-05
8943a13039bffff,Potential Car Buyers,Other,Weekday,10.786,0.006525
8943a13039bffff,Potential Car Buyers,Other,Weekend,12.543,0.00758776
8943a13091bffff,Families,After noon,Weekday,12.784,0.007857
8943a13091bffff,Families,After noon,Weekend,14.549,0.00894181
8943a13091bffff,Families,Morning,Weekday,29.638,0.019093
8943a13091bffff,Families,Morning,Weekend,39.64,0.0255367
8943a13091bffff,Families,Night,Weekday,12.049,0.007367
8943a13091bffff,Families,Night,Weekend,11.629,0.00710999
8943a13091bffff,Families,Noon,Weekday,21.04,0.013361
8943a13091bffff,Families,Noon,Weekend,24.18,0.015355
8943a13091bffff,Families,Other,Weekday,29.968,0.019313
8943a13091bffff,Families,Other,Weekend,27.023,0.017415
8943a13091bffff,HNWI,After noon,Weekday,25.849,0.016567
8943a13091bffff,HNWI,After noon,Weekend,20.208,0.0129517
8943a13091bffff,HNWI,Morning,Weekday,12.703,0.007803
8943a13091bffff,HNWI,Morning,Weekend,7.906,0.00485619
8943a13091bffff,HNWI,Night,Weekday,25.114,0.016077
8943a13091bffff,HNWI,Night,Weekend,18.241,0.0116772
8943a13091bffff,HNWI,Noon,Weekday,3.337,0.001559
8943a13091bffff,HNWI,Noon,Weekend,3.409,0.00159274
8943a13091bffff,HNWI,Other,Weekday,13.033,0.008023
8943a13091bffff,HNWI,Other,Weekend,8.702,0.00535692
8943a13091bffff,Potential Car Buyers,After noon,Weekday,29.275,0.018851
8943a13091bffff,Potential Car Buyers,After noon,Weekend,18.985,0.0122253
8943a13091bffff,Potential Car Buyers,Morning,Weekday,30.988,0.019993
8943a13091bffff,Potential Car Buyers,Morning,Weekend,40.511,0.026137
8943a13091bffff,Potential Car Buyers,Night,Weekday,3.388,0.001593
8943a13091bffff,Potential Car Buyers,Night,Weekend,3.562,0.00167464
8943a13091bffff,Potential Car Buyers,Noon,Weekday,27.238,0.017493
8943a13091bffff,Potential Car Buyers,Noon,Weekend,16.641,0.0106871
8943a13091bffff,Potential Car Buyers,Other,Weekday,21.307,0.013539
8943a13091bffff,Potential Car Buyers,Other,Weekend,12.547,0.00797273
8943a130a2fffff,Families,After noon,Weekday,4.438,0.002293
8943a130a2fffff,Families,After noon,Weekend,2.847,0.00147082
8943a130a2fffff,Families,Morning,Weekday,11.767,0.007179
8943a130a2fffff,Families,Morning,Weekend,12.53,0.0076447
8943a130a2fffff,Families,Night,Weekday,14.167,0.008779
8943a130a2fffff,Families,Night,Weekend,8.314,0.0051518
8943a130a2fffff,Families,Noon,Weekday,8.017,0.004679
8943a130a2fffff,Families,Noon,Weekend,7.558,0.0044113
8943a130a2fffff,Families,Other,Weekday,21.622,0.013749
8943a130a2fffff,Families,Other,Weekend,25.37,0.016132
8943a130a2fffff,HNWI,After noon,Weekday,30.457,0.019639
8943a130a2fffff,HNWI,After noon,Weekend,20.76,0.0133863
8943a130a2fffff,HNWI,Morning,Weekday,2.938,0.001293
8943a130a2fffff,HNWI,Morning,Weekend,2.915,0.00128286
8943a130a2fffff,HNWI,Night,Weekday,15.349,0.009567
8943a130a2fffff,HNWI,Night,Weekend,22.18,0.0138245
8943a130a2fffff,HNWI,Noon,Weekday,29.188,0.018793
8943a130a2fffff,HNWI,Noon,Weekend,38.173,0.0245782
8943a130a2fffff,HNWI,Other,Weekday,3.268,0.001513
8943a130a2fffff,HNWI,Other,Weekend,2.084,0.0009647
8943a130a2fffff,Potential Car Buyers,After noon,Weekday,29.401,0.018935
8943a130a2fffff,Potential Car Buyers,After noon,Weekend,34.923,0.0224914
8943a130a2fffff,Potential Car Buyers,Morning,Weekday,16.255,0.010171
8943a130a2fffff,Potential Car Buyers,Morning,Weekend,11.815,0.00739307
8943a130a2fffff,Potential Car Buyers,Night,Weekday,28.666,0.018445
8943a130a2fffff,Potential Car Buyers,Night,Weekend,37.094,0.0238677
8943a130a2fffff,Potential Car Buyers,Noon,Weekday,12.505,0.007671
8943a130a2fffff,Potential Car Buyers,Noon,Weekend,17.386,0.010665
8943a130a2fffff,Potential Car Buyers,Other,Weekday,16.585,0.010391
8943a130a2fffff,Potential Car Buyers,Other,Weekend,17.808,0.0111571
8943a130ad7ffff,Families,After noon,Weekday,18.046,0.011365
8943a130ad7ffff,Families,After noon,Weekend,12.298,0.00774502
8943a130ad7ffff,Families,Morning,Weekday,25.375,0.016251
8943a130ad7ffff,Families,Morning,Weekend,22.038,0.014114
8943a130ad7ffff,Families,Night,Weekday,7.786,0.004525
8943a130ad7ffff,Families,Night,Weekend,5.544,0.00322218
8943a130ad7ffff,Families,Noon,Weekday,11.161,0.006775
8943a130ad7ffff,Families,Noon,Weekend,13.982,0.00848727
8943a130ad7ffff,Families,Other,Weekday,25.705,0.016471
8943a130ad7ffff,Families,Other,Weekend,19.311,0.0123736
8943a130ad7ffff,HNWI,After noon,Weekday,24.076,0.015385
8943a130ad7ffff,HNWI,After noon,Weekend,20.202,0.0129097
8943a130ad7ffff,HNWI,Morning,Weekday,1.405,0.000271
8943a130ad7ffff,HNWI,Morning,Weekend,1.949,0.000375908
8943a130ad7ffff,HNWI,Night,Weekday,23.341,0.014895
8943a130ad7ffff,HNWI,Night,Weekend,12.966,0.00827452
8943a130ad7ffff,HNWI,Noon,Weekday,22.807,0.014539
8943a130ad7ffff,HNWI,Noon,Weekend,12.689,0.008089
8943a130ad7ffff,HNWI,Other,Weekday,11.26,0.006841
8943a130ad7ffff,HNWI,Other,Weekend,9.219,0.00560112
8943a130ad7ffff,Potential Car Buyers,After noon,Weekday,27.502,0.017669
8943a130ad7ffff,Potential Car Buyers,After noon,Weekend,24.88,0.0159841
8943a130ad7ffff,Potential Car Buyers,Morning,Weekday,4.831,0.002555
8943a130ad7ffff,Potential Car Buyers,Morning,Weekend,3.629,0.00191939
8943a130ad7ffff,Potential Car Buyers,Night,Weekday,17.242,0.010829
8943a130ad7ffff,Potential Car Buyers,Night,Weekend,13.762,0.00864314
8943a130ad7ffff,Potential Car Buyers,Noon,Weekday,1.081,5.5e-05
8943a130ad7ffff,Potential Car Buyers,Noon,Weekend,1.227,6.2453e-05
8943a130ad7ffff,Potential Car Buyers,Other,Weekday,5.161,0.002775
8943a130ad7ffff,Potential Car Buyers,Other,Weekend,5.31,0.00285491
8943a130bc3ffff,Families,After noon,Weekday,18.829,0.011887
8943a130bc3ffff,Families,After noon,Weekend,22.648,0.0142978
8943a130bc3ffff,Families,Morning,Weekday,21.31,0.013541
8943a130bc3ffff,Families,Morning,Weekend,16.36,0.0103958
8943a130bc3ffff,Families,Night,Weekday,23.71,0.015141
8943a130bc3ffff,Families,Night,Weekend,13.24,0.00845484
8943a130bc3ffff,Families,Noon,Weekday,27.085,0.017391
8943a130bc3ffff,Families,Noon,Weekend,30.527,0.019601
8943a130bc3ffff,Families,Other,Weekday,6.013,0.003343
8943a130bc3ffff,Families,Other,Weekend,6.714,0.0037327
8943a130bc3ffff,HNWI,After noon,Weekday,10.0,0.006001
8943a130bc3ffff,HNWI,After noon,Weekend,7.703,0.00462232
8943a130bc3ffff,HNWI,Morning,Weekday,17.329,0.010887
8943a130bc3ffff,HNWI,Morning,Weekend,23.425,0.0147171
8943a130bc3ffff,HNWI,Night,Weekday,29.74,0.019161
8943a130bc3ffff,HNWI,Night,Weekend,17.96,0.0115711
8943a130bc3ffff,HNWI,Noon,Weekday,8.731,0.005155
8943a130bc3ffff,HNWI,Noon,Weekend,9.53,0.00562689
8943a130bc3ffff,HNWI,Other,Weekday,17.659,0.011107
8943a130bc3ffff,HNWI,Other,Weekend,24.246,0.0152503
8943a130bc3ffff,Potential Car Buyers,After noon,Weekday,17.05,0.010701
8943a130bc3ffff,Potential Car Buyers,After noon,Weekend,15.545,0.00975615
8943a130bc3ffff,Potential Car Buyers,Morning,Weekday,24.379,0.015587
8943a130bc3ffff,Potential Car Buyers,Morning,Weekend,20.746,0.0132645
8943a130bc3ffff,Potential Car Buyers,Night,Weekday,16.315,0.010211
8943a130bc3ffff,Potential Car Buyers,Night,Weekend,20.299,0.0127045
8943a130bc3ffff,Potential Car Buyers,Noon,Weekday,30.154,0.019437
8943a130bc3ffff,Potential Car Buyers,Noon,Weekend,32.16,0.0207299
8943a130bc3ffff,Potential Car Buyers,Other,Weekday,4.234,0.002157
8943a130bc3ffff,Potential Car Buyers,Other,Weekend,2.383,0.00121388
8943a130c13ffff,Families,After noon,Weekday,14.308,0.008873
8943a130c13ffff,Families,After noon,Weekend,19.886,0.0123324
8943a130c13ffff,Families,Morning,Weekday,11.173,0.006783
8943a130c13ffff,Families,Morning,Weekend,14.396,0.00873968
8943a130c13ffff,Families,Night,Weekday,13.573,0.008383
8943a130c13ffff,Families,Night,Weekend,18.661,0.0115254
8943a130c13ffff,Families,Noon,Weekday,7.423,0.004283
8943a130c13ffff,Families,Noon,Weekend,10.101,0.00582833
8943a130c13ffff,Families,Other,Weekday,1.492,0.000329
8943a130c13ffff,Families,Other,Weekend,1.851,0.000408161
8943a130c13ffff,HNWI,After noon,Weekday,29.863,0.019243
8943a130c13ffff,HNWI,After noon,Weekend,31.354,0.0202036
8943a130c13ffff,HNWI,Morning,Weekday,7.192,0.004129
8943a130c13ffff,HNWI,Morning,Weekend,8.883,0.0050999
8943a130c13ffff,HNWI,Night,Weekday,19.603,0.012403
8943a130c13ffff,HNWI,Night,Weekend,11.046,0.00698887
8943a130c13ffff,HNWI,Noon,Weekday,28.594,0.018397
8943a130c13ffff,HNWI,Noon,Weekend,23.092,0.014857
8943a130c13ffff,HNWI,Other,Weekday,7.522,0.004349
8943a130c13ffff,HNWI,Other,Weekend,10.302,0.00595616
8943a130c13ffff,Potential Car Buyers,After noon,Weekday,6.913,0.003943
8943a130c13ffff,Potential Car Buyers,After noon,Weekend,8.478,0.00483574
8943a130c13ffff,Potential Car Buyers,Morning,Weekday,14.242,0.008829
8943a130c13ffff,Potential Car Buyers,Morning,Weekend,17.348,0.0107546
8943a130c13ffff,Potential Car Buyers,Night,Weekday,16.642,0.010429
8943a130c13ffff,Potential Car Buyers,Night,Weekend,23.086,0.0144675
8943a130c13ffff,Potential Car Buyers,Noon,Weekday,20.017,0.012679
8943a130c13ffff,Potential Car Buyers,Noon,Weekend,23.991,0.0151962
8943a130c13ffff,Potential Car Buyers,Other,Weekday,24.097,0.015399
8943a130c13ffff,Potential Car Buyers,Other,Weekend,31.039,0.0198354
8943a130c3bffff,Families,After noon,Weekday,23.611,0.015075
8943a130c3bffff,Families,After noon,Weekend,29.86,0.0190647
8943a130c3bffff,Families,Morning,Weekday,30.94,0.019961
8943a130c3bffff,Families,Morning,Weekend,44.485,0.0286998
8943a130c3bffff,Families,Night,Weekday,3.34,0.001561
8943a130c3bffff,Families,Night,Weekend,4.151,0.00194021
8943a130c3bffff,Families,Noon,Weekday,6.715,0.003811
8943a130c3bffff,Families,Noon,Weekend,3.701,0.00210043
8943a130c3bffff,Families,Other,Weekday,10.795,0.006531
8943a130c3bffff,Families,Other,Weekend,14.296,0.00864932
8943a130c3bffff,HNWI,After noon,Weekday,29.521,0.019015
8943a130c3bffff,HNWI,After noon,Weekend,36.565,0.0235519
8943a130c3bffff,HNWI,Morning,Weekday,2.002,0.000669
8943a130c3bffff,HNWI,Morning,Weekend,1.671,0.000558481
8943a130c3bffff,HNWI,Night,Weekday,28.786,0.018525
8943a130c3bffff,HNWI,Night,Weekend,31.013,0.019958
8943a130c3bffff,HNWI,Noon,Weekday,28.252,0.018169
8943a130c3bffff,HNWI,Noon,Weekend,40.395,0.025978
8943a130c3bffff,HNWI,Other,Weekday,16.705,0.010471
8943a130c3bffff,HNWI,Other,Weekend,20.151,0.0126309
8943a130c3bffff,Potential Car Buyers,After noon,Weekday,2.947,0.001299
8943a130c3bffff,Potential Car Buyers,After noon,Weekend,4.202,0.00185222
8943a130c3bffff,Potential Car Buyers,Morning,Weekday,5.428,0.002953
8943a130c3bffff,Potential Car Buyers,Morning,Weekend,4.731,0.00257362
8943a130c3bffff,Potential Car Buyers,Night,Weekday,17.839,0.011227
8943a130c3bffff,Potential Car Buyers,Night,Weekend,22.236,0.0139944
8943a130c3bffff,Potential Car Buyers,Noon,Weekday,1.678,0.000453
8943a130c3bffff,Potential Car Buyers,Noon,Weekend,1.747,0.000471559
8943a130c3bffff,Potential Car Buyers,Other,Weekday,5.758,0.003173
8943a130c3bffff,Potential Car Buyers,Other,Weekend,7.116,0.00392128
8943a130d4bffff,Families,After noon,Weekday,10.489,0.006327
8943a130d4bffff,Families,After noon,Weekend,6.822,0.00411501
8943a130d4bffff,Families,Morning,Weekday,12.97,0.007981
8943a130d4bffff,Families,Morning,Weekend,17.213,0.010592
8943a130d4bffff,Families,Night,Weekday,25.381,0.016255
8943a130d4bffff,Families,Night,Weekend,36.266,0.0232262
8943a130d4bffff,Families,Noon,Weekday,9.22,0.005481
8943a130d4bffff,Families,Noon,Weekend,5.623,0.0033429
8943a130d4bffff,Families,Other,Weekday,13.3,0.008201
8943a130d4bffff,Families,Other,Weekend,9.729,0.00599906
8943a130d4bffff,HNWI,After noon,Weekday,22.135,0.014091
8943a130d4bffff,HNWI,After noon,Weekend,14.817,0.00943257
8943a130d4bffff,HNWI,Morning,Weekday,24.616,0.015745
8943a130d4bffff,HNWI,Morning,Weekend,16.901,0.0108101
8943a130d4bffff,HNWI,Night,Weekday,21.4,0.013601
8943a130d4bffff,HNWI,Night,Weekend,13.961,0.00887311
8943a130d4bffff,HNWI,Noon,Weekday,30.391,0.019595
8943a130d4bffff,HNWI,Noon,Weekend,21.765,0.0140333
8943a130d4bffff,HNWI,Other,Weekday,9.319,0.005547
8943a130d4bffff,HNWI,Other,Weekend,5.406,0.00321799
8943a130d4bffff,Potential Car Buyers,After noon,Weekday,30.604,0.019737
8943a130d4bffff,Potential Car Buyers,After noon,Weekend,27.033,0.0174339
8943a130d4bffff,Potential Car Buyers,Morning,Weekday,7.933,0.004623
8943a130d4bffff,Potential Car Buyers,Morning,Weekend,5.886,0.00342995
8943a130d4bffff,Potential Car Buyers,Night,Weekday,4.717,0.002479
8943a130d4bffff,Potential Car Buyers,Night,Weekend,6.767,0.00355659
8943a130d4bffff,Potential Car Buyers,Noon,Weekday,4.183,0.002123
8943a130d4bffff,Potential Car Buyers,Noon,Weekend,2.351,0.00119296
8943a130d4bffff,Potential Car Buyers,Other,Weekday,17.788,0.011193
8943a130d4bffff,Potential Car Buyers,Other,Weekend,17.733,0.0111587
8943a130e07ffff,Families,After noon,Weekday,14.23,0.008821
8943a130e07ffff,Families,After noon,Weekend,16.464,0.0102057
8943a130e07ffff,Families,Morning,Weekday,21.559,0.013707
8943a130e07ffff,Families,Morning,Weekend,15.08,0.00958791
8943a130e07ffff,Families,Night,Weekday,13.495,0.008331
8943a130e07ffff,Families,Night,Weekend,18.82,0.0116184
8943a130e07ffff,Families,Noon,Weekday,7.345,0.004231
8943a130e07ffff,Families,Noon,Weekend,4.665,0.00268743
8943a130e07ffff,Families,Other,Weekday,1.414,0.000277
8943a130e07ffff,Families,Other,Weekend,1.431,0.000280266
8943a130e07ffff,HNWI,After noon,Weekday,9.025,0.005351
8943a130e07ffff,HNWI,After noon,Weekend,8.03,0.00476078
8943a130e07ffff,HNWI,Morning,Weekday,25.879,0.016587
8943a130e07ffff,HNWI,Morning,Weekend,15.993,0.0102505
8943a130e07ffff,HNWI,Night,Weekday,8.29,0.004861
8943a130e07ffff,HNWI,Night,Weekend,7.746,0.00454229
8943a130e07ffff,HNWI,Noon,Weekday,16.513,0.010343
8943a130e07ffff,HNWI,Noon,Weekend,16.525,0.0103503
8943a130e07ffff,HNWI,Other,Weekday,26.209,0.016807
8943a130e07ffff,HNWI,Other,Weekend,29.851,0.0191422
8943a130e07ffff,Potential Car Buyers,After noon,Weekday,17.299,0.010867
8943a130e07ffff,Potential Car Buyers,After noon,Weekend,18.087,0.0113621
8943a130e07ffff,Potential Car Buyers,Morning,Weekday,14.164,0.008777
8943a130e07ffff,Potential Car Buyers,Morning,Weekend,12.886,0.00798512
8943a130e07ffff,Potential Car Buyers,Night,Weekday,16.564,0.010377
8943a130e07ffff,Potential Car Buyers,Night,Weekend,10.905,0.00683153
8943a130e07ffff,Potential Car Buyers,Noon,Weekday,10.414,0.006277
8943a130e07ffff,Potential Car Buyers,Noon,Weekend,6.536,0.00393948
8943a130e07ffff,Potential Car Buyers,Other,Weekday,4.483,0.002323
8943a130e07ffff,Potential Car Buyers,Other,Weekend,6.136,0.00317957
8943a130e2fffff,Families,After noon,Weekday,7.117,0.004079
8943a130e2fffff,Families,After noon,Weekend,8.642,0.00495302
8943a130e2fffff,Families,Morning,Weekday,14.446,0.008965
8943a130e2fffff,Families,Morning,Weekend,12.146,0.00753767
8943a130e2fffff,Families,Night,Weekday,6.382,0.003589
8943a130e2fffff,Families,Night,Weekend,6.752,0.00379689
8943a130e2fffff,Families,Noon,Weekday,10.696,0.006465
8943a130e2fffff,Families,Noon,Weekend,8.556,0.00517158
8943a130e2fffff,Families,Other,Weekday,24.301,0.015535
8943a130e2fffff,Families,Other,Weekend,34.751,0.0222152
8943a130e2fffff,HNWI,After noon,Weekday,8.179,0.004787
8943a130e2fffff,HNWI,After noon,Weekend,7.287,0.00426509
8943a130e2fffff,HNWI,Morning,Weekday,15.508,0.009673
8943a130e2fffff,HNWI,Morning,Weekend,11.917,0.00743314
8943a130e2fffff,HNWI,Night,Weekday,27.919,0.017947
8943a130e2fffff,HNWI,Night,Weekend,25.776,0.0165697
8943a130e2fffff,HNWI,Noon,Weekday,1.294,0.000197
8943a130e2fffff,HNWI,Noon,Weekend,1.386,0.000210979
8943a130e2fffff,HNWI,Other,Weekday,15.838,0.009893
8943a130e2fffff,HNWI,Other,Weekend,9.139,0.00570864
8943a130e2fffff,Potential Car Buyers,After noon,Weekday,2.08,0.000721
8943a130e2fffff,Potential Car Buyers,After noon,Weekend,2.22,0.000769624
8943a130e2fffff,Potential Car Buyers,Morning,Weekday,18.934,0.011957
8943a130e2fffff,Potential Car Buyers,Morning,Weekend,21.884,0.01382
8943a130e2fffff,Potential Car Buyers,Night,Weekday,1.345,0.000231
8943a130e2fffff,Potential Car Buyers,Night,Weekend,0.954,0.000163906
8943a130e2fffff,Potential Car Buyers,Noon,Weekday,9.568,0.005713
8943a130e2fffff,Potential Car Buyers,Noon,Weekend,10.064,0.00600932
8943a130e2fffff,Potential Car Buyers,Other,Weekday,19.264,0.012177
8943a130e2fffff,Potential Car Buyers,Other,Weekend,26.903,0.0170058
8943a130e4fffff,Families,After noon,Weekday,8.968,0.005313
8943a130e4fffff,Families,After noon,Weekend,5.559,0.00329317
8943a130e4fffff,Families,Morning,Weekday,16.297,0.010199
8943a130e4fffff,Families,Morning,Weekend,21.466,0.0134341
8943a130e4fffff,Families,Night,Weekday,28.708,0.018473
8943a130e4fffff,Families,Night,Weekend,34.309,0.0220774
8943a130e4fffff,Families,Noon,Weekday,7.699,0.004467
8943a130e4fffff,Families,Noon,Weekend,6.633,0.00384837
8943a130e4fffff,Families,Other,Weekday,16.627,0.010419
8943a130e4fffff,Families,Other,Weekend,20.083,0.0125845
8943a130e4fffff,HNWI,After noon,Weekday,20.614,0.013077
8943a130e4fffff,HNWI,After noon,Weekend,27.881,0.0176869
8943a130e4fffff,HNWI,Morning,Weekday,7.468,0.004313
8943a130e4fffff,HNWI,Morning,Weekend,9.59,0.00553868
8943a130e4fffff,HNWI,Night,Weekday,19.879,0.012587
8943a130e4fffff,HNWI,Night,Weekend,14.237,0.00901453
8943a130e4fffff,HNWI,Noon,Weekday,23.254,0.014837
8943a130e4fffff,HNWI,Noon,Weekend,13.379,0.0085361
8943a130e4fffff,HNWI,Other,Weekday,7.798,0.004533
8943a130e4fffff,HNWI,Other,Weekend,10.545,0.00612971
8943a130e4fffff,Potential Car Buyers,After noon,Weekday,3.931,0.001955
8943a130e4fffff,Potential Car Buyers,After noon,Weekend,5.44,0.00270559
8943a130e4fffff,Potential Car Buyers,Morning,Weekday,11.26,0.006841
8943a130e4fffff,Potential Car Buyers,Morning,Weekend,12.066,0.00733086
8943a130e4fffff,Potential Car Buyers,Night,Weekday,3.196,0.001465
8943a130e4fffff,Potential Car Buyers,Night,Weekend,3.766,0.00172628
8943a130e4fffff,Potential Car Buyers,Noon,Weekday,27.046,0.017365
8943a130e4fffff,Potential Car Buyers,Noon,Weekend,16.88,0.0108378
8943a130e4fffff,Potential Car Buyers,Other,Weekday,21.115,0.013411
8943a130e4fffff,Potential Car Buyers,Other,Weekend,18.46,0.0117249
8943a130ed7ffff,Families,After noon,Weekday,4.954,0.002637
8943a130ed7ffff,Families,After noon,Weekend,4.072,0.00216773
8943a130ed7ffff,Families,Morning,Weekday,21.808,0.013873
8943a130ed7ffff,Families,Morning,Weekend,27.137,0.0172633
8943a130ed7ffff,Families,Night,Weekday,9.835,0.005891
8943a130ed7ffff,Families,Night,Weekend,6.198,0.00371229
8943a130ed7ffff,Families,Noon,Weekday,13.21,0.008141
8943a130ed7ffff,Families,Noon,Weekend,10.511,0.00647747
8943a130ed7ffff,Families,Other,Weekday,27.754,0.017837
8943a130ed7ffff,Families,Other,Weekend,23.977,0.0154098
8943a130ed7ffff,HNWI,After noon,Weekday,26.125,0.016751
8943a130ed7ffff,HNWI,After noon,Weekend,29.976,0.0192205
8943a130ed7ffff,HNWI,Morning,Weekday,3.454,0.001637
8943a130ed7ffff,HNWI,Morning,Weekend,4.395,0.00208292
8943a130ed7ffff,HNWI,Night,Weekday,25.39,0.016261
8943a130ed7ffff,HNWI,Night,Weekend,31.144,0.0199462
8943a130ed7ffff,HNWI,Noon,Weekday,24.856,0.015905
8943a130ed7ffff,HNWI,Noon,Weekend,16.917,0.0108249
8943a130ed7ffff,HNWI,Other,Weekday,13.309,0.008207
8943a130ed7ffff,HNWI,Other,Weekend,10.016,0.00617654
8943a130ed7ffff,Potential Car Buyers,After noon,Weekday,9.442,0.005629
8943a130ed7ffff,Potential Car Buyers,After noon,Weekend,12.211,0.00727999
8943a130ed7ffff,Potential Car Buyers,Morning,Weekday,16.771,0.010515
8943a130ed7ffff,Potential Car Buyers,Morning,Weekend,16.872,0.0105785
8943a130ed7ffff,Potential Car Buyers,Night,Weekday,29.182,0.018789
8943a130ed7ffff,Potential Car Buyers,Night,Weekend,34.207,0.0220241
8943a130ed7ffff,Potential Car Buyers,Noon,Weekday,8.173,0.004783
8943a130ed7ffff,Potential Car Buyers,Noon,Weekend,6.08,0.0035584
8943a130ed7ffff,Potential Car Buyers,Other,Weekday,17.101,0.010735
8943a130ed7ffff,Potential Car Buyers,Other,Weekend,17.601,0.0110486
8943a131133ffff,Families,After noon,Weekday,22.54,0.014361
8943a131133ffff,Families,After noon,Weekend,26.119,0.0166415
8943a131133ffff,Families,Morning,Weekday,25.021,0.016015
8943a131133ffff,Families,Morning,Weekend,24.983,0.0159906
8943a131133ffff,Families,Night,Weekday,17.896,0.011265
8943a131133ffff,Families,Night,Weekend,10.632,0.00669232
8943a131133ffff,Families,Noon,Weekday,21.271,0.013515
8943a131133ffff,Families,Noon,Weekend,16.064,0.0102064
8943a131133ffff,Families,Other,Weekday,25.351,0.016235
8943a131133ffff,Families,Other,Weekend,32.006,0.0204972
8943a131133ffff,HNWI,After noon,Weekday,4.186,0.002125
8943a131133ffff,HNWI,After noon,Weekend,3.588,0.00182127
8943a131133ffff,HNWI,Morning,Weekday,21.04,0.013361
8943a131133ffff,HNWI,Morning,Weekend,19.692,0.012505
8943a131133ffff,HNWI,Night,Weekday,3.451,0.001635
8943a131133ffff,HNWI,Night,Weekend,3.075,0.00145671
8943a131133ffff,HNWI,Noon,Weekday,12.442,0.007629
8943a131133ffff,HNWI,Noon,Weekend,7.435,0.00455896
8943a131133ffff,HNWI,Other,Weekday,21.37,0.013581
8943a131133ffff,HNWI,Other,Weekend,16.368,0.0104021
8943a131133ffff,Potential Car Buyers,After noon,Weekday,20.761,0.013175
8943a131133ffff,Potential Car Buyers,After noon,Weekend,21.382,0.0135693
8943a131133ffff,Potential Car Buyers,Morning,Weekday,28.09,0.018061
8943a131133ffff,Potential Car Buyers,Morning,Weekend,29.269,0.0188191
8943a131133ffff,Potential Car Buyers,Night,Weekday,10.501,0.006335
8943a131133ffff,Potential Car Buyers,Night,Weekend,7.212,0.0043509
8943a131133ffff,Potential Car Buyers,Noon,Weekday,24.34,0.015561
8943a131133ffff,Potential Car Buyers,Noon,Weekend,27.871,0.0178184
8943a131133ffff,Potential Car Buyers,Other,Weekday,28.42,0.018281
8943a131133ffff,Potential Car Buyers,Other,Weekend,36.894,0.0237319
8943a131833ffff,Families,After noon,Weekday,17.206,0.010805
8943a131833ffff,Families,After noon,Weekend,18.121,0.0113796
8943a131833ffff,Families,Morning,Weekday,24.535,0.015691
8943a131833ffff,Families,Morning,Weekend,16.768,0.0107238
8943a131833ffff,Families,Night,Weekday,22.087,0.014059
8943a131833ffff,Families,Night,Weekend,29.71,0.018911
8943a131833ffff,Families,Noon,Weekday,15.937,0.009959
8943a131833ffff,Families,Noon,Weekend,22.784,0.0142376
8943a131833ffff,Families,Other,Weekday,10.006,0.006005
8943a131833ffff,Families,Other,Weekend,13.645,0.00818901
8943a131833ffff,HNWI,After noon,Weekday,5.119,0.002747
8943a131833ffff,HNWI,After noon,Weekend,5.547,0.00297664
8943a131833ffff,HNWI,Morning,Weekday,7.6,0.004401
8943a131833ffff,HNWI,Morning,Weekend,7.271,0.00421022
8943a131833ffff,HNWI,Night,Weekday,4.384,0.002257
8943a131833ffff,HNWI,Night,Weekend,6.185,0.00318435
8943a131833ffff,HNWI,Noon,Weekday,3.85,0.001901
8943a131833ffff,HNWI,Noon,Weekend,4.802,0.00237101
8943a131833ffff,HNWI,Other,Weekday,22.303,0.014203
8943a131833ffff,HNWI,Other,Weekend,31.692,0.0201821
8943a131833ffff,Potential Car Buyers,After noon,Weekday,12.169,0.007447
8943a131833ffff,Potential Car Buyers,After noon,Weekend,15.665,0.00958616
8943a131833ffff,Potential Car Buyers,Morning,Weekday,29.023,0.018683
8943a131833ffff,Potential Car Buyers,Morning,Weekend,39.609,0.0254977
8943a131833ffff,Potential Car Buyers,Night,Weekday,11.434,0.006957
8943a131833ffff,Potential Car Buyers,Night,Weekend,14.545,0.00884974
8943a131833ffff,Potential Car Buyers,Noon,Weekday,20.425,0.012951
8943a131833ffff,Potential Car Buyers,Noon,Weekend,14.35,0.00909872
8943a131833ffff,Potential Car Buyers,Other,Weekday,29.353,0.018903
8943a131833ffff,Potential Car Buyers,Other,Weekend,20.571,0.0132476
8943a13188bffff,Families,After noon,Weekday,21.895,0.013931
8943a13188bffff,Families,After noon,Weekend,21.291,0.0135468
8943a13188bffff,Families,Morning,Weekday,8.749,0.005167
8943a13188bffff,Families,Morning,Weekend,10.389,0.00613533
8943a13188bffff,Families,Night,Weekday,21.16,0.013441
8943a13188bffff,Families,Night,Weekend,15.379,0.00976917
8943a13188bffff,Families,Noon,Weekday,29.383,0.018923
8943a13188bffff,Families,Noon,Weekend,26.588,0.0171231
8943a13188bffff,Families,Other,Weekday,9.079,0.005387
8943a13188bffff,Families,Other,Weekend,8.896,0.00527854
8943a13188bffff,HNWI,After noon,Weekday,7.45,0.004301
8943a13188bffff,HNWI,After noon,Weekend,6.891,0.00397827
8943a13188bffff,HNWI,Morning,Weekday,14.779,0.009187
8943a13188bffff,HNWI,Morning,Weekend,13.634,0.00847517
8943a13188bffff,HNWI,Night,Weekday,11.563,0.007043
8943a13188bffff,HNWI,Night,Weekend,16.637,0.0101338
8943a13188bffff,HNWI,Noon,Weekday,11.029,0.006687
8943a13188bffff,HNWI,Noon,Weekend,8.296,0.00502983
8943a13188bffff,HNWI,Other,Weekday,24.634,0.015757
8943a13188bffff,HNWI,Other,Weekend,15.559,0.0099521
8943a13188bffff,Potential Car Buyers,After noon,Weekday,24.964,0.015977
8943a13188bffff,Potential Car Buyers,After noon,Weekend,24.241,0.0155144
8943a13188bffff,Potential Car Buyers,Morning,Weekday,11.818,0.007213
8943a13188bffff,Potential Car Buyers,Morning,Weekend,7.554,0.00461052
8943a13188bffff,Potential Car Buyers,Night,Weekday,24.229,0.015487
8943a13188bffff,Potential Car Buyers,Night,Weekend,17.687,0.0113057
8943a13188bffff,Potential Car Buyers,Noon,Weekday,27.604,0.017737
8943a13188bffff,Potential Car Buyers,Noon,Weekend,29.081,0.0186858
8943a13188bffff,Potential Car Buyers,Other,Weekday,12.148,0.007433
8943a13188bffff,Potential Car Buyers,Other,Weekend,10.796,0.00660576
8943a13196bffff,Families,After noon,Weekday,2.995,0.001331
8943a13196bffff,Families,After noon,Weekend,1.835,0.000815391
8943a13196bffff,Families,Morning,Weekday,10.324,0.006217
8943a13196bffff,Families,Morning,Weekend,10.35,0.00623261
8943a13196bffff,Families,Night,Weekday,2.26,0.000841
8943a13196bffff,Families,Night,Weekend,2.33,0.000867178
8943a13196bffff,Families,Noon,Weekday,16.099,0.010067
8943a13196bffff,Families,Noon,Weekend,12.647,0.00790866
8943a13196bffff,Families,Other,Weekday,20.179,0.012787
8943a13196bffff,Families,Other,Weekend,11.58,0.00733782
8943a13196bffff,HNWI,After noon,Weekday,12.163,0.007443
8943a13196bffff,HNWI,After noon,Weekend,11.688,0.00715237
8943a13196bffff,HNWI,Morning,Weekday,14.644,0.009097
8943a13196bffff,HNWI,Morning,Weekend,11.707,0.00727224
8943a13196bffff,HNWI,Night,Weekday,27.055,0.017371
8943a13196bffff,HNWI,Night,Weekend,35.192,0.0225952
8943a13196bffff,HNWI,Noon,Weekday,10.894,0.006597
8943a13196bffff,HNWI,Noon,Weekend,15.444,0.00935212
8943a13196bffff,HNWI,Other,Weekday,14.974,0.009317
8943a13196bffff,HNWI,Other,Weekend,18.841,0.0117229
8943a13196bffff,Potential Car Buyers,After noon,Weekday,7.483,0.004323
8943a13196bffff,Potential Car Buyers,After noon,Weekend,10.303,0.00595195
8943a13196bffff,Potential Car Buyers,Morning,Weekday,14.812,0.009209
8943a13196bffff,Potential Car Buyers,Morning,Weekend,12.794,0.00795412
8943a13196bffff,Potential Car Buyers,Night,Weekday,27.223,0.017483
8943a13196bffff,Potential Car Buyers,Night,Weekend,29.672,0.0190557
8943a13196bffff,Potential Car Buyers,Noon,Weekday,6.214,0.003477
8943a13196bffff,Potential Car Buyers,Noon,Weekend,6.074,0.00339845
8943a13196bffff,Potential Car Buyers,Other,Weekday,15.142,0.009429
8943a13196bffff,Potential Car Buyers,Other,Weekend,18.531,0.0115394
8943a131c6bffff,Families,After noon,Weekday,4.432,0.002289
8943a131c6bffff,Families,After noon,Weekend,5.966,0.0030811
8943a131c6bffff,Families,Morning,Weekday,11.761,0.007175
8943a131c6bffff,Families,Morning,Weekend,9.826,0.0059947
8943a131c6bffff,Families,Night,Weekday,24.172,0.015449
8943a131c6bffff,Families,Night,Weekend,23.197,0.014826
8943a131c6bffff,Families,Noon,Weekday,8.011,0.004675
8943a131c6bffff,Families,Noon,Weekend,10.21,0.00595855
8943a131c6bffff,Families,Other,Weekday,12.091,0.007395
8943a131c6bffff,Families,Other,Weekend,10.231,0.00625763
8943a131c6bffff,HNWI,After noon,Weekday,16.078,0.010053
8943a131c6bffff,HNWI,After noon,Weekend,18.077,0.0113031
8943a131c6bffff,HNWI,Morning,Weekday,23.407,0.014939
8943a131c6bffff,HNWI,Morning,Weekend,28.255,0.018033
8943a131c6bffff,HNWI,Night,Weekday,15.343,0.009563
8943a131c6bffff,HNWI,Night,Weekend,11.189,0.00697364
8943a131c6bffff,HNWI,Noon,Weekday,29.182,0.018789
8943a131c6bffff,HNWI,Noon,Weekend,24.724,0.0159184
8943a131c6bffff,HNWI,Other,Weekday,3.262,0.001509
8943a131c6bffff,HNWI,Other,Weekend,1.882,0.000870843
8943a131c6bffff,Potential Car Buyers,After noon,Weekday,7.501,0.004335
8943a131c6bffff,Potential Car Buyers,After noon,Weekend,4.905,0.00283446
8943a131c6bffff,Potential Car Buyers,Morning,Weekday,14.83,0.009221
8943a131c6bffff,Potential Car Buyers,Morning,Weekend,14.42,0.00896605
8943a131c6bffff,Potential Car Buyers,Night,Weekday,27.241,0.017495
8943a131c6bffff,Potential Car Buyers,Night,Weekend,19.486,0.0125147
8943a131c6bffff,Potential Car Buyers,Noon,Weekday,6.232,0.003489
8943a131c6bffff,Potential Car Buyers,Noon,Weekend,6.203,0.00347284
8943a131c6bffff,Potential Car Buyers,Other,Weekday,15.16,0.009441
8943a131c6bffff,Potential Car Buyers,Other,Weekend,12.867,0.00801332
8943a131d17ffff,Families,After noon,Weekday,28.603,0.018403
8943a131d17ffff,Families,After noon,Weekend,19.24,0.0123787
8943a131d17ffff,Families,Morning,Weekday,5.932,0.003289
8943a131d17ffff,Families,Morning,Weekend,6.231,0.00345493
8943a131d17ffff,Families,Night,Weekday,18.343,0.011563
8943a131d17ffff,Families,Night,Weekend,15.841,0.00998607
8943a131d17ffff,Families,Noon,Weekday,2.182,0.000789
8943a131d17ffff,Families,Noon,Weekend,1.299,0.000469596
8943a131d17ffff,Families,Other,Weekday,6.262,0.003509
8943a131d17ffff,Families,Other,Weekend,8.056,0.00451418
8943a131d17ffff,HNWI,After noon,Weekday,28.246,0.018165
8943a131d17ffff,HNWI,After noon,Weekend,31.208,0.0200699
8943a131d17ffff,HNWI,Morning,Weekday,30.727,0.019819
8943a131d17ffff,HNWI,Morning,Weekend,44.362,0.0286139
8943a131d17ffff,HNWI,Night,Weekday,27.511,0.017675
8943a131d17ffff,HNWI,Night,Weekend,29.661,0.0190562
8943a131d17ffff,HNWI,Noon,Weekday,6.502,0.003669
8943a131d17ffff,HNWI,Noon,Weekend,4.123,0.00232636
8943a131d17ffff,HNWI,Other,Weekday,15.43,0.009621
8943a131d17ffff,HNWI,Other,Weekend,9.034,0.00563284
8943a131d17ffff,Potential Car Buyers,After noon,Weekday,1.672,0.000449
8943a131d17ffff,Potential Car Buyers,After noon,Weekend,2.329,0.000625305
8943a131d17ffff,Potential Car Buyers,Morning,Weekday,9.001,0.005335
8943a131d17ffff,Potential Car Buyers,Morning,Weekend,5.752,0.00340938
8943a131d17ffff,Potential Car Buyers,Night,Weekday,30.937,0.019959
8943a131d17ffff,Potential Car Buyers,Night,Weekend,37.723,0.0243372
8943a131d17ffff,Potential Car Buyers,Noon,Weekday,30.403,0.019603
8943a131d17ffff,Potential Car Buyers,Noon,Weekend,21.155,0.0136403
8943a131d17ffff,Potential Car Buyers,Other,Weekday,18.856,0.011905
8943a131d17ffff,Potential Car Buyers,Other,Weekend,23.483,0.0148261
8943a131d23ffff,Families,After noon,Weekday,8.794,0.005197
8943a131d23ffff,Families,After noon,Weekend,7.525,0.00444726
8943a131d23ffff,Families,Morning,Weekday,11.275,0.006851
8943a131d23ffff,Families,Morning,Weekend,7.24,0.00439903
8943a131d23ffff,Families,Night,Weekday,8.059,0.004707
8943a131d23ffff,Families,Night,Weekend,5.358,0.0031296
8943a131d23ffff,Families,Noon,Weekday,1.909,0.000607
8943a131d23ffff,Families,Noon,Weekend,1.755,0.000557875
8943a131d23ffff,Families,Other,Weekday,25.978,0.016653
8943a131d23ffff,Families,Other,Weekend,16.502,0.0105783
8943a131d23ffff,HNWI,After noon,Weekday,3.589,0.001727
8943a131d23ffff,HNWI,After noon,Weekend,4.28,0.00205966
8943a131d23ffff,HNWI,Morning,Weekday,20.443,0.012963
8943a131d23ffff,HNWI,Morning,Weekend,14.253,0.00903779
8943a131d23ffff,HNWI,Night,Weekday,2.854,0.001237
8943a131d23ffff,HNWI,Night,Weekend,2.197,0.000952224
8943a131d23ffff,HNWI,Noon,Weekday,11.077,0.006719
8943a131d23ffff,HNWI,Noon,Weekend,13.131,0.00796461
8943a131d23ffff,HNWI,Other,Weekday,20.773,0.013183
8943a131d23ffff,HNWI,Other,Weekend,14.771,0.00937421
8943a131d23ffff,Potential Car Buyers,After noon,Weekday,1.399,0.000267
8943a131d23ffff,Potential Car Buyers,After noon,Weekend,1.342,0.000256153
8943a131d23ffff,Potential Car Buyers,Morning,Weekday,8.728,0.005153
8943a131d23ffff,Potential Car Buyers,Morning,Weekend,11.626,0.00686404
8943a131d23ffff,Potential Car Buyers,Night,Weekday,6.28,0.003521
8943a131d23ffff,Potential Car Buyers,Night,Weekend,5.06,0.00283712
8943a131d23ffff,Potential Car Buyers,Noon,Weekday,30.13,0.019421
8943a131d23ffff,Potential Car Buyers,Noon,Weekend,37.034,0.0238711
8943a131d23ffff,Potential Car Buyers,Other,Weekday,24.199,0.015467
8943a131d23ffff,Potential Car Buyers,Other,Weekend,31.742,0.0202882
8943a132a43ffff,Families,After noon,Weekday,3.823,0.001883
8943a132a43ffff,Families,After noon,Weekend,4.558,0.00224509
8943a132a43ffff,Families,Morning,Weekday,30.688,0.019793
8943a132a43ffff,Families,Morning,Weekend,43.801,0.0282507
8943a132a43ffff,Families,Night,Weekday,3.088,0.001393
8943a132a43ffff,Families,Night,Weekend,4.159,0.00187621
8943a132a43ffff,Families,Noon,Weekday,6.463,0.003643
8943a132a43ffff,Families,Noon,Weekend,5.939,0.00334784
8943a132a43ffff,Families,Other,Weekday,21.007,0.013339
8943a132a43ffff,Families,Other,Weekend,29.633,0.0188166
8943a132a43ffff,HNWI,After noon,Weekday,19.378,0.012253
8943a132a43ffff,HNWI,After noon,Weekend,20.654,0.0130599
8943a132a43ffff,HNWI,Morning,Weekday,21.859,0.013907
8943a132a43ffff,HNWI,Morning,Weekend,18.291,0.0116367
8943a132a43ffff,HNWI,Night,Weekday,4.27,0.002181
8943a132a43ffff,HNWI,Night,Weekend,2.384,0.00121786
8943a132a43ffff,HNWI,Noon,Weekday,18.109,0.011407
8943a132a43ffff,HNWI,Noon,Weekend,24.547,0.0154622
8943a132a43ffff,HNWI,Other,Weekday,22.189,0.014127
8943a132a43ffff,HNWI,Other,Weekend,12.926,0.00822969
8943a132a43ffff,Potential Car Buyers,After noon,Weekday,18.322,0.011549
8943a132a43ffff,Potential Car Buyers,After noon,Weekend,11.784,0.00742784
8943a132a43ffff,Potential Car Buyers,Morning,Weekday,5.176,0.002785
8943a132a43ffff,Potential Car Buyers,Morning,Weekend,3.195,0.00171927
8943a132a43ffff,Potential Car Buyers,Night,Weekday,17.587,0.011059
8943a132a43ffff,Potential Car Buyers,Night,Weekend,12.605,0.00792653
8943a132a43ffff,Potential Car Buyers,Noon,Weekday,1.426,0.000285
8943a132a43ffff,Potential Car Buyers,Noon,Weekend,1.697,0.000339248
8943a132a43ffff,Potential Car Buyers,Other,Weekday,5.506,0.003005
8943a132a43ffff,Potential Car Buyers,Other,Weekend,4.853,0.00264879
8943a134523ffff,Families,After noon,Weekday,29.719,0.019147
8943a134523ffff,Families,After noon,Weekend,30.916,0.019918
8943a134523ffff,Families,Morning,Weekday,7.048,0.004033
8943a134523ffff,Families,Morning,Weekend,6.264,0.00358455
8943a134523ffff,Families,Night,Weekday,28.984,0.018657
8943a134523ffff,Families,Night,Weekend,38.883,0.0250291
8943a134523ffff,Families,Noon,Weekday,12.823,0.007883
8943a134523ffff,Families,Noon,Weekend,10.583,0.00650612
8943a134523ffff,Families,Other,Weekday,16.903,0.010603
8943a134523ffff,Families,Other,Weekend,16.598,0.0104119
8943a134523ffff,HNWI,After noon,Weekday,25.738,0.016493
8943a134523ffff,HNWI,After noon,Weekend,30.826,0.0197532
8943a134523ffff,HNWI,Morning,Weekday,28.219,0.018147
8943a134523ffff,HNWI,Morning,Weekend,15.755,0.0101316
8943a134523ffff,HNWI,Night,Weekday,10.63,0.006421
8943a134523ffff,HNWI,Night,Weekend,8.353,0.00504541
8943a134523ffff,HNWI,Noon,Weekday,18.853,0.011903
8943a134523ffff,HNWI,Noon,Weekend,19.029,0.0120144
8943a134523ffff,HNWI,Other,Weekday,28.549,0.018367
8943a134523ffff,HNWI,Other,Weekend,23.637,0.015207
8943a134523ffff,Potential Car Buyers,After noon,Weekday,2.788,0.001193
8943a134523ffff,Potential Car Buyers,After noon,Weekend,3.374,0.00144383
8943a134523ffff,Potential Car Buyers,Morning,Weekday,10.117,0.006079
8943a134523ffff,Potential Car Buyers,Morning,Weekend,12.404,0.00745304
8943a134523ffff,Potential Car Buyers,Night,Weekday,2.053,0.000703
8943a134523ffff,Potential Car Buyers,Night,Weekend,1.234,0.000422647
8943a134523ffff,Potential Car Buyers,Noon,Weekday,15.892,0.009929
8943a134523ffff,Potential Car Buyers,Noon,Weekend,12.879,0.0080466
8943a134523ffff,Potential Car Buyers,Other,Weekday,19.972,0.012649
8943a134523ffff,Potential Car Buyers,Other,Weekend,25.964,0.0164439
8943a134c3bffff,Families,After noon,Weekday,15.901,0.009935
8943a134c3bffff,Families,After noon,Weekend,10.759,0.00672216
8943a134c3bffff,Families,Morning,Weekday,18.382,0.011589
8943a134c3bffff,Families,Morning,Weekend,16.723,0.0105429
8943a134c3bffff,Families,Night,Weekday,15.166,0.009445
8943a134c3bffff,Families,Night,Weekend,13.479,0.00839442
8943a134c3bffff,Families,Noon,Weekday,14.632,0.009089
8943a134c3bffff,Families,Noon,Weekend,10.008,0.006217
8943a134c3bffff,Families,Other,Weekday,3.085,0.001391
8943a134c3bffff,Families,Other,Weekend,3.864,0.00174218
8943a134c3bffff,HNWI,After noon,Weekday,10.696,0.006465
8943a134c3bffff,HNWI,After noon,Weekend,10.219,0.00617643
8943a134c3bffff,HNWI,Morning,Weekday,18.025,0.011351
8943a134c3bffff,HNWI,Morning,Weekend,16.921,0.0106558
8943a134c3bffff,HNWI,Night,Weekday,9.961,0.005975
8943a134c3bffff,HNWI,Night,Weekend,5.669,0.00340071
8943a134c3bffff,HNWI,Noon,Weekday,23.8,0.015201
8943a134c3bffff,HNWI,Noon,Weekend,15.091,0.0096388
8943a134c3bffff,HNWI,Other,Weekday,27.88,0.017921
8943a134c3bffff,HNWI,Other,Weekend,38.514,0.0247567
8943a134c3bffff,Potential Car Buyers,After noon,Weekday,10.864,0.006577
8943a134c3bffff,Potential Car Buyers,After noon,Weekend,15.396,0.0093207
8943a134c3bffff,Potential Car Buyers,Morning,Weekday,13.345,0.008231
8943a134c3bffff,Potential Car Buyers,Morning,Weekend,12.587,0.00776361
8943a134c3bffff,Potential Car Buyers,Night,Weekday,10.129,0.006087
8943a134c3bffff,Potential Car Buyers,Night,Weekend,13.428,0.00806964
8943a134c3bffff,Potential Car Buyers,Noon,Weekday,13.504,0.008337
8943a134c3bffff,Potential Car Buyers,Noon,Weekend,13.435,0.00829471
8943a134c3bffff,Potential Car Buyers,Other,Weekday,28.048,0.018033
8943a134c3bffff,Potential Car Buyers,Other,Weekend,31.653,0.0203505
8943a134cd3ffff,Families,After noon,Weekday,9.613,0.005743
8943a134cd3ffff,Families,After noon,Weekend,7.934,0.00473967
8943a134cd3ffff,Families,Morning,Weekday,12.094,0.007397
8943a134cd3ffff,Families,Morning,Weekend,15.114,0.00924393
8943a134cd3ffff,Families,Night,Weekday,24.505,0.015671
8943a134cd3ffff,Families,Night,Weekend,22.844,0.0146091
8943a134cd3ffff,Families,Noon,Weekday,2.728,0.001153
8943a134cd3ffff,Families,Noon,Weekend,2.73,0.00115365
8943a134cd3ffff,Families,Other,Weekday,12.424,0.007617
8943a134cd3ffff,Families,Other,Weekend,11.957,0.0073305
8943a134cd3ffff,HNWI,After noon,Weekday,10.795,0.006531
8943a134cd3ffff,HNWI,After noon,Weekend,13.31,0.00805246
8943a134cd3ffff,HNWI,Morning,Weekday,18.124,0.011417
8943a134cd3ffff,HNWI,Morning,Weekend,25.727,0.0162066
8943a134cd3ffff,HNWI,Night,Weekday,10.06,0.006041
8943a134cd3ffff,HNWI,Night,Weekend,14.059,0.00844267
8943a134cd3ffff,HNWI,Noon,Weekday,23.899,0.015267
8943a134cd3ffff,HNWI,Noon,Weekend,34.391,0.0219692
8943a134cd3ffff,HNWI,Other,Weekday,27.979,0.017987
8943a134cd3ffff,HNWI,Other,Weekend,26.191,0.0168373
8943a134cd3ffff,Potential Car Buyers,After noon,Weekday,24.112,0.015409
8943a134cd3ffff,Potential Car Buyers,After noon,Weekend,18.841,0.0120406
8943a134cd3ffff,Potential Car Buyers,Morning,Weekday,1.441,0.000295
8943a134cd3ffff,Potential Car Buyers,Morning,Weekend,1.379,0.000282212
8943a134cd3ffff,Potential Car Buyers,Night,Weekday,13.852,0.008569
8943a134cd3ffff,Potential Car Buyers,Night,Weekend,8.385,0.0051868
8943a134cd3ffff,Potential Car Buyers,Noon,Weekday,27.691,0.017795
8943a134cd3ffff,Potential Car Buyers,Noon,Weekend,17.98,0.0115545
8943a134cd3ffff,Potential Car Buyers,Other,Weekday,1.771,0.000515
8943a134cd3ffff,Potential Car Buyers,Other,Weekend,1.582,0.000459972
8943a13636fffff,Families,After noon,Weekday,22.993,0.014663
8943a13636fffff,Families,After noon,Weekend,23.242,0.0148217
8943a13636fffff,Families,Morning,Weekday,9.847,0.005899
8943a13636fffff,Families,Morning,Weekend,6.139,0.00367747
8943a13636fffff,Families,Night,Weekday,22.258,0.014173
8943a13636fffff,Families,Night,Weekend,19.117,0.012173
8943a13636fffff,Families,Noon,Weekday,6.097,0.003399
8943a13636fffff,Families,Noon,Weekend,7.888,0.00439769
8943a13636fffff,Families,Other,Weekday,10.177,0.006119
8943a13636fffff,Families,Other,Weekend,12.847,0.00772406
8943a13636fffff,HNWI,After noon,Weekday,14.164,0.008777
8943a13636fffff,HNWI,After noon,Weekend,16.547,0.010254
8943a13636fffff,HNWI,Morning,Weekday,21.493,0.013663
8943a13636fffff,HNWI,Morning,Weekend,19.401,0.0123331
8943a13636fffff,HNWI,Night,Weekday,13.429,0.008287
8943a13636fffff,HNWI,Night,Weekend,18.99,0.0117185
8943a13636fffff,HNWI,Noon,Weekday,7.279,0.004187
8943a13636fffff,HNWI,Noon,Weekend,8.637,0.00496809
8943a13636fffff,HNWI,Other,Weekday,1.348,0.000233
8943a13636fffff,HNWI,Other,Weekend,1.4,0.000242061
8943a13636fffff,Potential Car Buyers,After noon,Weekday,17.59,0.011061
8943a13636fffff,Potential Car Buyers,After noon,Weekend,11.537,0.00725489
8943a13636fffff,Potential Car Buyers,Morning,Weekday,24.919,0.015947
8943a13636fffff,Potential Car Buyers,Morning,Weekend,21.596,0.0138202
8943a13636fffff,Potential Car Buyers,Night,Weekday,7.33,0.004221
8943a13636fffff,Potential Car Buyers,Night,Weekend,4.792,0.00275955
8943a13636fffff,Potential Car Buyers,Noon,Weekday,15.553,0.009703
8943a13636fffff,Potential Car Buyers,Noon,Weekend,18.939,0.0118152
8943a13636fffff,Potential Car Buyers,Other,Weekday,25.249,0.016167
8943a13636fffff,Potential Car Buyers,Other,Weekend,28.323,0.0181354
8943a136807ffff,Families,After noon,Weekday,15.523,0.009683
8943a136807ffff,Families,After noon,Weekend,10.821,0.00675013
8943a136807ffff,Families,Morning,Weekday,22.852,0.014569
8943a136807ffff,Families,Morning,Weekend,29.754,0.0189691
8943a136807ffff,Families,Night,Weekday,5.263,0.002843
8943a136807ffff,Families,Night,Weekend,6.886,0.00371976
8943a136807ffff,Families,Noon,Weekday,19.102,0.012069
8943a136807ffff,Families,Noon,Weekend,18.434,0.0116472
8943a136807ffff,Families,Other,Weekday,23.182,0.014789
8943a136807ffff,Families,Other,Weekend,13.902,0.00886899
8943a136807ffff,HNWI,After noon,Weekday,7.06,0.004041
8943a136807ffff,HNWI,After noon,Weekend,7.919,0.0045326
8943a136807ffff,HNWI,Morning,Weekday,14.389,0.008927
8943a136807ffff,HNWI,Morning,Weekend,11.463,0.00711143
8943a136807ffff,HNWI,Night,Weekday,6.325,0.003551
8943a136807ffff,HNWI,Night,Weekend,8.962,0.00503146
8943a136807ffff,HNWI,Noon,Weekday,20.164,0.012777
8943a136807ffff,HNWI,Noon,Weekend,18.522,0.0117364
8943a136807ffff,HNWI,Other,Weekday,24.244,0.015497
8943a136807ffff,HNWI,Other,Weekend,32.081,0.0205068
8943a136807ffff,Potential Car Buyers,After noon,Weekday,10.486,0.006325
8943a136807ffff,Potential Car Buyers,After noon,Weekend,12.94,0.00780533
8943a136807ffff,Potential Car Buyers,Morning,Weekday,17.815,0.011211
8943a136807ffff,Potential Car Buyers,Morning,Weekend,11.076,0.00697031
8943a136807ffff,Potential Car Buyers,Night,Weekday,9.751,0.005835
8943a136807ffff,Potential Car Buyers,Night,Weekend,6.87,0.00411102
8943a136807ffff,Potential Car Buyers,Noon,Weekday,14.065,0.008711
8943a136807ffff,Potential Car Buyers,Noon,Weekend,11.517,0.0071327
8943a136807ffff,Potential Car Buyers,Other,Weekday,27.67,0.017781
8943a136807ffff,Potential Car Buyers,Other,Weekend,31.903,0.0205009
8943a13682fffff,Families,After noon,Weekday,12.577,0.007719
8943a13682fffff,Families,After noon,Weekend,16.47,0.0101085
8943a13682fffff,Families,Morning,Weekday,19.906,0.012605
8943a13682fffff,Families,Morning,Weekend,20.776,0.0131561
8943a13682fffff,Families,Night,Weekday,11.842,0.007229
8943a13682fffff,Families,Night,Weekend,9.823,0.00599623
8943a13682fffff,Families,Noon,Weekday,11.308,0.006873
8943a13682fffff,Families,Noon,Weekend,9.666,0.00587505
8943a13682fffff,Families,Other,Weekday,29.761,0.019175
8943a13682fffff,Families,Other,Weekend,35.664,0.0229782
8943a13682fffff,HNWI,After noon,Weekday,30.49,0.019661
8943a13682fffff,HNWI,After noon,Weekend,29.139,0.0187898
8943a13682fffff,HNWI,Morning,Weekday,2.971,0.001315
8943a13682fffff,HNWI,Morning,Weekend,3.683,0.00163033
8943a13682fffff,HNWI,Night,Weekday,29.755,0.019171
8943a13682fffff,HNWI,Night,Weekend,36.487,0.0235083
8943a13682fffff,HNWI,Noon,Weekday,23.605,0.015071
8943a13682fffff,HNWI,Noon,Weekend,26.763,0.017087
8943a13682fffff,HNWI,Other,Weekday,17.674,0.011117
8943a13682fffff,HNWI,Other,Weekend,20.003,0.012582
8943a13682fffff,Potential Car Buyers,After noon,Weekday,7.54,0.004361
8943a13682fffff,Potential Car Buyers,After noon,Weekend,8.507,0.00492036
8943a13682fffff,Potential Car Buyers,Morning,Weekday,10.021,0.006015
8943a13682fffff,Potential Car Buyers,Morning,Weekend,9.378,0.00562913
8943a13682fffff,Potential Car Buyers,Night,Weekday,6.805,0.003871
8943a13682fffff,Potential Car Buyers,Night,Weekend,8.744,0.00497418
8943a13682fffff,Potential Car Buyers,Noon,Weekday,15.796,0.009865
8943a13682fffff,Potential Car Buyers,Noon,Weekend,11.202,0.00699598
8943a13682fffff,Potential Car Buyers,Other,Weekday,24.724,0.015817
8943a13682fffff,Potential Car Buyers,Other,Weekend,27.204,0.0174037
8943a13684fffff,Families,After noon,Weekday,16.855,0.010571
8943a13684fffff,Families,After noon,Weekend,10.055,0.00630644
8943a13684fffff,Families,Morning,Weekday,19.336,0.012225
8943a13684fffff,Families,Morning,Weekend,16.974,0.0107318
8943a13684fffff,Families,Night,Weekday,12.211,0.007475
8943a13684fffff,Families,Night,Weekend,12.749,0.00780431
8943a13684fffff,Families,Noon,Weekday,15.586,0.009725
8943a13684fffff,Families,Noon,Weekend,13.208,0.00824108
8943a13684fffff,Families,Other,Weekday,30.13,0.019421
8943a13684fffff,Families,Other,Weekend,28.081,0.0181
8943a13684fffff,HNWI,After noon,Weekday,11.65,0.007101
8943a13684fffff,HNWI,After noon,Weekend,10.499,0.00639956
8943a13684fffff,HNWI,Morning,Weekday,18.979,0.011987
8943a13684fffff,HNWI,Morning,Weekend,14.321,0.00904495
8943a13684fffff,HNWI,Night,Weekday,21.379,0.013587
8943a13684fffff,HNWI,Night,Weekend,28.412,0.0180564
8943a13684fffff,HNWI,Noon,Weekday,24.754,0.015837
8943a13684fffff,HNWI,Noon,Weekend,24.72,0.0158152
8943a13684fffff,HNWI,Other,Weekday,9.298,0.005533
8943a13684fffff,HNWI,Other,Weekend,5.89,0.00350478
8943a13684fffff,Potential Car Buyers,After noon,Weekday,15.076,0.009385
8943a13684fffff,Potential Car Buyers,After noon,Weekend,16.965,0.0105611
8943a13684fffff,Potential Car Buyers,Morning,Weekday,22.405,0.014271
8943a13684fffff,Potential Car Buyers,Morning,Weekend,26.23,0.0167076
8943a13684fffff,Potential Car Buyers,Night,Weekday,4.816,0.002545
8943a13684fffff,Potential Car Buyers,Night,Weekend,4.339,0.00229272
8943a13684fffff,Potential Car Buyers,Noon,Weekday,18.655,0.011771
8943a13684fffff,Potential Car Buyers,Noon,Weekend,12.322,0.00777526
8943a13684fffff,Potential Car Buyers,Other,Weekday,22.735,0.014491
8943a13684fffff,Potential Car Buyers,Other,Weekend,29.536,0.0188262
8943a1368b7ffff,Families,After noon,Weekday,16.729,0.010487
8943a1368b7ffff,Families,After noon,Weekend,23.288,0.0145989
8943a1368b7ffff,Families,Morning,Weekday,24.058,0.015373
8943a1368b7ffff,Families,Morning,Weekend,32.654,0.0208661
8943a1368b7ffff,Families,Night,Weekday,6.469,0.003647
8943a1368b7ffff,Families,Night,Weekend,8.373,0.00472018
8943a1368b7ffff,Families,Noon,Weekday,20.308,0.012873
8943a1368b7ffff,Families,Noon,Weekend,23.946,0.0151792
8943a1368b7ffff,Families,Other,Weekday,24.388,0.015593
8943a1368b7ffff,Families,Other,Weekend,23.682,0.0151413
8943a1368b7ffff,HNWI,After noon,Weekday,28.375,0.018251
8943a1368b7ffff,HNWI,After noon,Weekend,40.032,0.0257489
8943a1368b7ffff,HNWI,Morning,Weekday,5.704,0.003137
8943a1368b7ffff,HNWI,Morning,Weekend,7.704,0.00423692
8943a1368b7ffff,HNWI,Night,Weekday,27.64,0.017761
8943a1368b7ffff,HNWI,Night,Weekend,24.474,0.0157268
8943a1368b7ffff,HNWI,Noon,Weekday,11.479,0.006987
8943a1368b7ffff,HNWI,Noon,Weekend,7.958,0.00484371
8943a1368b7ffff,HNWI,Other,Weekday,15.559,0.009707
8943a1368b7ffff,HNWI,Other,Weekend,9.452,0.00589706
8943a1368b7ffff,Potential Car Buyers,After noon,Weekday,11.692,0.007129
8943a1368b7ffff,Potential Car Buyers,After noon,Weekend,15.961,0.00973167
8943a1368b7ffff,Potential Car Buyers,Morning,Weekday,19.021,0.012015
8943a1368b7ffff,Potential Car Buyers,Morning,Weekend,20.113,0.0127048
8943a1368b7ffff,Potential Car Buyers,Night,Weekday,10.957,0.006639
8943a1368b7ffff,Potential Car Buyers,Night,Weekend,11.882,0.00719959
8943a1368b7ffff,Potential Car Buyers,Noon,Weekday,10.423,0.006283
8943a1368b7ffff,Potential Car Buyers,Noon,Weekend,6.526,0.00393364
8943a1368b7ffff,Potential Car Buyers,Other,Weekday,19.351,0.012235
8943a1368b7ffff,Potential Car Buyers,Other,Weekend,21.544,0.0136213
8943a1368d7ffff,Families,After noon,Weekday,23.797,0.015199
8943a1368d7ffff,Families,After noon,Weekend,18.843,0.012035
8943a1368d7ffff,Families,Morning,Weekday,1.126,8.5e-05
8943a1368d7ffff,Families,Morning,Weekend,0.704,5.31491e-05
8943a1368d7ffff,Families,Night,Weekday,23.062,0.014709
8943a1368d7ffff,Families,Night,Weekend,16.483,0.0105129
8943a1368d7ffff,Families,Noon,Weekday,16.912,0.010609
8943a1368d7ffff,Families,Noon,Weekend,19.213,0.0120526
8943a1368d7ffff,Families,Other,Weekday,10.981,0.006655
8943a1368d7ffff,Families,Other,Weekend,11.234,0.00680822
8943a1368d7ffff,HNWI,After noon,Weekday,9.352,0.005569
8943a1368d7ffff,HNWI,After noon,Weekend,10.922,0.00650406
8943a1368d7ffff,HNWI,Morning,Weekday,16.681,0.010455
8943a1368d7ffff,HNWI,Morning,Weekend,14.192,0.00889486
8943a1368d7ffff,HNWI,Night,Weekday,29.092,0.018729
8943a1368d7ffff,HNWI,Night,Weekend,20.143,0.0129676
8943a1368d7ffff,HNWI,Noon,Weekday,12.931,0.007955
8943a1368d7ffff,HNWI,Noon,Weekend,13.097,0.00805735
8943a1368d7ffff,HNWI,Other,Weekday,17.011,0.010675
8943a1368d7ffff,HNWI,Other,Weekend,17.335,0.0108781
8943a1368d7ffff,Potential Car Buyers,After noon,Weekday,13.144,0.008097
8943a1368d7ffff,Potential Car Buyers,After noon,Weekend,16.442,0.0101285
8943a1368d7ffff,Potential Car Buyers,Morning,Weekday,29.998,0.019333
8943a1368d7ffff,Potential Car Buyers,Morning,Weekend,35.177,0.0226704
8943a1368d7ffff,Potential Car Buyers,Night,Weekday,12.409,0.007607
8943a1368d7ffff,Potential Car Buyers,Night,Weekend,14.071,0.00862578
8943a1368d7ffff,Potential Car Buyers,Noon,Weekday,26.248,0.016833
8943a1368d7ffff,Potential Car Buyers,Noon,Weekend,16.598,0.0106444
8943a1368d7ffff,Potential Car Buyers,Other,Weekday,30.328,0.019553
8943a1368d7ffff,Potential Car Buyers,Other,Weekend,26.653,0.0171839
8943a1369c7ffff,Families,After noon,Weekday,25.882,0.016589
8943a1369c7ffff,Families,After noon,Weekend,21.601,0.0138448
8943a1369c7ffff,Families,Morning,Weekday,12.736,0.007825
8943a1369c7ffff,Families,Morning,Weekend,16.182,0.00994209
8943a1369c7ffff,Families,Night,Weekday,25.147,0.016099
8943a1369c7ffff,Families,Night,Weekend,21.561,0.013803
8943a1369c7ffff,Families,Noon,Weekday,3.37,0.001581
8943a1369c7ffff,Families,Noon,Weekend,3.668,0.0017209
8943a1369c7ffff,Families,Other,Weekday,13.066,0.008045
8943a1369c7ffff,Families,Other,Weekend,16.271,0.0100182
8943a1369c7ffff,HNWI,After noon,Weekday,8.179,0.004787
8943a1369c7ffff,HNWI,After noon,Weekend,11.774,0.00689102
8943a1369c7ffff,HNWI,Morning,Weekday,10.66,0.006441
8943a1369c7ffff,HNWI,Morning,Weekend,7.523,0.00454562
8943a1369c7ffff,HNWI,Night,Weekday,7.444,0.004297
8943a1369c7ffff,HNWI,Night,Weekend,7.891,0.00455529
8943a1369c7ffff,HNWI,Noon,Weekday,16.435,0.010291
8943a1369c7ffff,HNWI,Noon,Weekend,20.164,0.0126257
8943a1369c7ffff,HNWI,Other,Weekday,25.363,0.016243
8943a1369c7ffff,HNWI,Other,Weekend,35.509,0.022741
8943a1369c7ffff,Potential Car Buyers,After noon,Weekday,24.754,0.015837
8943a1369c7ffff,Potential Car Buyers,After noon,Weekend,35.749,0.0228716
8943a1369c7ffff,Potential Car Buyers,Morning,Weekday,2.083,0.000723
8943a1369c7ffff,Potential Car Buyers,Morning,Weekend,1.946,0.000675439
8943a1369c7ffff,Potential Car Buyers,Night,Weekday,14.494,0.008997
8943a1369c7ffff,Potential Car Buyers,Night,Weekend,13.973,0.00867379
8943a1369c7ffff,Potential Car Buyers,Noon,Weekday,28.333,0.018223
8943a1369c7ffff,Potential Car Buyers,Noon,Weekend,25.662,0.0165053
8943a1369c7ffff,Potential Car Buyers,Other,Weekday,2.413,0.000943
8943a1369c7ffff,Potential Car Buyers,Other,Weekend,1.642,0.000641808
8943a136a4bffff,Families,After noon,Weekday,14.197,0.008799
8943a136a4bffff,Families,After noon,Weekend,20.263,0.0125587
8943a136a4bffff,Families,Morning,Weekday,1.051,3.5e-05
8943a136a4bffff,Families,Morning,Weekend,0.608,2.02347e-05
8943a136a4bffff,Families,Night,Weekday,13.462,0.008309
8943a136a4bffff,Families,Night,Weekend,9.923,0.00612482
8943a136a4bffff,Families,Noon,Weekday,22.453,0.014303
8943a136a4bffff,Families,Noon,Weekend,24.391,0.0155376
8943a136a4bffff,Families,Other,Weekday,1.381,0.000255
8943a136a4bffff,Families,Other,Weekend,0.918,0.000169451
8943a136a4bffff,HNWI,After noon,Weekday,5.368,0.002913
8943a136a4bffff,HNWI,After noon,Weekend,7.498,0.00406894
8943a136a4bffff,HNWI,Morning,Weekday,12.697,0.007799
8943a136a4bffff,HNWI,Morning,Weekend,14.531,0.00892541
8943a136a4bffff,HNWI,Night,Weekday,4.633,0.002423
8943a136a4bffff,HNWI,Night,Weekend,5.576,0.00291643
8943a136a4bffff,HNWI,Noon,Weekday,28.483,0.018323
8943a136a4bffff,HNWI,Noon,Weekend,33.659,0.0216524
8943a136a4bffff,HNWI,Other,Weekday,22.552,0.014369
8943a136a4bffff,HNWI,Other,Weekend,22.821,0.0145406
8943a136a4bffff,Potential Car Buyers,After noon,Weekday,12.418,0.007613
8943a136a4bffff,Potential Car Buyers,After noon,Weekend,6.982,0.00428017
8943a136a4bffff,Potential Car Buyers,Morning,Weekday,29.272,0.018849
8943a136a4bffff,Potential Car Buyers,Morning,Weekend,39.841,0.0256549
8943a136a4bffff,Potential Car Buyers,Night,Weekday,11.683,0.007123
8943a136a4bffff,Potential Car Buyers,Night,Weekend,16.845,0.0102701
8943a136a4bffff,Potential Car Buyers,Noon,Weekday,25.522,0.016349
8943a136a4bffff,Potential Car Buyers,Noon,Weekend,20.116,0.0128859
8943a136a4bffff,Potential Car Buyers,Other,Weekday,29.602,0.019069
8943a136a4bffff,Potential Car Buyers,Other,Weekend,18.486,0.011908
8943a136b2bffff,Families,After noon,Weekday,26.83,0.017221
8943a136b2bffff,Families,After noon,Weekend,19.708,0.0126494
8943a136b2bffff,Families,Morning,Weekday,4.159,0.002107
8943a136b2bffff,Families,Morning,Weekend,5.913,0.00299581
8943a136b2bffff,Families,Night,Weekday,26.095,0.016731
8943a136b2bffff,Families,Night,Weekend,35.116,0.022515
8943a136b2bffff,Families,Noon,Weekday,30.409,0.019607
8943a136b2bffff,Families,Noon,Weekend,32.878,0.021199
8943a136b2bffff,Families,Other,Weekday,14.014,0.008677
8943a136b2bffff,Families,Other,Weekend,17.528,0.0108526
8943a136b2bffff,HNWI,After noon,Weekday,12.385,0.007591
8943a136b2bffff,HNWI,After noon,Weekend,11.457,0.00702195
8943a136b2bffff,HNWI,Morning,Weekday,19.714,0.012477
8943a136b2bffff,HNWI,Morning,Weekend,24.617,0.0155804
8943a136b2bffff,HNWI,Night,Weekday,7.741,0.004495
8943a136b2bffff,HNWI,Night,Weekend,10.794,0.00626809
8943a136b2bffff,HNWI,Noon,Weekday,15.964,0.009977
8943a136b2bffff,HNWI,Noon,Weekend,13.163,0.0082266
8943a136b2bffff,HNWI,Other,Weekday,25.66,0.016441
8943a136b2bffff,HNWI,Other,Weekend,22.149,0.0141916
8943a136b2bffff,Potential Car Buyers,After noon,Weekday,16.177,0.010119
8943a136b2bffff,Potential Car Buyers,After noon,Weekend,17.853,0.0111674
8943a136b2bffff,Potential Car Buyers,Morning,Weekday,23.506,0.015005
8943a136b2bffff,Potential Car Buyers,Morning,Weekend,13.153,0.00839589
8943a136b2bffff,Potential Car Buyers,Night,Weekday,21.058,0.013373
8943a136b2bffff,Potential Car Buyers,Night,Weekend,24.697,0.0156838
8943a136b2bffff,Potential Car Buyers,Noon,Weekday,29.281,0.018855
8943a136b2bffff,Potential Car Buyers,Noon,Weekend,40.65,0.026176
8943a136b2bffff,Potential Car Buyers,Other,Weekday,8.977,0.005319
8943a136b2bffff,Potential Car Buyers,Other,Weekend,12.249,0.0072578
8943a136bc3ffff,Families,After noon,Weekday,28.417,0.018279
8943a136bc3ffff,Families,After noon,Weekend,37.086,0.0238555
8943a136bc3ffff,Families,Morning,Weekday,5.746,0.003165
8943a136bc3ffff,Families,Morning,Weekend,7.428,0.0040913
8943a136bc3ffff,Families,Night,Weekday,27.682,0.017789
8943a136bc3ffff,Families,Night,Weekend,39.737,0.0255355
8943a136bc3ffff,Families,Noon,Weekday,11.521,0.007015
8943a136bc3ffff,Families,Noon,Weekend,6.812,0.0041478
8943a136bc3ffff,Families,Other,Weekday,15.601,0.009735
8943a136bc3ffff,Families,Other,Weekend,8.651,0.00539798
8943a136bc3ffff,HNWI,After noon,Weekday,19.588,0.012393
8943a136bc3ffff,HNWI,After noon,Weekend,27.261,0.0172474
8943a136bc3ffff,HNWI,Morning,Weekday,21.301,0.013535
8943a136bc3ffff,HNWI,Morning,Weekend,29.512,0.0187522
8943a136bc3ffff,HNWI,Night,Weekday,18.853,0.011903
8943a136bc3ffff,HNWI,Night,Weekend,22.731,0.0143517
8943a136bc3ffff,HNWI,Noon,Weekday,12.703,0.007803
8943a136bc3ffff,HNWI,Noon,Weekend,12.026,0.00738714
8943a136bc3ffff,HNWI,Other,Weekday,6.772,0.003849
8943a136bc3ffff,HNWI,Other,Weekend,4.077,0.00231711
8943a136bc3ffff,Potential Car Buyers,After noon,Weekday,1.486,0.000325
8943a136bc3ffff,Potential Car Buyers,After noon,Weekend,1.537,0.000336096
8943a136bc3ffff,Potential Car Buyers,Morning,Weekday,18.34,0.011561
8943a136bc3ffff,Potential Car Buyers,Morning,Weekend,23.855,0.0150374
8943a136bc3ffff,Potential Car Buyers,Night,Weekday,30.751,0.019835
8943a136bc3ffff,Potential Car Buyers,Night,Weekend,30.412,0.0196167
8943a136bc3ffff,Potential Car Buyers,Noon,Weekday,4.126,0.002085
8943a136bc3ffff,Potential Car Buyers,Noon,Weekend,2.656,0.00134201
8943a136bc3ffff,Potential Car Buyers,Other,Weekday,18.67,0.011781
8943a136bc3ffff,Potential Car Buyers,Other,Weekend,25.326,0.0159808
8943a136c5bffff,Families,After noon,Weekday,2.473,0.000983
8943a136c5bffff,Families,After noon,Weekend,1.785,0.000709508
8943a136c5bffff,Families,Morning,Weekday,9.802,0.005869
8943a136c5bffff,Families,Morning,Weekend,11.127,0.00666247
8943a136c5bffff,Families,Night,Weekday,22.213,0.014143
8943a136c5bffff,Families,Night,Weekend,31.02,0.0197504
8943a136c5bffff,Families,Noon,Weekday,1.204,0.000137
8943a136c5bffff,Families,Noon,Weekend,1.349,0.000153452
8943a136c5bffff,Families,Other,Weekday,10.132,0.006089
8943a136c5bffff,Families,Other,Weekend,10.142,0.006095
8943a136c5bffff,HNWI,After noon,Weekday,14.119,0.008747
8943a136c5bffff,HNWI,After noon,Weekend,13.581,0.00841378
8943a136c5bffff,HNWI,Morning,Weekday,30.973,0.019983
8943a136c5bffff,HNWI,Morning,Weekend,35.264,0.0227514
8943a136c5bffff,HNWI,Night,Weekday,13.384,0.008257
8943a136c5bffff,HNWI,Night,Weekend,15.474,0.00954616
8943a136c5bffff,HNWI,Noon,Weekday,27.223,0.017483
8943a136c5bffff,HNWI,Noon,Weekend,36.702,0.0235704
8943a136c5bffff,HNWI,Other,Weekday,1.303,0.000203
8943a136c5bffff,HNWI,Other,Weekend,0.834,0.000129881
8943a136c5bffff,Potential Car Buyers,After noon,Weekday,27.436,0.017625
8943a136c5bffff,Potential Car Buyers,After noon,Weekend,22.98,0.0147623
8943a136c5bffff,Potential Car Buyers,Morning,Weekday,4.765,0.002511
8943a136c5bffff,Potential Car Buyers,Morning,Weekend,4.444,0.0023418
8943a136c5bffff,Potential Car Buyers,Night,Weekday,26.701,0.017135
8943a136c5bffff,Potential Car Buyers,Night,Weekend,16.131,0.0103516
8943a136c5bffff,Potential Car Buyers,Noon,Weekday,26.167,0.016779
8943a136c5bffff,Potential Car Buyers,Noon,Weekend,18.634,0.0119488
8943a136c5bffff,Potential Car Buyers,Other,Weekday,14.62,0.009081
8943a136c5bffff,Potential Car Buyers,Other,Weekend,18.568,0.0115336
8943a136c8bffff,Families,After noon,Weekday,19.462,0.012309
8943a136c8bffff,Families,After noon,Weekend,17.578,0.0111176
8943a136c8bffff,Families,Morning,Weekday,6.316,0.003545
8943a136c8bffff,Families,Morning,Weekend,8.398,0.0047134
8943a136c8bffff,Families,Night,Weekday,18.727,0.011819
8943a136c8bffff,Families,Night,Weekend,15.565,0.00982369
8943a136c8bffff,Families,Noon,Weekday,22.102,0.014069
8943a136c8bffff,Families,Noon,Weekend,22.155,0.0141027
8943a136c8bffff,Families,Other,Weekday,6.646,0.003765
8943a136c8bffff,Families,Other,Weekend,7.509,0.00425416
8943a136c8bffff,HNWI,After noon,Weekday,28.63,0.018421
8943a136c8bffff,HNWI,After noon,Weekend,27.744,0.017851
8943a136c8bffff,HNWI,Morning,Weekday,1.111,7.5e-05
8943a136c8bffff,HNWI,Morning,Weekend,0.969,6.54471e-05
8943a136c8bffff,HNWI,Night,Weekday,13.522,0.008349
8943a136c8bffff,HNWI,Night,Weekend,18.481,0.0114112
8943a136c8bffff,HNWI,Noon,Weekday,21.745,0.013831
8943a136c8bffff,HNWI,Noon,Weekend,23.058,0.0146661
8943a136c8bffff,HNWI,Other,Weekday,1.441,0.000295
8943a136c8bffff,HNWI,Other,Weekend,1.808,0.000370196
8943a136c8bffff,Potential Car Buyers,After noon,Weekday,18.334,0.011557
8943a136c8bffff,Potential Car Buyers,After noon,Weekend,13.613,0.008581
8943a136c8bffff,Potential Car Buyers,Morning,Weekday,20.815,0.013211
8943a136c8bffff,Potential Car Buyers,Morning,Weekend,29.436,0.0186825
8943a136c8bffff,Potential Car Buyers,Night,Weekday,8.074,0.004717
8943a136c8bffff,Potential Car Buyers,Night,Weekend,9.135,0.00533696
8943a136c8bffff,Potential Car Buyers,Noon,Weekday,17.065,0.010711
8943a136c8bffff,Potential Car Buyers,Noon,Weekend,12.169,0.00763797
8943a136c8bffff,Potential Car Buyers,Other,Weekday,25.993,0.016663
8943a136c8bffff,Potential Car Buyers,Other,Weekend,37.375,0.0239598
8943a136d5bffff,Families,After noon,Weekday,18.106,0.011405
8943a136d5bffff,Families,After noon,Weekend,18.964,0.0119456
8943a136d5bffff,Families,Morning,Weekday,4.96,0.002641
8943a136d5bffff,Families,Morning,Weekend,6.141,0.00326964
8943a136d5bffff,Families,Night,Weekday,17.371,0.010915
8943a136d5bffff,Families,Night,Weekend,10.406,0.0065387
8943a136d5bffff,Families,Noon,Weekday,1.21,0.000141
8943a136d5bffff,Families,Noon,Weekend,0.716,8.33887e-05
8943a136d5bffff,Families,Other,Weekday,5.29,0.002861
8943a136d5bffff,Families,Other,Weekend,4.045,0.00218752
8943a136d5bffff,HNWI,After noon,Weekday,14.125,0.008751
8943a136d5bffff,HNWI,After noon,Weekend,18.133,0.0112343
8943a136d5bffff,HNWI,Morning,Weekday,16.606,0.010405
8943a136d5bffff,HNWI,Morning,Weekend,23.23,0.0145553
8943a136d5bffff,HNWI,Night,Weekday,13.39,0.008261
8943a136d5bffff,HNWI,Night,Weekend,19.017,0.0117326
8943a136d5bffff,HNWI,Noon,Weekday,12.856,0.007905
8943a136d5bffff,HNWI,Noon,Weekend,13.955,0.00858084
8943a136d5bffff,HNWI,Other,Weekday,1.309,0.000207
8943a136d5bffff,HNWI,Other,Weekend,1.681,0.000265849
8943a136d5bffff,Potential Car Buyers,After noon,Weekday,21.175,0.013451
8943a136d5bffff,Potential Car Buyers,After noon,Weekend,14.514,0.00921972
8943a136d5bffff,Potential Car Buyers,Morning,Weekday,8.029,0.004687
8943a136d5bffff,Potential Car Buyers,Morning,Weekend,10.803,0.00630643
8943a136d5bffff,Potential Car Buyers,Night,Weekday,20.44,0.012961
8943a136d5bffff,Potential Car Buyers,Night,Weekend,16.089,0.0102017
8943a136d5bffff,Potential Car Buyers,Noon,Weekday,4.279,0.002187
8943a136d5bffff,Potential Car Buyers,Noon,Weekend,5.879,0.00300487
8943a136d5bffff,Potential Car Buyers,Other,Weekday,8.359,0.004907
8943a136d5bffff,Potential Car Buyers,Other,Weekend,5.772,0.0033886
8943a136e2fffff,Families,After noon,Weekday,22.084,0.014057
8943a136e2fffff,Families,After noon,Weekend,31.084,0.0197856
8943a136e2fffff,Families,Morning,Weekday,29.413,0.018943
8943a136e2fffff,Families,Morning,Weekend,17.524,0.0112859
8943a136e2fffff,Families,Night,Weekday,11.824,0.007217
8943a136e2fffff,Families,Night,Weekend,9.296,0.00567403
8943a136e2fffff,Families,Noon,Weekday,20.815,0.013211
8943a136e2fffff,Families,Noon,Weekend,24.053,0.0152664
8943a136e2fffff,Families,Other,Weekday,29.743,0.019163
8943a136e2fffff,Families,Other,Weekend,37.691,0.0242838
8943a136e2fffff,HNWI,After noon,Weekday,21.727,0.013819
8943a136e2fffff,HNWI,After noon,Weekend,25.303,0.0160933
8943a136e2fffff,HNWI,Morning,Weekday,24.208,0.015473
8943a136e2fffff,HNWI,Morning,Weekend,30.509,0.0195003
8943a136e2fffff,HNWI,Night,Weekday,20.992,0.013329
8943a136e2fffff,HNWI,Night,Weekend,18.775,0.0119215
8943a136e2fffff,HNWI,Noon,Weekday,29.983,0.019323
8943a136e2fffff,HNWI,Noon,Weekend,38.679,0.0249276
8943a136e2fffff,HNWI,Other,Weekday,8.911,0.005275
8943a136e2fffff,HNWI,Other,Weekend,6.481,0.00383656
8943a136e2fffff,Potential Car Buyers,After noon,Weekday,25.153,0.016103
8943a136e2fffff,Potential Car Buyers,After noon,Weekend,14.006,0.00896662
8943a136e2fffff,Potential Car Buyers,Morning,Weekday,27.634,0.017757
8943a136e2fffff,Potential Car Buyers,Morning,Weekend,38.933,0.0250173
8943a136e2fffff,Potential Car Buyers,Night,Weekday,24.418,0.015613
8943a136e2fffff,Potential Car Buyers,Night,Weekend,21.341,0.0136458
8943a136e2fffff,Potential Car Buyers,Noon,Weekday,23.884,0.015257
8943a136e2fffff,Potential Car Buyers,Noon,Weekend,24.375,0.0155707
8943a136e2fffff,Potential Car Buyers,Other,Weekday,27.964,0.017977
8943a136e2fffff,Potential Car Buyers,Other,Weekend,28.239,0.0181535
8943a136ed7ffff,Families,After noon,Weekday,4.429,0.002287
8943a136ed7ffff,Families,After noon,Weekend,3.551,0.00183384
8943a136ed7ffff,Families,Morning,Weekday,11.758,0.007173
8943a136ed7ffff,Families,Morning,Weekend,13.28,0.00810179
8943a136ed7ffff,Families,Night,Weekday,3.694,0.001797
8943a136ed7ffff,Families,Night,Weekend,4.501,0.00218937
8943a136ed7ffff,Families,Noon,Weekday,3.16,0.001441
8943a136ed7ffff,Families,Noon,Weekend,3.782,0.00172467
8943a136ed7ffff,Families,Other,Weekday,21.613,0.013743
8943a136ed7ffff,Families,Other,Weekend,17.335,0.0110227
8943a136ed7ffff,HNWI,After noon,Weekday,25.6,0.016401
8943a136ed7ffff,HNWI,After noon,Weekend,20.617,0.0132086
8943a136ed7ffff,HNWI,Morning,Weekday,2.929,0.001287
8943a136ed7ffff,HNWI,Morning,Weekend,4.073,0.00178951
8943a136ed7ffff,HNWI,Night,Weekday,15.34,0.009561
8943a136ed7ffff,HNWI,Night,Weekend,17.821,0.0111073
8943a136ed7ffff,HNWI,Noon,Weekday,29.179,0.018787
8943a136ed7ffff,HNWI,Noon,Weekend,25.367,0.0163326
8943a136ed7ffff,HNWI,Other,Weekday,3.259,0.001507
8943a136ed7ffff,HNWI,Other,Weekend,3.412,0.0015778
8943a136ed7ffff,Potential Car Buyers,After noon,Weekday,7.498,0.004333
8943a136ed7ffff,Potential Car Buyers,After noon,Weekend,6.996,0.00404311
8943a136ed7ffff,Potential Car Buyers,Morning,Weekday,9.979,0.005987
8943a136ed7ffff,Potential Car Buyers,Morning,Weekend,8.754,0.00525226
8943a136ed7ffff,Potential Car Buyers,Night,Weekday,6.763,0.003843
8943a136ed7ffff,Potential Car Buyers,Night,Weekend,4.2,0.00238683
8943a136ed7ffff,Potential Car Buyers,Noon,Weekday,15.754,0.009837
8943a136ed7ffff,Potential Car Buyers,Noon,Weekend,12.05,0.00752422
8943a136ed7ffff,Potential Car Buyers,Other,Weekday,24.682,0.015789
8943a136ed7ffff,Potential Car Buyers,Other,Weekend,33.966,0.021728
8943a291037ffff,Families,After noon,Weekday,8.983,0.005323
8943a291037ffff,Families,After noon,Weekend,9.329,0.00552804
8943a291037ffff,Families,Morning,Weekday,25.837,0.016559
8943a291037ffff,Families,Morning,Weekend,17.188,0.0110155
8943a291037ffff,Families,Night,Weekday,13.864,0.008577
8943a291037ffff,Families,Night,Weekend,15.846,0.00980324
8943a291037ffff,Families,Noon,Weekday,22.087,0.014059
8943a291037ffff,Families,Noon,Weekend,27.27,0.0173581
8943a291037ffff,Families,Other,Weekday,26.167,0.016779
8943a291037ffff,Families,Other,Weekend,20.601,0.01321
8943a291037ffff,HNWI,After noon,Weekday,30.154,0.019437
8943a291037ffff,HNWI,After noon,Weekend,36.338,0.0234229
8943a291037ffff,HNWI,Morning,Weekday,7.483,0.004323
8943a291037ffff,HNWI,Morning,Weekend,6.242,0.00360628
8943a291037ffff,HNWI,Night,Weekday,29.419,0.018947
8943a291037ffff,HNWI,Night,Weekend,26.065,0.0167869
8943a291037ffff,HNWI,Noon,Weekday,3.733,0.001823
8943a291037ffff,HNWI,Noon,Weekend,2.701,0.00131889
8943a291037ffff,HNWI,Other,Weekday,17.338,0.010893
8943a291037ffff,HNWI,Other,Weekend,17.49,0.0109887
8943a291037ffff,Potential Car Buyers,After noon,Weekday,12.052,0.007369
8943a291037ffff,Potential Car Buyers,After noon,Weekend,12.865,0.00786586
8943a291037ffff,Potential Car Buyers,Morning,Weekday,28.906,0.018605
8943a291037ffff,Potential Car Buyers,Morning,Weekend,36.18,0.0232871
8943a291037ffff,Potential Car Buyers,Night,Weekday,11.317,0.006879
8943a291037ffff,Potential Car Buyers,Night,Weekend,8.732,0.00530774
8943a291037ffff,Potential Car Buyers,Noon,Weekday,20.308,0.012873
8943a291037ffff,Potential Car Buyers,Noon,Weekend,16.423,0.0104103
8943a291037ffff,Potential Car Buyers,Other,Weekday,29.236,0.018825
8943a291037ffff,Potential Car Buyers,Other,Weekend,19.261,0.0124019
8943a291063ffff,Families,After noon,Weekday,3.316,0.001545
8943a291063ffff,Families,After noon,Weekend,2.205,0.00102734
8943a291063ffff,Families,Morning,Weekday,10.645,0.006431
8943a291063ffff,Families,Morning,Weekend,11.72,0.0070807
8943a291063ffff,Families,Night,Weekday,28.672,0.018449
8943a291063ffff,Families,Night,Weekend,35.239,0.0226743
8943a291063ffff,Families,Noon,Weekday,2.047,0.000699
8943a291063ffff,Families,Noon,Weekend,1.973,0.000673624
8943a291063ffff,Families,Other,Weekday,16.591,0.010395
8943a291063ffff,Families,Other,Weekend,10.067,0.00630755
8943a291063ffff,HNWI,After noon,Weekday,14.962,0.009309
8943a291063ffff,HNWI,After noon,Weekend,11.375,0.00707705
8943a291063ffff,HNWI,Morning,Weekday,22.291,0.014195
8943a291063ffff,HNWI,Morning,Weekend,24.391,0.0155322
8943a291063ffff,HNWI,Night,Weekday,14.227,0.008819
8943a291063ffff,HNWI,Night,Weekend,12.574,0.00779407
8943a291063ffff,HNWI,Noon,Weekday,28.066,0.018045
8943a291063ffff,HNWI,Noon,Weekend,18.328,0.0117843
8943a291063ffff,HNWI,Other,Weekday,2.146,0.000765
8943a291063ffff,HNWI,Other,Weekend,1.183,0.000421789
8943a291063ffff,Potential Car Buyers,After noon,Weekday,6.385,0.003591
8943a291063ffff,Potential Car Buyers,After noon,Weekend,8.221,0.00462384
8943a291063ffff,Potential Car Buyers,Morning,Weekday,8.866,0.005245
8943a291063ffff,Potential Car Buyers,Morning,Weekend,5.718,0.0033826
8943a291063ffff,Potential Car Buyers,Night,Weekday,21.277,0.013519
8943a291063ffff,Potential Car Buyers,Night,Weekend,18.59,0.0118116
8943a291063ffff,Potential Car Buyers,Noon,Weekday,5.116,0.002745
8943a291063ffff,Potential Car Buyers,Noon,Weekend,4.667,0.0025041
8943a291063ffff,Potential Car Buyers,Other,Weekday,9.196,0.005465
8943a291063ffff,Potential Car Buyers,Other,Weekend,6.42,0.00381531
8943a29116fffff,Families,After noon,Weekday,8.374,0.004917
8943a29116fffff,Families,After noon,Weekend,10.32,0.00605976
8943a29116fffff,Families,Morning,Weekday,25.228,0.016153
8943a29116fffff,Families,Morning,Weekend,16.163,0.010349
8943a29116fffff,Families,Night,Weekday,7.639,0.004427
8943a29116fffff,Families,Night,Weekend,5.987,0.00346971
8943a29116fffff,Families,Noon,Weekday,11.014,0.006677
8943a29116fffff,Families,Noon,Weekend,14.157,0.00858238
8943a29116fffff,Families,Other,Weekday,25.558,0.016373
8943a29116fffff,Families,Other,Weekend,17.797,0.0114014
8943a29116fffff,HNWI,After noon,Weekday,17.542,0.011029
8943a29116fffff,HNWI,After noon,Weekend,19.866,0.0124899
8943a29116fffff,HNWI,Morning,Weekday,20.023,0.012683
8943a29116fffff,HNWI,Morning,Weekend,11.95,0.0075697
8943a29116fffff,HNWI,Night,Weekday,2.434,0.000957
8943a29116fffff,HNWI,Night,Weekend,1.77,0.000695828
8943a29116fffff,HNWI,Noon,Weekday,10.657,0.006439
8943a29116fffff,HNWI,Noon,Weekend,11.511,0.00695497
8943a29116fffff,HNWI,Other,Weekday,20.353,0.012903
8943a29116fffff,HNWI,Other,Weekend,21.641,0.0137197
8943a29116fffff,Potential Car Buyers,After noon,Weekday,30.979,0.019987
8943a29116fffff,Potential Car Buyers,After noon,Weekend,34.903,0.022519
8943a29116fffff,Potential Car Buyers,Morning,Weekday,17.833,0.011223
8943a29116fffff,Potential Car Buyers,Morning,Weekend,13.039,0.00820588
8943a29116fffff,Potential Car Buyers,Night,Weekday,10.708,0.006473
8943a29116fffff,Potential Car Buyers,Night,Weekend,15.065,0.00910656
8943a29116fffff,Potential Car Buyers,Noon,Weekday,14.083,0.008723
8943a29116fffff,Potential Car Buyers,Noon,Weekend,11.854,0.00734233
8943a29116fffff,Potential Car Buyers,Other,Weekday,28.627,0.018419
8943a29116fffff,Potential Car Buyers,Other,Weekend,23.053,0.0148323
8943a291233ffff,Families,After noon,Weekday,10.852,0.006569
8943a291233ffff,Families,After noon,Weekend,7.421,0.00449209
8943a291233ffff,Families,Morning,Weekday,27.706,0.017805
8943a291233ffff,Families,Morning,Weekend,34.222,0.0219922
8943a291233ffff,Families,Night,Weekday,10.117,0.006079
8943a291233ffff,Families,Night,Weekend,11.544,0.0069366
8943a291233ffff,Families,Noon,Weekday,18.34,0.011561
8943a291233ffff,Families,Noon,Weekend,11.495,0.00724586
8943a291233ffff,Families,Other,Weekday,28.036,0.018025
8943a291233ffff,Families,Other,Weekend,33.463,0.0215139
8943a291233ffff,HNWI,After noon,Weekday,26.407,0.016939
8943a291233ffff,HNWI,After noon,Weekend,18.949,0.0121549
8943a291233ffff,HNWI,Morning,Weekday,3.736,0.001825
8943a291233ffff,HNWI,Morning,Weekend,4.898,0.00239257
8943a291233ffff,HNWI,Night,Weekday,25.672,0.016449
8943a291233ffff,HNWI,Night,Weekend,29.038,0.0186058
8943a291233ffff,HNWI,Noon,Weekday,29.986,0.019325
8943a291233ffff,HNWI,Noon,Weekend,29.199,0.0188178
8943a291233ffff,HNWI,Other,Weekday,13.591,0.008395
8943a291233ffff,HNWI,Other,Weekend,9.598,0.00592848
8943a291233ffff,Potential Car Buyers,After noon,Weekday,26.575,0.017051
8943a291233ffff,Potential Car Buyers,After noon,Weekend,37.642,0.0241515
8943a291233ffff,Potential Car Buyers,Morning,Weekday,3.904,0.001937
8943a291233ffff,Potential Car Buyers,Morning,Weekend,4.478,0.00222167
8943a291233ffff,Potential Car Buyers,Night,Weekday,25.84,0.016561
8943a291233ffff,Potential Car Buyers,Night,Weekend,21.843,0.0139994
8943a291233ffff,Potential Car Buyers,Noon,Weekday,25.306,0.016205
8943a291233ffff,Potential Car Buyers,Noon,Weekend,30.48,0.0195185
8943a291233ffff,Potential Car Buyers,Other,Weekday,13.759,0.008507
8943a291233ffff,Potential Car Buyers,Other,Weekend,17.469,0.0108009
8943a291333ffff,Families,After noon,Weekday,4.159,0.002107
8943a291333ffff,Families,After noon,Weekend,4.907,0.00248611
8943a291333ffff,Families,Morning,Weekday,21.013,0.013343
8943a291333ffff,Families,Morning,Weekend,18.664,0.0118516
8943a291333ffff,Families,Night,Weekday,8.272,0.004849
8943a291333ffff,Families,Night,Weekend,5.169,0.00302979
8943a291333ffff,Families,Noon,Weekday,17.263,0.010843
8943a291333ffff,Families,Noon,Weekend,13.089,0.00822158
8943a291333ffff,Families,Other,Weekday,26.191,0.016795
8943a291333ffff,Families,Other,Weekend,30.587,0.0196138
8943a291333ffff,HNWI,After noon,Weekday,30.178,0.019453
8943a291333ffff,HNWI,After noon,Weekend,18.651,0.0120228
8943a291333ffff,HNWI,Morning,Weekday,2.659,0.001107
8943a291333ffff,HNWI,Morning,Weekend,3.454,0.00143812
8943a291333ffff,HNWI,Night,Weekday,29.443,0.018963
8943a291333ffff,HNWI,Night,Weekend,33.549,0.0216075
8943a291333ffff,HNWI,Noon,Weekday,23.293,0.014863
8943a291333ffff,HNWI,Noon,Weekend,23.109,0.0147453
8943a291333ffff,HNWI,Other,Weekday,17.362,0.010909
8943a291333ffff,HNWI,Other,Weekend,11.491,0.00721995
8943a291333ffff,Potential Car Buyers,After noon,Weekday,7.228,0.004153
8943a291333ffff,Potential Car Buyers,After noon,Weekend,9.941,0.00571178
8943a291333ffff,Potential Car Buyers,Morning,Weekday,24.082,0.015389
8943a291333ffff,Potential Car Buyers,Morning,Weekend,24.447,0.0156223
8943a291333ffff,Potential Car Buyers,Night,Weekday,6.493,0.003663
8943a291333ffff,Potential Car Buyers,Night,Weekend,8.873,0.00500542
8943a291333ffff,Potential Car Buyers,Noon,Weekday,20.332,0.012889
8943a291333ffff,Potential Car Buyers,Noon,Weekend,27.395,0.0173667
8943a291333ffff,Potential Car Buyers,Other,Weekday,24.412,0.015609
8943a291333ffff,Potential Car Buyers,Other,Weekend,27.408,0.0175246
8943a29136bffff,Families,After noon,Weekday,9.205,0.005471
8943a29136bffff,Families,After noon,Weekend,10.448,0.00620974
8943a29136bffff,Families,Morning,Weekday,11.686,0.007125
8943a29136bffff,Families,Morning,Weekend,14.012,0.00854302
8943a29136bffff,Families,Night,Weekday,8.47,0.004981
8943a29136bffff,Families,Night,Weekend,8.122,0.00477639
8943a29136bffff,Families,Noon,Weekday,7.936,0.004625
8943a29136bffff,Families,Noon,Weekend,7.118,0.00414823
8943a29136bffff,Families,Other,Weekday,26.389,0.016927
8943a29136bffff,Families,Other,Weekend,35.849,0.0229954
8943a29136bffff,HNWI,After noon,Weekday,30.376,0.019585
8943a29136bffff,HNWI,After noon,Weekend,35.15,0.0226633
8943a29136bffff,HNWI,Morning,Weekday,2.857,0.001239
8943a29136bffff,HNWI,Morning,Weekend,2.261,0.000980336
8943a29136bffff,HNWI,Night,Weekday,20.116,0.012745
8943a29136bffff,HNWI,Night,Weekend,21.92,0.0138877
8943a29136bffff,HNWI,Noon,Weekday,23.491,0.014995
8943a29136bffff,HNWI,Noon,Weekend,14.312,0.00913569
8943a29136bffff,HNWI,Other,Weekday,8.035,0.004691
8943a29136bffff,HNWI,Other,Weekend,7.345,0.00428827
8943a29136bffff,Potential Car Buyers,After noon,Weekday,29.32,0.018881
8943a29136bffff,Potential Car Buyers,After noon,Weekend,32.708,0.0210626
8943a29136bffff,Potential Car Buyers,Morning,Weekday,16.174,0.010117
8943a29136bffff,Potential Car Buyers,Morning,Weekend,20.161,0.012611
8943a29136bffff,Potential Car Buyers,Night,Weekday,28.585,0.018391
8943a29136bffff,Potential Car Buyers,Night,Weekend,37.677,0.0242403
8943a29136bffff,Potential Car Buyers,Noon,Weekday,6.808,0.003873
8943a29136bffff,Potential Car Buyers,Noon,Weekend,6.728,0.00382728
8943a29136bffff,Potential Car Buyers,Other,Weekday,16.504,0.010337
8943a29136bffff,Potential Car Buyers,Other,Weekend,9.239,0.0057867
8943a291527ffff,Families,After noon,Weekday,6.814,0.003877
8943a291527ffff,Families,After noon,Weekend,7.274,0.00413864
8943a291527ffff,Families,Morning,Weekday,14.143,0.008763
8943a291527ffff,Families,Morning,Weekend,8.508,0.00527156
8943a291527ffff,Families,Night,Weekday,10.927,0.006619
8943a291527ffff,Families,Night,Weekend,14.258,0.00863685
8943a291527ffff,Families,Noon,Weekday,19.918,0.012613
8943a291527ffff,Families,Noon,Weekend,12.974,0.00821544
8943a291527ffff,Families,Other,Weekday,23.998,0.015333
8943a291527ffff,Families,Other,Weekend,26.265,0.0167814
8943a291527ffff,HNWI,After noon,Weekday,15.982,0.009989
8943a291527ffff,HNWI,After noon,Weekend,20.95,0.0130944
8943a291527ffff,HNWI,Morning,Weekday,23.311,0.014875
8943a291527ffff,HNWI,Morning,Weekend,20.996,0.0133979
8943a291527ffff,HNWI,Night,Weekday,5.722,0.003149
8943a291527ffff,HNWI,Night,Weekend,4.121,0.00226773
8943a291527ffff,HNWI,Noon,Weekday,19.561,0.012375
8943a291527ffff,HNWI,Noon,Weekend,23.369,0.0147843
8943a291527ffff,HNWI,Other,Weekday,23.641,0.015095
8943a291527ffff,HNWI,Other,Weekend,30.037,0.019179
8943a291527ffff,Potential Car Buyers,After noon,Weekday,1.777,0.000519
8943a291527ffff,Potential Car Buyers,After noon,Weekend,1.188,0.000347116
8943a291527ffff,Potential Car Buyers,Morning,Weekday,18.631,0.011755
8943a291527ffff,Potential Car Buyers,Morning,Weekend,18.154,0.0114543
8943a291527ffff,Potential Car Buyers,Night,Weekday,1.042,2.9e-05
8943a291527ffff,Potential Car Buyers,Night,Weekend,0.598,1.66567e-05
8943a291527ffff,Potential Car Buyers,Noon,Weekday,14.881,0.009255
8943a291527ffff,Potential Car Buyers,Noon,Weekend,11.132,0.00692325
8943a291527ffff,Potential Car Buyers,Other,Weekday,18.961,0.011975
8943a291527ffff,Potential Car Buyers,Other,Weekend,11.264,0.00711393
8943a2919c3ffff,Families,After noon,Weekday,14.614,0.009077
8943a2919c3ffff,Families,After noon,Weekend,11.175,0.00694081
8943a2919c3ffff,Families,Morning,Weekday,1.468,0.000313
8943a2919c3ffff,Families,Morning,Weekend,0.83,0.000177073
8943a2919c3ffff,Families,Night,Weekday,18.727,0.011819
8943a2919c3ffff,Families,Night,Weekend,23.781,0.0150088
8943a2919c3ffff,Families,Noon,Weekday,27.718,0.017813
8943a2919c3ffff,Families,Noon,Weekend,15.752,0.0101229
8943a2919c3ffff,Families,Other,Weekday,6.646,0.003765
8943a2919c3ffff,Families,Other,Weekend,8.847,0.00501181
8943a2919c3ffff,HNWI,After noon,Weekday,23.782,0.015189
8943a2919c3ffff,HNWI,After noon,Weekend,19.341,0.0123526
8943a2919c3ffff,HNWI,Morning,Weekday,1.111,7.5e-05
8943a2919c3ffff,HNWI,Morning,Weekend,0.69,4.66114e-05
8943a2919c3ffff,HNWI,Night,Weekday,13.522,0.008349
8943a2919c3ffff,HNWI,Night,Weekend,17.94,0.0110771
8943a2919c3ffff,HNWI,Noon,Weekday,27.361,0.017575
8943a2919c3ffff,HNWI,Noon,Weekend,24.467,0.0157159
8943a2919c3ffff,HNWI,Other,Weekday,1.441,0.000295
8943a2919c3ffff,HNWI,Other,Weekend,1.865,0.000381783
8943a2919c3ffff,Potential Car Buyers,After noon,Weekday,23.95,0.015301
8943a2919c3ffff,Potential Car Buyers,After noon,Weekend,29.246,0.0186843
8943a2919c3ffff,Potential Car Buyers,Morning,Weekday,20.815,0.013211
8943a2919c3ffff,Potential Car Buyers,Morning,Weekend,29.571,0.0187686
8943a2919c3ffff,Potential Car Buyers,Night,Weekday,8.842,0.005229
8943a2919c3ffff,Potential Car Buyers,Night,Weekend,6.192,0.00366172
8943a2919c3ffff,Potential Car Buyers,Noon,Weekday,17.065,0.010711
8943a2919c3ffff,Potential Car Buyers,Noon,Weekend,19.185,0.0120414
8943a2919c3ffff,Potential Car Buyers,Other,Weekday,26.761,0.017175
8943a2919c3ffff,Potential Car Buyers,Other,Weekend,25.111,0.0161159
8943a291a3bffff,Families,After noon,Weekday,21.112,0.013409
8943a291a3bffff,Families,After noon,Weekend,21.006,0.0133419
8943a291a3bffff,Families,Morning,Weekday,28.441,0.018295
8943a291a3bffff,Families,Morning,Weekend,26.892,0.0172983
8943a291a3bffff,Families,Night,Weekday,10.852,0.006569
8943a291a3bffff,Families,Night,Weekend,11.61,0.007028
8943a291a3bffff,Families,Noon,Weekday,14.227,0.008819
8943a291a3bffff,Families,Noon,Weekend,13.461,0.00834401
8943a291a3bffff,Families,Other,Weekday,28.771,0.018515
8943a291a3bffff,Families,Other,Weekend,24.795,0.0159562
8943a291a3bffff,HNWI,After noon,Weekday,15.907,0.009939
8943a291a3bffff,HNWI,After noon,Weekend,21.114,0.0131925
8943a291a3bffff,HNWI,Morning,Weekday,23.236,0.014825
8943a291a3bffff,HNWI,Morning,Weekend,16.436,0.0104862
8943a291a3bffff,HNWI,Night,Weekday,20.02,0.012681
8943a291a3bffff,HNWI,Night,Weekend,12.924,0.00818601
8943a291a3bffff,HNWI,Noon,Weekday,13.87,0.008581
8943a291a3bffff,HNWI,Noon,Weekend,14.681,0.00908258
8943a291a3bffff,HNWI,Other,Weekday,7.939,0.004627
8943a291a3bffff,HNWI,Other,Weekend,10.479,0.00610728
8943a291a3bffff,Potential Car Buyers,After noon,Weekday,13.717,0.008479
8943a291a3bffff,Potential Car Buyers,After noon,Weekend,17.713,0.010949
8943a291a3bffff,Potential Car Buyers,Morning,Weekday,21.046,0.013365
8943a291a3bffff,Potential Car Buyers,Morning,Weekend,15.218,0.0096638
8943a291a3bffff,Potential Car Buyers,Night,Weekday,9.073,0.005383
8943a291a3bffff,Potential Car Buyers,Night,Weekend,7.522,0.00446287
8943a291a3bffff,Potential Car Buyers,Noon,Weekday,17.296,0.010865
8943a291a3bffff,Potential Car Buyers,Noon,Weekend,18.912,0.0118804
8943a291a3bffff,Potential Car Buyers,Other,Weekday,26.992,0.017329
8943a291a3bffff,Potential Car Buyers,Other,Weekend,23.408,0.0150283
8943a291bd3ffff,Families,After noon,Weekday,4.696,0.002465
8943a291bd3ffff,Families,After noon,Weekend,5.767,0.00302695
8943a291bd3ffff,Families,Morning,Weekday,12.025,0.007351
8943a291bd3ffff,Families,Morning,Weekend,15.795,0.00965578
8943a291bd3ffff,Families,Night,Weekday,24.436,0.015625
8943a291bd3ffff,Families,Night,Weekend,20.813,0.0133085
8943a291bd3ffff,Families,Noon,Weekday,2.659,0.001107
8943a291bd3ffff,Families,Noon,Weekend,2.331,0.000970404
8943a291bd3ffff,Families,Other,Weekday,12.355,0.007571
8943a291bd3ffff,Families,Other,Weekend,12.456,0.00763264
8943a291bd3ffff,HNWI,After noon,Weekday,10.726,0.006485
8943a291bd3ffff,HNWI,After noon,Weekend,6.045,0.00365496
8943a291bd3ffff,HNWI,Morning,Weekday,18.055,0.011371
8943a291bd3ffff,HNWI,Morning,Weekend,20.96,0.0132003
8943a291bd3ffff,HNWI,Night,Weekday,9.991,0.005995
8943a291bd3ffff,HNWI,Night,Weekend,9.947,0.00596856
8943a291bd3ffff,HNWI,Noon,Weekday,23.83,0.015221
8943a291bd3ffff,HNWI,Noon,Weekend,28.008,0.0178894
8943a291bd3ffff,HNWI,Other,Weekday,27.91,0.017941
8943a291bd3ffff,HNWI,Other,Weekend,33.145,0.021306
8943a291bd3ffff,Potential Car Buyers,After noon,Weekday,24.043,0.015363
8943a291bd3ffff,Potential Car Buyers,After noon,Weekend,29.142,0.0186211
8943a291bd3ffff,Potential Car Buyers,Morning,Weekday,1.372,0.000249
8943a291bd3ffff,Potential Car Buyers,Morning,Weekend,1.774,0.000321902
8943a291bd3ffff,Potential Car Buyers,Night,Weekday,23.308,0.014873
8943a291bd3ffff,Potential Car Buyers,Night,Weekend,21.908,0.0139795
8943a291bd3ffff,Potential Car Buyers,Noon,Weekday,22.774,0.014517
8943a291bd3ffff,Potential Car Buyers,Noon,Weekend,31.194,0.0198844
8943a291bd3ffff,Potential Car Buyers,Other,Weekday,11.227,0.006819
8943a291bd3ffff,Potential Car Buyers,Other,Weekend,10.448,0.00634584
8943a291c07ffff,Families,After noon,Weekday,27.667,0.017779
8943a291c07ffff,Families,After noon,Weekend,20.194,0.0129768
8943a291c07ffff,Families,Morning,Weekday,4.996,0.002665
8943a291c07ffff,Families,Morning,Weekend,3.785,0.00201922
8943a291c07ffff,Families,Night,Weekday,26.932,0.017289
8943a291c07ffff,Families,Night,Weekend,18.142,0.0116466
8943a291c07ffff,Families,Noon,Weekday,20.782,0.013189
8943a291c07ffff,Families,Noon,Weekend,13.651,0.00866321
8943a291c07ffff,Families,Other,Weekday,14.851,0.009235
8943a291c07ffff,Families,Other,Weekend,12.311,0.00765538
8943a291c07ffff,HNWI,After noon,Weekday,13.222,0.008149
8943a291c07ffff,HNWI,After noon,Weekend,14.817,0.00913177
8943a291c07ffff,HNWI,Morning,Weekday,20.551,0.013035
8943a291c07ffff,HNWI,Morning,Weekend,14.036,0.00890296
8943a291c07ffff,HNWI,Night,Weekday,8.578,0.005053
8943a291c07ffff,HNWI,Night,Weekend,10.344,0.00609322
8943a291c07ffff,HNWI,Noon,Weekday,16.801,0.010535
8943a291c07ffff,HNWI,Noon,Weekend,16.249,0.0101891
8943a291c07ffff,HNWI,Other,Weekday,20.881,0.013255
8943a291c07ffff,HNWI,Other,Weekend,29.726,0.0188697
8943a291c07ffff,Potential Car Buyers,After noon,Weekday,7.123,0.004083
8943a291c07ffff,Potential Car Buyers,After noon,Weekend,7.003,0.00401449
8943a291c07ffff,Potential Car Buyers,Morning,Weekday,23.977,0.015319
8943a291c07ffff,Potential Car Buyers,Morning,Weekend,22.432,0.0143321
8943a291c07ffff,Potential Car Buyers,Night,Weekday,6.388,0.003593
8943a291c07ffff,Potential Car Buyers,Night,Weekend,4.384,0.00246566
8943a291c07ffff,Potential Car Buyers,Noon,Weekday,20.227,0.012819
8943a291c07ffff,Potential Car Buyers,Noon,Weekend,22.989,0.0145694
8943a291c07ffff,Potential Car Buyers,Other,Weekday,24.307,0.015539
8943a291c07ffff,Potential Car Buyers,Other,Weekend,32.638,0.0208649
8943a291c2fffff,Families,After noon,Weekday,28.12,0.018081
8943a291c2fffff,Families,After noon,Weekend,23.071,0.0148342
8943a291c2fffff,Families,Morning,Weekday,30.601,0.019735
8943a291c2fffff,Families,Morning,Weekend,38.428,0.0247828
8943a291c2fffff,Families,Night,Weekday,13.012,0.008009
8943a291c2fffff,Families,Night,Weekend,10.438,0.00642451
8943a291c2fffff,Families,Noon,Weekday,21.235,0.013491
8943a291c2fffff,Families,Noon,Weekend,20.569,0.0130681
8943a291c2fffff,Families,Other,Weekday,30.931,0.019955
8943a291c2fffff,Families,Other,Weekend,22.836,0.0147327
8943a291c2fffff,HNWI,After noon,Weekday,29.302,0.018869
8943a291c2fffff,HNWI,After noon,Weekend,27.05,0.017419
8943a291c2fffff,HNWI,Morning,Weekday,6.631,0.003755
8943a291c2fffff,HNWI,Morning,Weekend,5.321,0.00301344
8943a291c2fffff,HNWI,Night,Weekday,9.031,0.005355
8943a291c2fffff,HNWI,Night,Weekend,12.237,0.0072562
8943a291c2fffff,HNWI,Noon,Weekday,12.406,0.007605
8943a291c2fffff,HNWI,Noon,Weekend,8.958,0.0054912
8943a291c2fffff,HNWI,Other,Weekday,16.486,0.010325
8943a291c2fffff,HNWI,Other,Weekend,12.766,0.00799518
8943a291c2fffff,Potential Car Buyers,After noon,Weekday,26.341,0.016895
8943a291c2fffff,Potential Car Buyers,After noon,Weekend,34.139,0.0218968
8943a291c2fffff,Potential Car Buyers,Morning,Weekday,3.67,0.001781
8943a291c2fffff,Potential Car Buyers,Morning,Weekend,2.301,0.00111651
8943a291c2fffff,Potential Car Buyers,Night,Weekday,16.081,0.010055
8943a291c2fffff,Potential Car Buyers,Night,Weekend,21.7,0.0135684
8943a291c2fffff,Potential Car Buyers,Noon,Weekday,19.456,0.012305
8943a291c2fffff,Potential Car Buyers,Noon,Weekend,27.274,0.0172498
8943a291c2fffff,Potential Car Buyers,Other,Weekday,4.0,0.002001
8943a291c2fffff,Potential Car Buyers,Other,Weekend,3.256,0.00162896
8943a291cd7ffff,Families,After noon,Weekday,10.279,0.006187
8943a291cd7ffff,Families,After noon,Weekend,12.602,0.00758531
8943a291cd7ffff,Families,Morning,Weekday,17.608,0.011073
8943a291cd7ffff,Families,Morning,Weekend,25.245,0.0158759
8943a291cd7ffff,Families,Night,Weekday,9.544,0.005697
8943a291cd7ffff,Families,Night,Weekend,8.277,0.0049406
8943a291cd7ffff,Families,Noon,Weekday,13.858,0.008573
8943a291cd7ffff,Families,Noon,Weekend,13.315,0.00823735
8943a291cd7ffff,Families,Other,Weekday,27.463,0.017643
8943a291cd7ffff,Families,Other,Weekend,37.159,0.023872
8943a291cd7ffff,HNWI,After noon,Weekday,11.341,0.006895
8943a291cd7ffff,HNWI,After noon,Weekend,14.611,0.00888282
8943a291cd7ffff,HNWI,Morning,Weekday,18.67,0.011781
8943a291cd7ffff,HNWI,Morning,Weekend,13.618,0.00859289
8943a291cd7ffff,HNWI,Night,Weekday,1.081,5.5e-05
8943a291cd7ffff,HNWI,Night,Weekend,0.921,4.68387e-05
8943a291cd7ffff,HNWI,Noon,Weekday,14.92,0.009281
8943a291cd7ffff,HNWI,Noon,Weekend,20.51,0.0127586
8943a291cd7ffff,HNWI,Other,Weekday,19.0,0.012001
8943a291cd7ffff,HNWI,Other,Weekend,26.745,0.0168928
8943a291cd7ffff,Potential Car Buyers,After noon,Weekday,5.242,0.002829
8943a291cd7ffff,Potential Car Buyers,After noon,Weekend,7.07,0.00381568
8943a291cd7ffff,Potential Car Buyers,Morning,Weekday,22.096,0.014065
8943a291cd7ffff,Potential Car Buyers,Morning,Weekend,14.414,0.00917507
8943a291cd7ffff,Potential Car Buyers,Night,Weekday,4.507,0.002339
8943a291cd7ffff,Potential Car Buyers,Night,Weekend,4.287,0.0022247
8943a291cd7ffff,Potential Car Buyers,Noon,Weekday,12.73,0.007821
8943a291cd7ffff,Potential Car Buyers,Noon,Weekend,7.976,0.00490044
8943a291cd7ffff,Potential Car Buyers,Other,Weekday,22.426,0.014285
8943a291cd7ffff,Potential Car Buyers,Other,Weekend,30.524,0.0194434
8943a291e13ffff,Families,After noon,Weekday,7.162,0.004109
8943a291e13ffff,Families,After noon,Weekend,7.204,0.00413303
8943a291e13ffff,Families,Morning,Weekday,14.491,0.008995
8943a291e13ffff,Families,Morning,Weekend,19.039,0.0118179
8943a291e13ffff,Families,Night,Weekday,26.902,0.017269
8943a291e13ffff,Families,Night,Weekend,35.815,0.0229903
8943a291e13ffff,Families,Noon,Weekday,10.741,0.006495
8943a291e13ffff,Families,Noon,Weekend,13.949,0.00843457
8943a291e13ffff,Families,Other,Weekday,14.821,0.009215
8943a291e13ffff,Families,Other,Weekend,9.505,0.0059098
8943a291e13ffff,HNWI,After noon,Weekday,6.805,0.003871
8943a291e13ffff,HNWI,After noon,Weekend,9.367,0.00532812
8943a291e13ffff,HNWI,Morning,Weekday,9.286,0.005525
8943a291e13ffff,HNWI,Morning,Weekend,10.425,0.00620269
8943a291e13ffff,HNWI,Night,Weekday,6.07,0.003381
8943a291e13ffff,HNWI,Night,Weekend,8.465,0.00471501
8943a291e13ffff,HNWI,Noon,Weekday,5.536,0.003025
8943a291e13ffff,HNWI,Noon,Weekend,5.297,0.00289436
8943a291e13ffff,HNWI,Other,Weekday,23.989,0.015327
8943a291e13ffff,HNWI,Other,Weekend,13.949,0.00891242
8943a291e13ffff,Potential Car Buyers,After noon,Weekday,10.231,0.006155
8943a291e13ffff,Potential Car Buyers,After noon,Weekend,6.168,0.00371092
8943a291e13ffff,Potential Car Buyers,Morning,Weekday,12.712,0.007809
8943a291e13ffff,Potential Car Buyers,Morning,Weekend,9.988,0.00613574
8943a291e13ffff,Potential Car Buyers,Night,Weekday,29.971,0.019315
8943a291e13ffff,Potential Car Buyers,Night,Weekend,32.501,0.0209457
8943a291e13ffff,Potential Car Buyers,Noon,Weekday,8.962,0.005309
8943a291e13ffff,Potential Car Buyers,Noon,Weekend,9.72,0.00575806
8943a291e13ffff,Potential Car Buyers,Other,Weekday,13.042,0.008029
8943a291e13ffff,Potential Car Buyers,Other,Weekend,11.934,0.00734681
8943a291e23ffff,Families,After noon,Weekday,28.453,0.018303
8943a291e23ffff,Families,After noon,Weekend,24.791,0.0159473
8943a291e23ffff,Families,Morning,Weekday,5.782,0.003189
8943a291e23ffff,Families,Morning,Weekend,4.14,0.00228321
8943a291e23ffff,Families,Night,Weekday,18.193,0.011463
8943a291e23ffff,Families,Night,Weekend,26.376,0.0166191
8943a291e23ffff,Families,Noon,Weekday,27.184,0.017457
8943a291e23ffff,Families,Noon,Weekend,23.925,0.0153642
8943a291e23ffff,Families,Other,Weekday,6.112,0.003409
8943a291e23ffff,Families,Other,Weekend,5.783,0.00322562
8943a291e23ffff,HNWI,After noon,Weekday,4.483,0.002323
8943a291e23ffff,HNWI,After noon,Weekend,3.09,0.00160139
8943a291e23ffff,HNWI,Morning,Weekday,6.964,0.003977
8943a291e23ffff,HNWI,Morning,Weekend,4.336,0.00247647
8943a291e23ffff,HNWI,Night,Weekday,9.364,0.005577
8943a291e23ffff,HNWI,Night,Weekend,7.211,0.00429497
8943a291e23ffff,HNWI,Noon,Weekday,12.739,0.007827
8943a291e23ffff,HNWI,Noon,Weekend,17.853,0.0109688
8943a291e23ffff,HNWI,Other,Weekday,27.283,0.017523
8943a291e23ffff,HNWI,Other,Weekend,22.377,0.0143718
8943a291e23ffff,Potential Car Buyers,After noon,Weekday,26.674,0.017117
8943a291e23ffff,Potential Car Buyers,After noon,Weekend,32.959,0.02115
8943a291e23ffff,Potential Car Buyers,Morning,Weekday,4.003,0.002003
8943a291e23ffff,Potential Car Buyers,Morning,Weekend,3.226,0.00161398
8943a291e23ffff,Potential Car Buyers,Night,Weekday,16.414,0.010277
8943a291e23ffff,Potential Car Buyers,Night,Weekend,23.227,0.0145428
8943a291e23ffff,Potential Car Buyers,Noon,Weekday,24.637,0.015759
8943a291e23ffff,Potential Car Buyers,Noon,Weekend,28.979,0.0185364
8943a291e23ffff,Potential Car Buyers,Other,Weekday,4.333,0.002223
8943a291e23ffff,Potential Car Buyers,Other,Weekend,5.134,0.00263412
8943a291e4bffff,Families,After noon,Weekday,5.389,0.002927
8943a291e4bffff,Families,After noon,Weekend,7.786,0.00422917
8943a291e4bffff,Families,Morning,Weekday,22.243,0.014163
8943a291e4bffff,Families,Morning,Weekend,14.884,0.00947692
8943a291e4bffff,Families,Night,Weekday,4.654,0.002437
8943a291e4bffff,Families,Night,Weekend,4.836,0.00253253
8943a291e4bffff,Families,Noon,Weekday,18.493,0.011663
8943a291e4bffff,Families,Noon,Weekend,21.0,0.0132442
8943a291e4bffff,Families,Other,Weekday,22.573,0.014383
8943a291e4bffff,Families,Other,Weekend,31.772,0.0202442
8943a291e4bffff,HNWI,After noon,Weekday,23.302,0.014869
8943a291e4bffff,HNWI,After noon,Weekend,33.107,0.0211258
8943a291e4bffff,HNWI,Morning,Weekday,10.156,0.006105
8943a291e4bffff,HNWI,Morning,Weekend,11.479,0.00690037
8943a291e4bffff,HNWI,Night,Weekday,22.567,0.014379
8943a291e4bffff,HNWI,Night,Weekend,22.945,0.0146197
8943a291e4bffff,HNWI,Noon,Weekday,25.942,0.016629
8943a291e4bffff,HNWI,Noon,Weekend,24.557,0.015741
8943a291e4bffff,HNWI,Other,Weekday,10.486,0.006325
8943a291e4bffff,HNWI,Other,Weekend,15.145,0.00913522
8943a291e4bffff,Potential Car Buyers,After noon,Weekday,14.725,0.009151
8943a291e4bffff,Potential Car Buyers,After noon,Weekend,11.263,0.00699953
8943a291e4bffff,Potential Car Buyers,Morning,Weekday,17.206,0.010805
8943a291e4bffff,Potential Car Buyers,Morning,Weekend,9.941,0.00624263
8943a291e4bffff,Potential Car Buyers,Night,Weekday,29.617,0.019079
8943a291e4bffff,Potential Car Buyers,Night,Weekend,37.899,0.0244139
8943a291e4bffff,Potential Car Buyers,Noon,Weekday,13.456,0.008305
8943a291e4bffff,Potential Car Buyers,Noon,Weekend,17.6,0.0108628
8943a291e4bffff,Potential Car Buyers,Other,Weekday,17.536,0.011025
8943a291e4bffff,Potential Car Buyers,Other,Weekend,10.137,0.00637345
8943a291e6bffff,Families,After noon,Weekday,25.522,0.016349
8943a291e6bffff,Families,After noon,Weekend,18.634,0.0119368
8943a291e6bffff,Families,Morning,Weekday,12.376,0.007585
8943a291e6bffff,Families,Morning,Weekend,9.595,0.00588043
8943a291e6bffff,Families,Night,Weekday,30.403,0.019603
8943a291e6bffff,Families,Night,Weekend,27.381,0.0176545
8943a291e6bffff,Families,Noon,Weekday,3.778,0.001853
8943a291e6bffff,Families,Noon,Weekend,2.336,0.00114587
8943a291e6bffff,Families,Other,Weekday,18.322,0.011549
8943a291e6bffff,Families,Other,Weekend,25.765,0.0162407
8943a291e6bffff,HNWI,After noon,Weekday,16.693,0.010463
8943a291e6bffff,HNWI,After noon,Weekend,9.293,0.00582449
8943a291e6bffff,HNWI,Morning,Weekday,24.022,0.015349
8943a291e6bffff,HNWI,Morning,Weekend,25.844,0.0165134
8943a291e6bffff,HNWI,Night,Weekday,15.958,0.009973
8943a291e6bffff,HNWI,Night,Weekend,21.236,0.0132713
8943a291e6bffff,HNWI,Noon,Weekday,15.424,0.009617
8943a291e6bffff,HNWI,Noon,Weekend,14.969,0.00933336
8943a291e6bffff,HNWI,Other,Weekday,3.877,0.001919
8943a291e6bffff,HNWI,Other,Weekend,5.327,0.00263653
8943a291e6bffff,Potential Car Buyers,After noon,Weekday,30.01,0.019341
8943a291e6bffff,Potential Car Buyers,After noon,Weekend,30.157,0.0194356
8943a291e6bffff,Potential Car Buyers,Morning,Weekday,7.339,0.004227
8943a291e6bffff,Potential Car Buyers,Morning,Weekend,7.707,0.00443911
8943a291e6bffff,Potential Car Buyers,Night,Weekday,19.75,0.012501
8943a291e6bffff,Potential Car Buyers,Night,Weekend,25.637,0.0162271
8943a291e6bffff,Potential Car Buyers,Noon,Weekday,28.741,0.018495
8943a291e6bffff,Potential Car Buyers,Noon,Weekend,33.345,0.021458
8943a291e6bffff,Potential Car Buyers,Other,Weekday,7.669,0.004447
8943a291e6bffff,Potential Car Buyers,Other,Weekend,7.919,0.00459219
8943a29a117ffff,Families,After noon,Weekday,24.856,0.015905
8943a29a117ffff,Families,After noon,Weekend,35.935,0.0229942
8943a29a117ffff,Families,Morning,Weekday,11.71,0.007141
8943a29a117ffff,Families,Morning,Weekend,15.926,0.00971189
8943a29a117ffff,Families,Night,Weekday,24.121,0.015415
8943a29a117ffff,Families,Night,Weekend,26.998,0.0172536
8943a29a117ffff,Families,Noon,Weekday,3.112,0.001409
8943a29a117ffff,Families,Noon,Weekend,2.892,0.00130955
8943a29a117ffff,Families,Other,Weekday,12.04,0.007361
8943a29a117ffff,Families,Other,Weekend,12.653,0.00773559
8943a29a117ffff,HNWI,After noon,Weekday,7.921,0.004615
8943a29a117ffff,HNWI,After noon,Weekend,7.867,0.00458367
8943a29a117ffff,HNWI,Morning,Weekday,15.25,0.009501
8943a29a117ffff,HNWI,Morning,Weekend,15.065,0.0093859
8943a29a117ffff,HNWI,Night,Weekday,7.186,0.004125
8943a29a117ffff,HNWI,Night,Weekend,9.574,0.00549553
8943a29a117ffff,HNWI,Noon,Weekday,15.409,0.009607
8943a29a117ffff,HNWI,Noon,Weekend,16.402,0.0102262
8943a29a117ffff,HNWI,Other,Weekday,25.105,0.016071
8943a29a117ffff,HNWI,Other,Weekend,36.151,0.0231418
8943a29a117ffff,Potential Car Buyers,After noon,Weekday,29.344,0.018897
8943a29a117ffff,Potential Car Buyers,After noon,Weekend,42.147,0.0271417
8943a29a117ffff,Potential Car Buyers,Morning,Weekday,6.673,0.003783
8943a29a117ffff,Potential Car Buyers,Morning,Weekend,6.04,0.00342393
8943a29a117ffff,Potential Car Buyers,Night,Weekday,19.084,0.012057
8943a29a117ffff,Potential Car Buyers,Night,Weekend,18.683,0.0118036
8943a29a117ffff,Potential Car Buyers,Noon,Weekday,28.075,0.018051
8943a29a117ffff,Potential Car Buyers,Noon,Weekend,16.948,0.0108967
8943a29a117ffff,Potential Car Buyers,Other,Weekday,7.003,0.004003
8943a29a117ffff,Potential Car Buyers,Other,Weekend,6.073,0.00347148
8943a29a803ffff,Families,After noon,Weekday,15.019,0.009347
8943a29a803ffff,Families,After noon,Weekend,20.037,0.0124699
8943a29a803ffff,Families,Morning,Weekday,22.348,0.014233
8943a29a803ffff,Families,Morning,Weekend,32.234,0.0205295
8943a29a803ffff,Families,Night,Weekday,14.284,0.008857
8943a29a803ffff,Families,Night,Weekend,19.828,0.0122946
8943a29a803ffff,Families,Noon,Weekday,18.598,0.011733
8943a29a803ffff,Families,Noon,Weekend,16.914,0.0106706
8943a29a803ffff,Families,Other,Weekday,2.203,0.000803
8943a29a803ffff,Families,Other,Weekend,3.084,0.00112418
8943a29a803ffff,HNWI,After noon,Weekday,11.038,0.006693
8943a29a803ffff,HNWI,After noon,Weekend,6.811,0.00412962
8943a29a803ffff,HNWI,Morning,Weekday,13.519,0.008347
8943a29a803ffff,HNWI,Morning,Weekend,8.294,0.00512081
8943a29a803ffff,HNWI,Night,Weekday,25.93,0.016621
8943a29a803ffff,HNWI,Night,Weekend,14.6,0.00935877
8943a29a803ffff,HNWI,Noon,Weekday,4.153,0.002103
8943a29a803ffff,HNWI,Noon,Weekend,4.814,0.00243796
8943a29a803ffff,HNWI,Other,Weekday,13.849,0.008567
8943a29a803ffff,HNWI,Other,Weekend,17.992,0.0111301
8943a29a803ffff,Potential Car Buyers,After noon,Weekday,18.088,0.011393
8943a29a803ffff,Potential Car Buyers,After noon,Weekend,10.788,0.00679477
8943a29a803ffff,Potential Car Buyers,Morning,Weekday,25.417,0.016279
8943a29a803ffff,Potential Car Buyers,Morning,Weekend,32.208,0.0206285
8943a29a803ffff,Potential Car Buyers,Night,Weekday,17.353,0.010903
8943a29a803ffff,Potential Car Buyers,Night,Weekend,17.322,0.0108834
8943a29a803ffff,Potential Car Buyers,Noon,Weekday,16.819,0.010547
8943a29a803ffff,Potential Car Buyers,Noon,Weekend,16.487,0.0103387
8943a29a803ffff,Potential Car Buyers,Other,Weekday,5.272,0.002849
8943a29a803ffff,Potential Car Buyers,Other,Weekend,3.852,0.00208186
8943a29a8d7ffff,Families,After noon,Weekday,30.013,0.019343
8943a29a8d7ffff,Families,After noon,Weekend,39.494,0.0254532
8943a29a8d7ffff,Families,Morning,Weekday,7.342,0.004229
8943a29a8d7ffff,Families,Morning,Weekend,9.388,0.00540742
8943a29a8d7ffff,Families,Night,Weekday,29.278,0.018853
8943a29a8d7ffff,Families,Night,Weekend,32.855,0.0211566
8943a29a8d7ffff,Families,Noon,Weekday,28.744,0.018497
8943a29a8d7ffff,Families,Noon,Weekend,34.37,0.0221173
8943a29a8d7ffff,Families,Other,Weekday,17.197,0.010799
8943a29a8d7ffff,Families,Other,Weekend,10.763,0.00675877
8943a29a8d7ffff,HNWI,After noon,Weekday,24.808,0.015873
8943a29a8d7ffff,HNWI,After noon,Weekend,21.249,0.0135961
8943a29a8d7ffff,HNWI,Morning,Weekday,11.662,0.007109
8943a29a8d7ffff,HNWI,Morning,Weekend,14.148,0.00862469
8943a29a8d7ffff,HNWI,Night,Weekday,24.073,0.015383
8943a29a8d7ffff,HNWI,Night,Weekend,25.875,0.0165342
8943a29a8d7ffff,HNWI,Noon,Weekday,7.912,0.004609
8943a29a8d7ffff,HNWI,Noon,Weekend,5.951,0.00346683
8943a29a8d7ffff,HNWI,Other,Weekday,11.992,0.007329
8943a29a8d7ffff,HNWI,Other,Weekend,16.067,0.00981947
8943a29a8d7ffff,Potential Car Buyers,After noon,Weekday,3.082,0.001389
8943a29a8d7ffff,Potential Car Buyers,After noon,Weekend,2.504,0.00112851
8943a29a8d7ffff,Potential Car Buyers,Morning,Weekday,5.563,0.003043
8943a29a8d7ffff,Potential Car Buyers,Morning,Weekend,5.187,0.0028375
8943a29a8d7ffff,Potential Car Buyers,Night,Weekday,2.347,0.000899
8943a29a8d7ffff,Potential Car Buyers,Night,Weekend,2.737,0.00104847
8943a29a8d7ffff,Potential Car Buyers,Noon,Weekday,1.813,0.000543
8943a29a8d7ffff,Potential Car Buyers,Noon,Weekend,1.178,0.000352884
8943a29a8d7ffff,Potential Car Buyers,Other,Weekday,20.266,0.012845
8943a29a8d7ffff,Potential Car Buyers,Other,Weekend,24.564,0.0155692
8943a29a9a7ffff,Families,After noon,Weekday,17.296,0.010865
8943a29a9a7ffff,Families,After noon,Weekend,19.378,0.0121731
8943a29a9a7ffff,Families,Morning,Weekday,19.777,0.012519
8943a29a9a7ffff,Families,Morning,Weekend,27.239,0.0172422
8943a29a9a7ffff,Families,Night,Weekday,16.561,0.010375
8943a29a9a7ffff,Families,Night,Weekend,11.409,0.00714731
8943a29a9a7ffff,Families,Noon,Weekday,19.936,0.012625
8943a29a9a7ffff,Families,Noon,Weekend,21.586,0.01367
8943a29a9a7ffff,Families,Other,Weekday,4.48,0.002321
8943a29a9a7ffff,Families,Other,Weekend,5.95,0.00308276
8943a29a9a7ffff,HNWI,After noon,Weekday,21.616,0.013745
8943a29a9a7ffff,HNWI,After noon,Weekend,28.558,0.018159
8943a29a9a7ffff,HNWI,Morning,Weekday,28.945,0.018631
8943a29a9a7ffff,HNWI,Morning,Weekend,23.965,0.0154254
8943a29a9a7ffff,HNWI,Night,Weekday,11.356,0.006905
8943a29a9a7ffff,HNWI,Night,Weekend,12.998,0.0079036
8943a29a9a7ffff,HNWI,Noon,Weekday,19.579,0.012387
8943a29a9a7ffff,HNWI,Noon,Weekend,26.184,0.0165659
8943a29a9a7ffff,HNWI,Other,Weekday,29.275,0.018851
8943a29a9a7ffff,HNWI,Other,Weekend,20.447,0.0131662
8943a29a9a7ffff,Potential Car Buyers,After noon,Weekday,9.901,0.005935
8943a29a9a7ffff,Potential Car Buyers,After noon,Weekend,13.925,0.00834709
8943a29a9a7ffff,Potential Car Buyers,Morning,Weekday,17.23,0.010821
8943a29a9a7ffff,Potential Car Buyers,Morning,Weekend,12.117,0.00760967
8943a29a9a7ffff,Potential Car Buyers,Night,Weekday,14.782,0.009189
8943a29a9a7ffff,Potential Car Buyers,Night,Weekend,13.142,0.00816932
8943a29a9a7ffff,Potential Car Buyers,Noon,Weekday,23.005,0.014671
8943a29a9a7ffff,Potential Car Buyers,Noon,Weekend,23.598,0.0150492
8943a29a9a7ffff,Potential Car Buyers,Other,Weekday,2.701,0.001135
8943a29a9a7ffff,Potential Car Buyers,Other,Weekend,3.373,0.00141719
8943a29abb3ffff,Families,After noon,Weekday,26.944,0.017297
8943a29abb3ffff,Families,After noon,Weekend,37.646,0.0241675
8943a29abb3ffff,Families,Morning,Weekday,29.425,0.018951
8943a29abb3ffff,Families,Morning,Weekend,36.887,0.023757
8943a29abb3ffff,Families,Night,Weekday,11.836,0.007225
8943a29abb3ffff,Families,Night,Weekend,13.505,0.00824389
8943a29abb3ffff,Families,Noon,Weekday,25.675,0.016451
8943a29abb3ffff,Families,Noon,Weekend,32.338,0.0207204
8943a29abb3ffff,Families,Other,Weekday,29.755,0.019171
8943a29abb3ffff,Families,Other,Weekend,36.263,0.0233638
8943a29abb3ffff,HNWI,After noon,Weekday,8.59,0.005061
8943a29abb3ffff,HNWI,After noon,Weekend,11.817,0.00696201
8943a29abb3ffff,HNWI,Morning,Weekday,11.071,0.006715
8943a29abb3ffff,HNWI,Morning,Weekend,11.241,0.00681817
8943a29abb3ffff,HNWI,Night,Weekday,7.855,0.004571
8943a29abb3ffff,HNWI,Night,Weekend,10.318,0.00600407
8943a29abb3ffff,HNWI,Noon,Weekday,1.705,0.000471
8943a29abb3ffff,HNWI,Noon,Weekend,2.263,0.000625253
8943a29abb3ffff,HNWI,Other,Weekday,25.774,0.016517
8943a29abb3ffff,HNWI,Other,Weekend,18.986,0.0121672
8943a29abb3ffff,Potential Car Buyers,After noon,Weekday,25.165,0.016111
8943a29abb3ffff,Potential Car Buyers,After noon,Weekend,22.551,0.0144377
8943a29abb3ffff,Potential Car Buyers,Morning,Weekday,2.494,0.000997
8943a29abb3ffff,Potential Car Buyers,Morning,Weekend,2.979,0.00119076
8943a29abb3ffff,Potential Car Buyers,Night,Weekday,14.905,0.009271
8943a29abb3ffff,Potential Car Buyers,Night,Weekend,8.778,0.00545969
8943a29abb3ffff,Potential Car Buyers,Noon,Weekday,28.744,0.018497
8943a29abb3ffff,Potential Car Buyers,Noon,Weekend,29.547,0.019014
8943a29abb3ffff,Potential Car Buyers,Other,Weekday,2.824,0.001217
8943a29abb3ffff,Potential Car Buyers,Other,Weekend,1.758,0.000757577
8943a29ac4fffff,Families,After noon,Weekday,17.293,0.010863
8943a29ac4fffff,Families,After noon,Weekend,16.195,0.010173
8943a29ac4fffff,Families,Morning,Weekday,24.622,0.015749
8943a29ac4fffff,Families,Morning,Weekend,31.736,0.0202995
8943a29ac4fffff,Families,Night,Weekday,22.174,0.014117
8943a29ac4fffff,Families,Night,Weekend,18.116,0.0115336
8943a29ac4fffff,Families,Noon,Weekday,30.397,0.019599
8943a29ac4fffff,Families,Noon,Weekend,19.129,0.0123337
8943a29ac4fffff,Families,Other,Weekday,4.477,0.002319
8943a29ac4fffff,Families,Other,Weekend,4.966,0.00257252
8943a29ac4fffff,HNWI,After noon,Weekday,8.464,0.004977
8943a29ac4fffff,HNWI,After noon,Weekend,10.9,0.00640915
8943a29ac4fffff,HNWI,Morning,Weekday,15.793,0.009863
8943a29ac4fffff,HNWI,Morning,Weekend,8.845,0.0055239
8943a29ac4fffff,HNWI,Night,Weekday,7.729,0.004487
8943a29ac4fffff,HNWI,Night,Weekend,10.67,0.00619439
8943a29ac4fffff,HNWI,Noon,Weekday,12.043,0.007363
8943a29ac4fffff,HNWI,Noon,Weekend,9.718,0.00594164
8943a29ac4fffff,HNWI,Other,Weekday,25.648,0.016433
8943a29ac4fffff,HNWI,Other,Weekend,33.882,0.0217086
8943a29ac4fffff,Potential Car Buyers,After noon,Weekday,20.362,0.012909
8943a29ac4fffff,Potential Car Buyers,After noon,Weekend,13.919,0.00882451
8943a29ac4fffff,Potential Car Buyers,Morning,Weekday,7.216,0.004145
8943a29ac4fffff,Potential Car Buyers,Morning,Weekend,4.932,0.00283305
8943a29ac4fffff,Potential Car Buyers,Night,Weekday,19.627,0.012419
8943a29ac4fffff,Potential Car Buyers,Night,Weekend,16.963,0.0107332
8943a29ac4fffff,Potential Car Buyers,Noon,Weekday,28.618,0.018413
8943a29ac4fffff,Potential Car Buyers,Noon,Weekend,30.566,0.0196663
8943a29ac4fffff,Potential Car Buyers,Other,Weekday,7.546,0.004365
8943a29ac4fffff,Potential Car Buyers,Other,Weekend,10.709,0.0061949
8943a29ad3bffff,Families,After noon,Weekday,26.293,0.016863
8943a29ad3bffff,Families,After noon,Weekend,24.184,0.0155105
8943a29ad3bffff,Families,Morning,Weekday,28.774,0.018517
8943a29ad3bffff,Families,Morning,Weekend,37.888,0.0243819
8943a29ad3bffff,Families,Night,Weekday,11.185,0.006791
8943a29ad3bffff,Families,Night,Weekend,11.361,0.0068977
8943a29ad3bffff,Families,Noon,Weekday,25.024,0.016017
8943a29ad3bffff,Families,Noon,Weekend,18.576,0.01189
8943a29ad3bffff,Families,Other,Weekday,29.104,0.018737
8943a29ad3bffff,Families,Other,Weekend,23.741,0.0152844
8943a29ad3bffff,HNWI,After noon,Weekday,7.939,0.004627
8943a29ad3bffff,HNWI,After noon,Weekend,6.706,0.00390834
8943a29ad3bffff,HNWI,Morning,Weekday,10.42,0.006281
8943a29ad3bffff,HNWI,Morning,Weekend,8.609,0.00518966
8943a29ad3bffff,HNWI,Night,Weekday,7.204,0.004137
8943a29ad3bffff,HNWI,Night,Weekend,8.009,0.00459935
8943a29ad3bffff,HNWI,Noon,Weekday,16.195,0.010131
8943a29ad3bffff,HNWI,Noon,Weekend,15.266,0.00954991
8943a29ad3bffff,HNWI,Other,Weekday,25.123,0.016083
8943a29ad3bffff,HNWI,Other,Weekend,19.028,0.0121809
8943a29ad3bffff,Potential Car Buyers,After noon,Weekday,16.408,0.010273
8943a29ad3bffff,Potential Car Buyers,After noon,Weekend,16.11,0.0100863
8943a29ad3bffff,Potential Car Buyers,Morning,Weekday,23.737,0.015159
8943a29ad3bffff,Potential Car Buyers,Morning,Weekend,32.969,0.0210548
8943a29ad3bffff,Potential Car Buyers,Night,Weekday,20.521,0.013015
8943a29ad3bffff,Potential Car Buyers,Night,Weekend,18.834,0.0119448
8943a29ad3bffff,Potential Car Buyers,Noon,Weekday,19.987,0.012659
8943a29ad3bffff,Potential Car Buyers,Noon,Weekend,19.589,0.0124069
8943a29ad3bffff,Potential Car Buyers,Other,Weekday,8.44,0.004961
8943a29ad3bffff,Potential Car Buyers,Other,Weekend,9.975,0.00586325
8943a29adc7ffff,Families,After noon,Weekday,29.575,0.019051
8943a29adc7ffff,Families,After noon,Weekend,25.765,0.0165969
8943a29adc7ffff,Families,Morning,Weekday,6.904,0.003937
8943a29adc7ffff,Families,Morning,Weekend,7.049,0.00401946
8943a29adc7ffff,Families,Night,Weekday,28.84,0.018561
8943a29adc7ffff,Families,Night,Weekend,19.438,0.0125103
8943a29adc7ffff,Families,Noon,Weekday,28.306,0.018205
8943a29adc7ffff,Families,Noon,Weekend,36.759,0.0236415
8943a29adc7ffff,Families,Other,Weekday,16.759,0.010507
8943a29adc7ffff,Families,Other,Weekend,15.052,0.00943706
8943a29adc7ffff,HNWI,After noon,Weekday,11.872,0.007249
8943a29adc7ffff,HNWI,After noon,Weekend,13.611,0.00831109
8943a29adc7ffff,HNWI,Morning,Weekday,14.353,0.008903
8943a29adc7ffff,HNWI,Morning,Weekend,13.871,0.00860409
8943a29adc7ffff,HNWI,Night,Weekday,16.753,0.010503
8943a29adc7ffff,HNWI,Night,Weekend,17.474,0.010955
8943a29adc7ffff,HNWI,Noon,Weekday,10.603,0.006403
8943a29adc7ffff,HNWI,Noon,Weekend,7.923,0.00478476
8943a29adc7ffff,HNWI,Other,Weekday,4.672,0.002449
8943a29adc7ffff,HNWI,Other,Weekend,3.284,0.00172132
8943a29adc7ffff,Potential Car Buyers,After noon,Weekday,24.538,0.015693
8943a29adc7ffff,Potential Car Buyers,After noon,Weekend,17.426,0.0111446
8943a29adc7ffff,Potential Car Buyers,Morning,Weekday,11.392,0.006929
8943a29adc7ffff,Potential Car Buyers,Morning,Weekend,10.17,0.00618562
8943a29adc7ffff,Potential Car Buyers,Night,Weekday,23.803,0.015203
8943a29adc7ffff,Potential Car Buyers,Night,Weekend,32.491,0.020752
8943a29adc7ffff,Potential Car Buyers,Noon,Weekday,27.178,0.017453
8943a29adc7ffff,Potential Car Buyers,Noon,Weekend,36.222,0.0232611
8943a29adc7ffff,Potential Car Buyers,Other,Weekday,11.722,0.007149
8943a29adc7ffff,Potential Car Buyers,Other,Weekend,11.794,0.00719316
8943a8d640fffff,Families,After noon,Weekday,21.559,0.013707
8943a8d640fffff,Families,After noon,Weekend,31.075,0.019757
8943a8d640fffff,Families,Morning,Weekday,28.888,0.018593
8943a8d640fffff,Families,Morning,Weekend,31.326,0.020162
8943a8d640fffff,Families,Night,Weekday,11.299,0.006867
8943a8d640fffff,Families,Night,Weekend,12.83,0.00779758
8943a8d640fffff,Families,Noon,Weekday,14.674,0.009117
8943a8d640fffff,Families,Noon,Weekend,10.266,0.00637848
8943a8d640fffff,Families,Other,Weekday,29.218,0.018813
8943a8d640fffff,Families,Other,Weekend,31.464,0.0202589
8943a8d640fffff,HNWI,After noon,Weekday,27.589,0.017727
8943a8d640fffff,HNWI,After noon,Weekend,19.491,0.0125237
8943a8d640fffff,HNWI,Morning,Weekday,14.443,0.008963
8943a8d640fffff,HNWI,Morning,Weekend,11.208,0.00695533
8943a8d640fffff,HNWI,Night,Weekday,26.854,0.017237
8943a8d640fffff,HNWI,Night,Weekend,24.524,0.0157414
8943a8d640fffff,HNWI,Noon,Weekday,10.693,0.006463
8943a8d640fffff,HNWI,Noon,Weekend,7.821,0.00472697
8943a8d640fffff,HNWI,Other,Weekday,14.773,0.009183
8943a8d640fffff,HNWI,Other,Weekend,16.074,0.00999167
8943a8d640fffff,Potential Car Buyers,After noon,Weekday,19.012,0.012009
8943a8d640fffff,Potential Car Buyers,After noon,Weekend,25.725,0.0162492
8943a8d640fffff,Potential Car Buyers,Morning,Weekday,21.493,0.013663
8943a8d640fffff,Potential Car Buyers,Morning,Weekend,20.629,0.0131136
8943a8d640fffff,Potential Car Buyers,Night,Weekday,14.368,0.008913
8943a8d640fffff,Potential Car Buyers,Night,Weekend,9.725,0.00603286
8943a8d640fffff,Potential Car Buyers,Noon,Weekday,17.743,0.011163
8943a8d640fffff,Potential Car Buyers,Noon,Weekend,23.899,0.015036
8943a8d640fffff,Potential Car Buyers,Other,Weekday,2.287,0.000859
8943a8d640fffff,Potential Car Buyers,Other,Weekend,2.464,0.000925585
8943a8d64b7ffff,Families,After noon,Weekday,22.216,0.014145
8943a8d64b7ffff,Families,After noon,Weekend,31.729,0.0202022
8943a8d64b7ffff,Families,Morning,Weekday,24.697,0.015799
8943a8d64b7ffff,Families,Morning,Weekend,31.591,0.020209
8943a8d64b7ffff,Families,Night,Weekday,27.097,0.017399
8943a8d64b7ffff,Families,Night,Weekend,28.263,0.0181479
8943a8d64b7ffff,Families,Noon,Weekday,30.472,0.019649
8943a8d64b7ffff,Families,Noon,Weekend,16.858,0.0108703
8943a8d64b7ffff,Families,Other,Weekday,15.016,0.009345
8943a8d64b7ffff,Families,Other,Weekend,19.2,0.011949
8943a8d64b7ffff,HNWI,After noon,Weekday,13.387,0.008259
8943a8d64b7ffff,HNWI,After noon,Weekend,11.83,0.00729837
8943a8d64b7ffff,HNWI,Morning,Weekday,15.868,0.009913
8943a8d64b7ffff,HNWI,Morning,Weekend,18.635,0.0116418
8943a8d64b7ffff,HNWI,Night,Weekday,12.652,0.007769
8943a8d64b7ffff,HNWI,Night,Weekend,17.155,0.0105338
8943a8d64b7ffff,HNWI,Noon,Weekday,12.118,0.007413
8943a8d64b7ffff,HNWI,Noon,Weekend,17.159,0.0104967
8943a8d64b7ffff,HNWI,Other,Weekday,30.571,0.019715
8943a8d64b7ffff,HNWI,Other,Weekend,33.765,0.0217749
8943a8d64b7ffff,Potential Car Buyers,After noon,Weekday,20.437,0.012959
8943a8d64b7ffff,Potential Car Buyers,After noon,Weekend,21.722,0.0137739
8943a8d64b7ffff,Potential Car Buyers,Morning,Weekday,7.291,0.004195
8943a8d64b7ffff,Potential Car Buyers,Morning,Weekend,8.769,0.00504519
8943a8d64b7ffff,Potential Car Buyers,Night,Weekday,19.702,0.012469
8943a8d64b7ffff,Potential Car Buyers,Night,Weekend,12.031,0.00761438
8943a8d64b7ffff,Potential Car Buyers,Noon,Weekday,3.541,0.001695
8943a8d64b7ffff,Potential Car Buyers,Noon,Weekend,2.264,0.00108384
8943a8d64b7ffff,Potential Car Buyers,Other,Weekday,7.621,0.004415
8943a8d64b7ffff,Potential Car Buyers,Other,Weekend,7.982,0.00462429
8943a8d664bffff,Families,After noon,Weekday,13.804,0.008537
8943a8d664bffff,Families,After noon,Weekend,10.467,0.00647343
8943a8d664bffff,Families,Morning,Weekday,21.133,0.013423
8943a8d664bffff,Families,Morning,Weekend,16.264,0.0103306
8943a8d664bffff,Families,Night,Weekday,13.069,0.008047
8943a8d664bffff,Families,Night,Weekend,11.806,0.00726949
8943a8d664bffff,Families,Noon,Weekday,12.535,0.007691
8943a8d664bffff,Families,Noon,Weekend,9.61,0.00589655
8943a8d664bffff,Families,Other,Weekday,30.988,0.019993
8943a8d664bffff,Families,Other,Weekend,32.622,0.0210472
8943a8d664bffff,HNWI,After noon,Weekday,29.359,0.018907
8943a8d664bffff,HNWI,After noon,Weekend,27.09,0.0174455
8943a8d664bffff,HNWI,Morning,Weekday,6.688,0.003793
8943a8d664bffff,HNWI,Morning,Weekend,6.874,0.00389821
8943a8d664bffff,HNWI,Night,Weekday,24.715,0.015811
8943a8d664bffff,HNWI,Night,Weekend,28.023,0.0179271
8943a8d664bffff,HNWI,Noon,Weekday,28.09,0.018061
8943a8d664bffff,HNWI,Noon,Weekend,39.343,0.0252965
8943a8d664bffff,HNWI,Other,Weekday,12.634,0.007757
8943a8d664bffff,HNWI,Other,Weekend,16.045,0.00985157
8943a8d664bffff,Potential Car Buyers,After noon,Weekday,3.151,0.001435
8943a8d664bffff,Potential Car Buyers,After noon,Weekend,2.263,0.00103079
8943a8d664bffff,Potential Car Buyers,Morning,Weekday,20.005,0.012671
8943a8d664bffff,Potential Car Buyers,Morning,Weekend,18.325,0.0116066
8943a8d664bffff,Potential Car Buyers,Night,Weekday,8.032,0.004689
8943a8d664bffff,Potential Car Buyers,Night,Weekend,7.948,0.00464007
8943a8d664bffff,Potential Car Buyers,Noon,Weekday,11.407,0.006939
8943a8d664bffff,Potential Car Buyers,Noon,Weekend,13.521,0.00822476
8943a8d664bffff,Potential Car Buyers,Other,Weekday,25.951,0.016635
8943a8d664bffff,Potential Car Buyers,Other,Weekend,14.577,0.00934384
8943a8d66b3ffff,Families,After noon,Weekday,19.681,0.012455
8943a8d66b3ffff,Families,After noon,Weekend,15.884,0.0100523
8943a8d66b3ffff,Families,Morning,Weekday,22.162,0.014109
8943a8d66b3ffff,Families,Morning,Weekend,25.961,0.0165276
8943a8d66b3ffff,Families,Night,Weekday,24.562,0.015709
8943a8d66b3ffff,Families,Night,Weekend,22.246,0.0142275
8943a8d66b3ffff,Families,Noon,Weekday,18.412,0.011609
8943a8d66b3ffff,Families,Noon,Weekend,10.991,0.00692974
8943a8d66b3ffff,Families,Other,Weekday,12.481,0.007655
8943a8d66b3ffff,Families,Other,Weekend,7.239,0.00443992
8943a8d66b3ffff,HNWI,After noon,Weekday,1.327,0.000219
8943a8d66b3ffff,HNWI,After noon,Weekend,1.672,0.000275898
8943a8d66b3ffff,HNWI,Morning,Weekday,18.181,0.011455
8943a8d66b3ffff,HNWI,Morning,Weekend,24.923,0.015703
8943a8d66b3ffff,HNWI,Night,Weekday,30.592,0.019729
8943a8d66b3ffff,HNWI,Night,Weekend,38.032,0.0245269
8943a8d66b3ffff,HNWI,Noon,Weekday,14.431,0.008955
8943a8d66b3ffff,HNWI,Noon,Weekend,18.854,0.0116994
8943a8d66b3ffff,HNWI,Other,Weekday,18.511,0.011675
8943a8d66b3ffff,HNWI,Other,Weekend,19.844,0.0125159
8943a8d66b3ffff,Potential Car Buyers,After noon,Weekday,14.644,0.009097
8943a8d66b3ffff,Potential Car Buyers,After noon,Weekend,19.341,0.012015
8943a8d66b3ffff,Potential Car Buyers,Morning,Weekday,17.125,0.010751
8943a8d66b3ffff,Potential Car Buyers,Morning,Weekend,21.898,0.0137477
8943a8d66b3ffff,Potential Car Buyers,Night,Weekday,13.909,0.008607
8943a8d66b3ffff,Potential Car Buyers,Night,Weekend,19.135,0.0118407
8943a8d66b3ffff,Potential Car Buyers,Noon,Weekday,22.9,0.014601
8943a8d66b3ffff,Potential Car Buyers,Noon,Weekend,22.334,0.0142401
8943a8d66b3ffff,Potential Car Buyers,Other,Weekday,1.828,0.000553
8943a8d66b3ffff,Potential Car Buyers,Other,Weekend,2.199,0.000665216
8943ac4d953ffff,Families,After noon,Weekday,23.314,0.014877
8943ac4d953ffff,Families,After noon,Weekend,14.286,0.00911632
8943ac4d953ffff,Families,Morning,Weekday,30.643,0.019763
8943ac4d953ffff,Families,Morning,Weekend,33.575,0.0216537
8943ac4d953ffff,Families,Night,Weekday,18.67,0.011781
8943ac4d953ffff,Families,Night,Weekend,15.641,0.00986954
8943ac4d953ffff,Families,Noon,Weekday,22.045,0.014031
8943ac4d953ffff,Families,Noon,Weekend,22.561,0.0143594
8943ac4d953ffff,Families,Other,Weekday,6.589,0.003727
8943ac4d953ffff,Families,Other,Weekend,7.17,0.00405571
8943ac4d953ffff,HNWI,After noon,Weekday,4.96,0.002641
8943ac4d953ffff,HNWI,After noon,Weekend,5.273,0.00280763
8943ac4d953ffff,HNWI,Morning,Weekday,21.814,0.013877
8943ac4d953ffff,HNWI,Morning,Weekend,24.947,0.0158703
8943ac4d953ffff,HNWI,Night,Weekday,4.225,0.002151
8943ac4d953ffff,HNWI,Night,Weekend,5.008,0.00254971
8943ac4d953ffff,HNWI,Noon,Weekday,18.064,0.011377
8943ac4d953ffff,HNWI,Noon,Weekend,21.069,0.0132695
8943ac4d953ffff,HNWI,Other,Weekday,22.144,0.014097
8943ac4d953ffff,HNWI,Other,Weekend,26.96,0.0171627
8943ac4d953ffff,Potential Car Buyers,After noon,Weekday,26.383,0.016923
8943ac4d953ffff,Potential Car Buyers,After noon,Weekend,24.034,0.0154162
8943ac4d953ffff,Potential Car Buyers,Morning,Weekday,28.864,0.018577
8943ac4d953ffff,Potential Car Buyers,Morning,Weekend,28.303,0.018216
8943ac4d953ffff,Potential Car Buyers,Night,Weekday,25.648,0.016433
8943ac4d953ffff,Potential Car Buyers,Night,Weekend,26.265,0.0168283
8943ac4d953ffff,Potential Car Buyers,Noon,Weekday,25.114,0.016077
8943ac4d953ffff,Potential Car Buyers,Noon,Weekend,25.705,0.016455
8943ac4d953ffff,Potential Car Buyers,Other,Weekday,13.567,0.008379
8943ac4d953ffff,Potential Car Buyers,Other,Weekend,14.266,0.00881059
8943ac4da67ffff,Families,After noon,Weekday,14.785,0.009191
8943ac4da67ffff,Families,After noon,Weekend,17.407,0.0108207
8943ac4da67ffff,Families,Morning,Weekday,22.114,0.014077
8943ac4da67ffff,Families,Morning,Weekend,20.85,0.0132721
8943ac4da67ffff,Families,Night,Weekday,4.525,0.002351
8943ac4da67ffff,Families,Night,Weekend,6.411,0.00333103
8943ac4da67ffff,Families,Noon,Weekday,7.9,0.004601
8943ac4da67ffff,Families,Noon,Weekend,5.793,0.00337391
8943ac4da67ffff,Families,Other,Weekday,22.444,0.014297
8943ac4da67ffff,Families,Other,Weekend,24.991,0.0159195
8943ac4da67ffff,HNWI,After noon,Weekday,20.815,0.013211
8943ac4da67ffff,HNWI,After noon,Weekend,16.44,0.0104346
8943ac4da67ffff,HNWI,Morning,Weekday,23.296,0.014865
8943ac4da67ffff,HNWI,Morning,Weekend,25.157,0.0160525
8943ac4da67ffff,HNWI,Night,Weekday,20.08,0.012721
8943ac4da67ffff,HNWI,Night,Weekend,25.072,0.0158833
8943ac4da67ffff,HNWI,Noon,Weekday,29.071,0.018715
8943ac4da67ffff,HNWI,Noon,Weekend,27.528,0.0177214
8943ac4da67ffff,HNWI,Other,Weekday,7.999,0.004667
8943ac4da67ffff,HNWI,Other,Weekend,9.915,0.00578491
8943ac4da67ffff,Potential Car Buyers,After noon,Weekday,4.132,0.002089
8943ac4da67ffff,Potential Car Buyers,After noon,Weekend,5.49,0.0027757
8943ac4da67ffff,Potential Car Buyers,Morning,Weekday,6.613,0.003743
8943ac4da67ffff,Potential Car Buyers,Morning,Weekend,8.544,0.00483613
8943ac4da67ffff,Potential Car Buyers,Night,Weekday,3.397,0.001599
8943ac4da67ffff,Potential Car Buyers,Night,Weekend,3.586,0.00168798
8943ac4da67ffff,Potential Car Buyers,Noon,Weekday,2.863,0.001243
8943ac4da67ffff,Potential Car Buyers,Noon,Weekend,1.954,0.000848263
8943ac4da67ffff,Potential Car Buyers,Other,Weekday,21.316,0.013545
8943ac4da67ffff,Potential Car Buyers,Other,Weekend,30.359,0.0192915
8943ac4db67ffff,Families,After noon,Weekday,25.432,0.016289
8943ac4db67ffff,Families,After noon,Weekend,21.998,0.0140895
8943ac4db67ffff,Families,Morning,Weekday,27.913,0.017943
8943ac4db67ffff,Families,Morning,Weekend,30.994,0.0199233
8943ac4db67ffff,Families,Night,Weekday,20.788,0.013193
8943ac4db67ffff,Families,Night,Weekend,11.66,0.00740016
8943ac4db67ffff,Families,Noon,Weekday,24.163,0.015443
8943ac4db67ffff,Families,Noon,Weekend,19.355,0.0123701
8943ac4db67ffff,Families,Other,Weekday,28.243,0.018163
8943ac4db67ffff,Families,Other,Weekend,32.159,0.0206814
8943ac4db67ffff,HNWI,After noon,Weekday,8.497,0.004999
8943ac4db67ffff,HNWI,After noon,Weekend,10.557,0.00621092
8943ac4db67ffff,HNWI,Morning,Weekday,15.826,0.009885
8943ac4db67ffff,HNWI,Morning,Weekend,14.867,0.00928602
8943ac4db67ffff,HNWI,Night,Weekday,28.237,0.018159
8943ac4db67ffff,HNWI,Night,Weekend,23.778,0.0152915
8943ac4db67ffff,HNWI,Noon,Weekday,1.612,0.000409
8943ac4db67ffff,HNWI,Noon,Weekend,0.944,0.000239569
8943ac4db67ffff,HNWI,Other,Weekday,16.156,0.010105
8943ac4db67ffff,HNWI,Other,Weekend,23.031,0.014405
8943ac4db67ffff,Potential Car Buyers,After noon,Weekday,2.398,0.000933
8943ac4db67ffff,Potential Car Buyers,After noon,Weekend,3.4,0.00132266
8943ac4db67ffff,Potential Car Buyers,Morning,Weekday,9.727,0.005819
8943ac4db67ffff,Potential Car Buyers,Morning,Weekend,12.107,0.00724289
8943ac4db67ffff,Potential Car Buyers,Night,Weekday,1.663,0.000443
8943ac4db67ffff,Potential Car Buyers,Night,Weekend,1.66,0.000442234
8943ac4db67ffff,Potential Car Buyers,Noon,Weekday,5.038,0.002693
8943ac4db67ffff,Potential Car Buyers,Noon,Weekend,4.481,0.0023953
8943ac4db67ffff,Potential Car Buyers,Other,Weekday,19.582,0.012389
8943ac4db67ffff,Potential Car Buyers,Other,Weekend,26.957,0.0170547
8943ac4dbcbffff,Families,After noon,Weekday,23.182,0.014789
8943ac4dbcbffff,Families,After noon,Weekend,31.495,0.0200924
8943ac4dbcbffff,Families,Morning,Weekday,30.511,0.019675
8943ac4dbcbffff,Families,Morning,Weekend,32.194,0.0207603
8943ac4dbcbffff,Families,Night,Weekday,22.447,0.014299
8943ac4dbcbffff,Families,Night,Weekend,24.409,0.0155487
8943ac4dbcbffff,Families,Noon,Weekday,30.67,0.019781
8943ac4dbcbffff,Families,Noon,Weekend,17.208,0.0110982
8943ac4dbcbffff,Families,Other,Weekday,10.366,0.006245
8943ac4dbcbffff,Families,Other,Weekend,6.075,0.00365977
8943ac4dbcbffff,HNWI,After noon,Weekday,8.737,0.005159
8943ac4dbcbffff,HNWI,After noon,Weekend,7.154,0.00422399
8943ac4dbcbffff,HNWI,Morning,Weekday,16.066,0.010045
8943ac4dbcbffff,HNWI,Morning,Weekend,15.435,0.00965031
8943ac4dbcbffff,HNWI,Night,Weekday,8.002,0.004669
8943ac4dbcbffff,HNWI,Night,Weekend,9.681,0.00564868
8943ac4dbcbffff,HNWI,Noon,Weekday,12.316,0.007545
8943ac4dbcbffff,HNWI,Noon,Weekend,10.579,0.00648062
8943ac4dbcbffff,HNWI,Other,Weekday,16.396,0.010265
8943ac4dbcbffff,HNWI,Other,Weekend,17.245,0.0107966
8943ac4dbcbffff,Potential Car Buyers,After noon,Weekday,22.054,0.014037
8943ac4dbcbffff,Potential Car Buyers,After noon,Weekend,13.42,0.00854155
8943ac4dbcbffff,Potential Car Buyers,Morning,Weekday,29.383,0.018923
8943ac4dbcbffff,Potential Car Buyers,Morning,Weekend,41.322,0.0266116
8943ac4dbcbffff,Potential Car Buyers,Night,Weekday,11.794,0.007197
8943ac4dbcbffff,Potential Car Buyers,Night,Weekend,11.555,0.00705121
8943ac4dbcbffff,Potential Car Buyers,Noon,Weekday,25.633,0.016423
8943ac4dbcbffff,Potential Car Buyers,Noon,Weekend,22.36,0.014326
8943ac4dbcbffff,Potential Car Buyers,Other,Weekday,29.713,0.019143
8943ac4dbcbffff,Potential Car Buyers,Other,Weekend,22.219,0.0143148
8943ac6c123ffff,Families,After noon,Weekday,7.711,0.004475
8943ac6c123ffff,Families,After noon,Weekend,7.607,0.00441473
8943ac6c123ffff,Families,Morning,Weekday,10.192,0.006129
8943ac6c123ffff,Families,Morning,Weekend,6.028,0.00362513
8943ac6c123ffff,Families,Night,Weekday,22.603,0.014403
8943ac6c123ffff,Families,Night,Weekend,23.916,0.0152399
8943ac6c123ffff,Families,Noon,Weekday,30.826,0.019885
8943ac6c123ffff,Families,Noon,Weekend,40.743,0.0262823
8943ac6c123ffff,Families,Other,Weekday,10.522,0.006349
8943ac6c123ffff,Families,Other,Weekend,6.482,0.00391146
8943ac6c123ffff,HNWI,After noon,Weekday,8.893,0.005263
8943ac6c123ffff,HNWI,After noon,Weekend,11.794,0.00697985
8943ac6c123ffff,HNWI,Morning,Weekday,16.222,0.010149
8943ac6c123ffff,HNWI,Morning,Weekend,20.225,0.0126532
8943ac6c123ffff,HNWI,Night,Weekday,8.158,0.004773
8943ac6c123ffff,HNWI,Night,Weekend,4.775,0.00279359
8943ac6c123ffff,HNWI,Noon,Weekday,21.997,0.013999
8943ac6c123ffff,HNWI,Noon,Weekend,24.796,0.0157806
8943ac6c123ffff,HNWI,Other,Weekday,26.077,0.016719
8943ac6c123ffff,HNWI,Other,Weekend,30.451,0.0195231
8943ac6c123ffff,Potential Car Buyers,After noon,Weekday,22.21,0.014141
8943ac6c123ffff,Potential Car Buyers,After noon,Weekend,20.324,0.0129404
8943ac6c123ffff,Potential Car Buyers,Morning,Weekday,29.539,0.019027
8943ac6c123ffff,Potential Car Buyers,Morning,Weekend,19.174,0.0123508
8943ac6c123ffff,Potential Car Buyers,Night,Weekday,21.475,0.013651
8943ac6c123ffff,Potential Car Buyers,Night,Weekend,24.164,0.0153602
8943ac6c123ffff,Potential Car Buyers,Noon,Weekday,25.789,0.016527
8943ac6c123ffff,Potential Car Buyers,Noon,Weekend,21.456,0.01375
8943ac6c123ffff,Potential Car Buyers,Other,Weekday,9.394,0.005597
8943ac6c123ffff,Potential Car Buyers,Other,Weekend,7.334,0.00436957
8943ac6c333ffff,Families,After noon,Weekday,6.703,0.003803
8943ac6c333ffff,Families,After noon,Weekend,8.15,0.00462425
8943ac6c333ffff,Families,Morning,Weekday,23.557,0.015039
8943ac6c333ffff,Families,Morning,Weekend,21.412,0.0136697
8943ac6c333ffff,Families,Night,Weekday,16.432,0.010289
8943ac6c333ffff,Families,Night,Weekend,17.867,0.0111877
8943ac6c333ffff,Families,Noon,Weekday,19.807,0.012539
8943ac6c333ffff,Families,Noon,Weekend,17.926,0.0113484
8943ac6c333ffff,Families,Other,Weekday,23.887,0.015259
8943ac6c333ffff,Families,Other,Weekend,15.049,0.00961335
8943ac6c333ffff,HNWI,After noon,Weekday,15.871,0.009915
8943ac6c333ffff,HNWI,After noon,Weekend,18.588,0.0116126
8943ac6c333ffff,HNWI,Morning,Weekday,23.2,0.014801
8943ac6c333ffff,HNWI,Morning,Weekend,22.371,0.0142724
8943ac6c333ffff,HNWI,Night,Weekday,11.227,0.006819
8943ac6c333ffff,HNWI,Night,Weekend,6.711,0.00407637
8943ac6c333ffff,HNWI,Noon,Weekday,14.602,0.009069
8943ac6c333ffff,HNWI,Noon,Weekend,17.268,0.010725
8943ac6c333ffff,HNWI,Other,Weekday,23.53,0.015021
8943ac6c333ffff,HNWI,Other,Weekend,27.406,0.0174956
8943ac6c333ffff,Potential Car Buyers,After noon,Weekday,16.039,0.010027
8943ac6c333ffff,Potential Car Buyers,After noon,Weekend,19.022,0.0118917
8943ac6c333ffff,Potential Car Buyers,Morning,Weekday,18.52,0.011681
8943ac6c333ffff,Potential Car Buyers,Morning,Weekend,12.144,0.0076598
8943ac6c333ffff,Potential Car Buyers,Night,Weekday,30.931,0.019955
8943ac6c333ffff,Potential Car Buyers,Night,Weekend,38.617,0.0249139
8943ac6c333ffff,Potential Car Buyers,Noon,Weekday,14.77,0.009181
8943ac6c333ffff,Potential Car Buyers,Noon,Weekend,18.676,0.011609
8943ac6c333ffff,Potential Car Buyers,Other,Weekday,18.85,0.011901
8943ac6c333ffff,Potential Car Buyers,Other,Weekend,23.776,0.0150112
8943ac6c37bffff,Families,After noon,Weekday,21.394,0.013597
8943ac6c37bffff,Families,After noon,Weekend,13.476,0.00856444
8943ac6c37bffff,Families,Morning,Weekday,28.723,0.018483
8943ac6c37bffff,Families,Morning,Weekend,40.598,0.0261243
8943ac6c37bffff,Families,Night,Weekday,20.659,0.013107
8943ac6c37bffff,Families,Night,Weekend,23.593,0.0149684
8943ac6c37bffff,Families,Noon,Weekday,14.509,0.009007
8943ac6c37bffff,Families,Noon,Weekend,9.467,0.0058772
8943ac6c37bffff,Families,Other,Weekday,8.578,0.005053
8943ac6c37bffff,Families,Other,Weekend,9.252,0.00545001
8943ac6c37bffff,HNWI,After noon,Weekday,21.037,0.013359
8943ac6c37bffff,HNWI,After noon,Weekend,28.074,0.0178277
8943ac6c37bffff,HNWI,Morning,Weekday,23.518,0.015013
8943ac6c37bffff,HNWI,Morning,Weekend,14.927,0.00952895
8943ac6c37bffff,HNWI,Night,Weekday,20.302,0.012869
8943ac6c37bffff,HNWI,Night,Weekend,15.422,0.00977582
8943ac6c37bffff,HNWI,Noon,Weekday,23.677,0.015119
8943ac6c37bffff,HNWI,Noon,Weekend,23.845,0.0152264
8943ac6c37bffff,HNWI,Other,Weekday,8.221,0.004815
8943ac6c37bffff,HNWI,Other,Weekend,9.985,0.00584844
8943ac6c37bffff,Potential Car Buyers,After noon,Weekday,18.847,0.011899
8943ac6c37bffff,Potential Car Buyers,After noon,Weekend,22.786,0.0143858
8943ac6c37bffff,Potential Car Buyers,Morning,Weekday,21.328,0.013553
8943ac6c37bffff,Potential Car Buyers,Morning,Weekend,18.525,0.0117718
8943ac6c37bffff,Potential Car Buyers,Night,Weekday,23.728,0.015153
8943ac6c37bffff,Potential Car Buyers,Night,Weekend,19.623,0.0125312
8943ac6c37bffff,Potential Car Buyers,Noon,Weekday,17.578,0.011053
8943ac6c37bffff,Potential Car Buyers,Noon,Weekend,15.212,0.00956536
8943ac6c37bffff,Potential Car Buyers,Other,Weekday,11.647,0.007099
8943ac6c37bffff,Potential Car Buyers,Other,Weekend,9.551,0.00582134
8943ac6c81bffff,Families,After noon,Weekday,23.554,0.015037
8943ac6c81bffff,Families,After noon,Weekend,22.627,0.0144455
8943ac6c81bffff,Families,Morning,Weekday,30.883,0.019923
8943ac6c81bffff,Families,Morning,Weekend,43.031,0.0277599
8943ac6c81bffff,Families,Night,Weekday,22.819,0.014547
8943ac6c81bffff,Families,Night,Weekend,32.76,0.0208841
8943ac6c81bffff,Families,Noon,Weekday,26.194,0.016797
8943ac6c81bffff,Families,Noon,Weekend,33.027,0.0211787
8943ac6c81bffff,Families,Other,Weekday,10.738,0.006493
8943ac6c81bffff,Families,Other,Weekend,15.286,0.00924296
8943ac6c81bffff,HNWI,After noon,Weekday,1.003,3e-06
8943ac6c81bffff,HNWI,After noon,Weekend,1.386,4.14581e-06
8943ac6c81bffff,HNWI,Morning,Weekday,8.332,0.004889
8943ac6c81bffff,HNWI,Morning,Weekend,5.788,0.00339603
8943ac6c81bffff,HNWI,Night,Weekday,5.116,0.002745
8943ac6c81bffff,HNWI,Night,Weekend,4.57,0.00245178
8943ac6c81bffff,HNWI,Noon,Weekday,14.107,0.008739
8943ac6c81bffff,HNWI,Noon,Weekend,14.328,0.008876
8943ac6c81bffff,HNWI,Other,Weekday,18.187,0.011459
8943ac6c81bffff,HNWI,Other,Weekend,10.034,0.00632201
8943ac6c81bffff,Potential Car Buyers,After noon,Weekday,22.426,0.014285
8943ac6c81bffff,Potential Car Buyers,After noon,Weekend,18.42,0.0117334
8943ac6c81bffff,Potential Car Buyers,Morning,Weekday,29.755,0.019171
8943ac6c81bffff,Potential Car Buyers,Morning,Weekend,37.198,0.0239663
8943ac6c81bffff,Potential Car Buyers,Night,Weekday,12.166,0.007445
8943ac6c81bffff,Potential Car Buyers,Night,Weekend,12.702,0.00777315
8943ac6c81bffff,Potential Car Buyers,Noon,Weekday,21.157,0.013439
8943ac6c81bffff,Potential Car Buyers,Noon,Weekend,18.028,0.0114512
8943ac6c81bffff,Potential Car Buyers,Other,Weekday,30.085,0.019391
8943ac6c81bffff,Potential Car Buyers,Other,Weekend,32.147,0.0207199
8943ac6c83bffff,Families,After noon,Weekday,30.286,0.019525
8943ac6c83bffff,Families,After noon,Weekend,21.215,0.013677
8943ac6c83bffff,Families,Morning,Weekday,7.615,0.004411
8943ac6c83bffff,Families,Morning,Weekend,4.898,0.00283712
8943ac6c83bffff,Families,Night,Weekday,29.551,0.019035
8943ac6c83bffff,Families,Night,Weekend,38.952,0.0250907
8943ac6c83bffff,Families,Noon,Weekday,13.39,0.008261
8943ac6c83bffff,Families,Noon,Weekend,8.083,0.00498711
8943ac6c83bffff,Families,Other,Weekday,17.47,0.010981
8943ac6c83bffff,Families,Other,Weekend,22.572,0.0141878
8943ac6c83bffff,HNWI,After noon,Weekday,1.348,0.000233
8943ac6c83bffff,HNWI,After noon,Weekend,1.796,0.000310515
8943ac6c83bffff,HNWI,Morning,Weekday,8.677,0.005119
8943ac6c83bffff,HNWI,Morning,Weekend,11.447,0.00675336
8943ac6c83bffff,HNWI,Night,Weekday,21.088,0.013393
8943ac6c83bffff,HNWI,Night,Weekend,21.539,0.0136797
8943ac6c83bffff,HNWI,Noon,Weekday,4.927,0.002619
8943ac6c83bffff,HNWI,Noon,Weekend,3.251,0.00172823
8943ac6c83bffff,HNWI,Other,Weekday,9.007,0.005339
8943ac6c83bffff,HNWI,Other,Weekend,9.701,0.00575026
8943ac6c83bffff,Potential Car Buyers,After noon,Weekday,4.774,0.002517
8943ac6c83bffff,Potential Car Buyers,After noon,Weekend,6.796,0.0035829
8943ac6c83bffff,Potential Car Buyers,Morning,Weekday,12.103,0.007403
8943ac6c83bffff,Potential Car Buyers,Morning,Weekend,9.486,0.00580233
8943ac6c83bffff,Potential Car Buyers,Night,Weekday,24.514,0.015677
8943ac6c83bffff,Potential Car Buyers,Night,Weekend,29.693,0.018989
8943ac6c83bffff,Potential Car Buyers,Noon,Weekday,8.353,0.004903
8943ac6c83bffff,Potential Car Buyers,Noon,Weekend,11.813,0.0069342
8943ac6c83bffff,Potential Car Buyers,Other,Weekday,12.433,0.007623
8943ac6c83bffff,Potential Car Buyers,Other,Weekend,11.878,0.00728251
8943ac6c8d3ffff,Families,After noon,Weekday,25.765,0.016511
8943ac6c8d3ffff,Families,After noon,Weekend,14.649,0.00938781
8943ac6c8d3ffff,Families,Morning,Weekday,22.63,0.014421
8943ac6c8d3ffff,Families,Morning,Weekend,22.573,0.0143849
8943ac6c8d3ffff,Families,Night,Weekday,25.03,0.016021
8943ac6c8d3ffff,Families,Night,Weekend,35.808,0.0229196
8943ac6c8d3ffff,Families,Noon,Weekday,18.88,0.011921
8943ac6c8d3ffff,Families,Noon,Weekend,12.429,0.00784799
8943ac6c8d3ffff,Families,Other,Weekday,12.949,0.007967
8943ac6c8d3ffff,Families,Other,Weekend,18.466,0.0113614
8943ac6c8d3ffff,HNWI,After noon,Weekday,3.214,0.001477
8943ac6c8d3ffff,HNWI,After noon,Weekend,3.553,0.00163277
8943ac6c8d3ffff,HNWI,Morning,Weekday,10.543,0.006363
8943ac6c8d3ffff,HNWI,Morning,Weekend,10.862,0.00655545
8943ac6c8d3ffff,HNWI,Night,Weekday,22.954,0.014637
8943ac6c8d3ffff,HNWI,Night,Weekend,12.691,0.00809278
8943ac6c8d3ffff,HNWI,Noon,Weekday,6.793,0.003863
8943ac6c8d3ffff,HNWI,Noon,Weekend,8.555,0.00486528
8943ac6c8d3ffff,HNWI,Other,Weekday,10.873,0.006583
8943ac6c8d3ffff,HNWI,Other,Weekend,9.188,0.00556291
8943ac6c8d3ffff,Potential Car Buyers,After noon,Weekday,15.112,0.009409
8943ac6c8d3ffff,Potential Car Buyers,After noon,Weekend,12.709,0.007913
8943ac6c8d3ffff,Potential Car Buyers,Morning,Weekday,17.593,0.011063
8943ac6c8d3ffff,Potential Car Buyers,Morning,Weekend,23.619,0.0148526
8943ac6c8d3ffff,Potential Car Buyers,Night,Weekday,14.377,0.008919
8943ac6c8d3ffff,Potential Car Buyers,Night,Weekend,17.581,0.0109064
8943ac6c8d3ffff,Potential Car Buyers,Noon,Weekday,23.368,0.014913
8943ac6c8d3ffff,Potential Car Buyers,Noon,Weekend,26.987,0.0172223
8943ac6c8d3ffff,Potential Car Buyers,Other,Weekday,2.296,0.000865
8943ac6c8d3ffff,Potential Car Buyers,Other,Weekend,2.687,0.00101238
8943ac6ca3bffff,Families,After noon,Weekday,22.678,0.014453
8943ac6ca3bffff,Families,After noon,Weekend,24.759,0.0157794
8943ac6ca3bffff,Families,Morning,Weekday,30.007,0.019339
8943ac6ca3bffff,Families,Morning,Weekend,21.18,0.0136499
8943ac6ca3bffff,Families,Night,Weekday,12.418,0.007613
8943ac6ca3bffff,Families,Night,Weekend,13.836,0.00848245
8943ac6ca3bffff,Families,Noon,Weekday,26.257,0.016839
8943ac6ca3bffff,Families,Noon,Weekend,35.697,0.0228931
8943ac6ca3bffff,Families,Other,Weekday,30.337,0.019559
8943ac6ca3bffff,Families,Other,Weekend,37.17,0.0239643
8943ac6ca3bffff,HNWI,After noon,Weekday,22.321,0.014215
8943ac6ca3bffff,HNWI,After noon,Weekend,13.707,0.00872923
8943ac6ca3bffff,HNWI,Morning,Weekday,29.65,0.019101
8943ac6ca3bffff,HNWI,Morning,Weekend,36.49,0.0235073
8943ac6ca3bffff,HNWI,Night,Weekday,21.586,0.013725
8943ac6ca3bffff,HNWI,Night,Weekend,26.742,0.0170032
8943ac6ca3bffff,HNWI,Noon,Weekday,21.052,0.013369
8943ac6ca3bffff,HNWI,Noon,Weekend,17.104,0.0108617
8943ac6ca3bffff,HNWI,Other,Weekday,9.505,0.005671
8943ac6ca3bffff,HNWI,Other,Weekend,12.443,0.00742398
8943ac6ca3bffff,Potential Car Buyers,After noon,Weekday,17.641,0.011095
8943ac6ca3bffff,Potential Car Buyers,After noon,Weekend,13.226,0.00831833
8943ac6ca3bffff,Potential Car Buyers,Morning,Weekday,24.97,0.015981
8943ac6ca3bffff,Potential Car Buyers,Morning,Weekend,35.235,0.0225509
8943ac6ca3bffff,Potential Car Buyers,Night,Weekday,16.906,0.010605
8943ac6ca3bffff,Potential Car Buyers,Night,Weekend,10.422,0.0065379
8943ac6ca3bffff,Potential Car Buyers,Noon,Weekday,21.22,0.013481
8943ac6ca3bffff,Potential Car Buyers,Noon,Weekend,13.146,0.00835158
8943ac6ca3bffff,Potential Car Buyers,Other,Weekday,4.825,0.002551
8943ac6ca3bffff,Potential Car Buyers,Other,Weekend,3.068,0.00162231
8943ac6cac7ffff,Families,After noon,Weekday,12.037,0.007359
8943ac6cac7ffff,Families,After noon,Weekend,14.362,0.00878065
8943ac6cac7ffff,Families,Morning,Weekday,19.366,0.012245
8943ac6cac7ffff,Families,Morning,Weekend,15.746,0.00995621
8943ac6cac7ffff,Families,Night,Weekday,1.777,0.000519
8943ac6cac7ffff,Families,Night,Weekend,2.081,0.00060787
8943ac6cac7ffff,Families,Noon,Weekday,15.616,0.009745
8943ac6cac7ffff,Families,Noon,Weekend,20.934,0.0130638
8943ac6cac7ffff,Families,Other,Weekday,19.696,0.012465
8943ac6cac7ffff,Families,Other,Weekend,22.383,0.0141654
8943ac6cac7ffff,HNWI,After noon,Weekday,18.067,0.011379
8943ac6cac7ffff,HNWI,After noon,Weekend,20.224,0.0127376
8943ac6cac7ffff,HNWI,Morning,Weekday,25.396,0.016265
8943ac6cac7ffff,HNWI,Morning,Weekend,23.697,0.0151768
8943ac6cac7ffff,HNWI,Night,Weekday,22.948,0.014633
8943ac6cac7ffff,HNWI,Night,Weekend,13.982,0.0089158
8943ac6cac7ffff,HNWI,Noon,Weekday,1.171,0.000115
8943ac6cac7ffff,HNWI,Noon,Weekend,1.672,0.000164221
8943ac6cac7ffff,HNWI,Other,Weekday,10.867,0.006579
8943ac6cac7ffff,HNWI,Other,Weekend,10.763,0.00651588
8943ac6cac7ffff,Potential Car Buyers,After noon,Weekday,18.235,0.011491
8943ac6cac7ffff,Potential Car Buyers,After noon,Weekend,18.684,0.0117739
8943ac6cac7ffff,Potential Car Buyers,Morning,Weekday,20.716,0.013145
8943ac6cac7ffff,Potential Car Buyers,Morning,Weekend,29.901,0.0189732
8943ac6cac7ffff,Potential Car Buyers,Night,Weekday,17.5,0.011001
8943ac6cac7ffff,Potential Car Buyers,Night,Weekend,16.393,0.0103051
8943ac6cac7ffff,Potential Car Buyers,Noon,Weekday,16.966,0.010645
8943ac6cac7ffff,Potential Car Buyers,Noon,Weekend,20.219,0.0126858
8943ac6cac7ffff,Potential Car Buyers,Other,Weekday,5.419,0.002947
8943ac6cac7ffff,Potential Car Buyers,Other,Weekend,3.718,0.00202186
8943ac6cba7ffff,Families,After noon,Weekday,1.312,0.000209
8943ac6cba7ffff,Families,After noon,Weekend,0.854,0.000136061
8943ac6cba7ffff,Families,Morning,Weekday,28.177,0.018119
8943ac6cba7ffff,Families,Morning,Weekend,33.518,0.0215533
8943ac6cba7ffff,Families,Night,Weekday,30.577,0.019719
8943ac6cba7ffff,Families,Night,Weekend,16.954,0.0109335
8943ac6cba7ffff,Families,Noon,Weekday,8.8,0.005201
8943ac6cba7ffff,Families,Noon,Weekend,10.925,0.00645666
8943ac6cba7ffff,Families,Other,Weekday,18.496,0.011665
8943ac6cba7ffff,Families,Other,Weekend,21.796,0.0137463
8943ac6cba7ffff,HNWI,After noon,Weekday,16.867,0.010579
8943ac6cba7ffff,HNWI,After noon,Weekend,9.824,0.00616175
8943ac6cba7ffff,HNWI,Morning,Weekday,24.196,0.015465
8943ac6cba7ffff,HNWI,Morning,Weekend,25.73,0.0164453
8943ac6cba7ffff,HNWI,Night,Weekday,16.132,0.010089
8943ac6cba7ffff,HNWI,Night,Weekend,23.283,0.0145611
8943ac6cba7ffff,HNWI,Noon,Weekday,15.598,0.009733
8943ac6cba7ffff,HNWI,Noon,Weekend,11.397,0.00711171
8943ac6cba7ffff,HNWI,Other,Weekday,24.526,0.015685
8943ac6cba7ffff,HNWI,Other,Weekend,29.622,0.018944
8943ac6cba7ffff,Potential Car Buyers,After noon,Weekday,30.184,0.019457
8943ac6cba7ffff,Potential Car Buyers,After noon,Weekend,17.409,0.0112219
8943ac6cba7ffff,Potential Car Buyers,Morning,Weekday,7.513,0.004343
8943ac6cba7ffff,Potential Car Buyers,Morning,Weekend,8.983,0.00519282
8943ac6cba7ffff,Potential Car Buyers,Night,Weekday,19.924,0.012617
8943ac6cba7ffff,Potential Car Buyers,Night,Weekend,20.976,0.013283
8943ac6cba7ffff,Potential Car Buyers,Noon,Weekday,28.915,0.018611
8943ac6cba7ffff,Potential Car Buyers,Noon,Weekend,30.258,0.0194757
8943ac6cba7ffff,Potential Car Buyers,Other,Weekday,7.843,0.004563
8943ac6cba7ffff,Potential Car Buyers,Other,Weekend,7.588,0.00441461
8943ac6ce6bffff,Families,After noon,Weekday,27.646,0.017765
8943ac6ce6bffff,Families,After noon,Weekend,28.913,0.018579
8943ac6ce6bffff,Families,Morning,Weekday,4.975,0.002651
8943ac6ce6bffff,Families,Morning,Weekend,6.301,0.00335769
8943ac6ce6bffff,Families,Night,Weekday,17.386,0.010925
8943ac6ce6bffff,Families,Night,Weekend,22.126,0.0139033
8943ac6ce6bffff,Families,Noon,Weekday,26.377,0.016919
8943ac6ce6bffff,Families,Noon,Weekend,22.95,0.0147207
8943ac6ce6bffff,Families,Other,Weekday,5.305,0.002871
8943ac6ce6bffff,Families,Other,Weekend,7.499,0.00405839
8943ac6ce6bffff,HNWI,After noon,Weekday,9.292,0.005529
8943ac6ce6bffff,HNWI,After noon,Weekend,6.146,0.00365683
8943ac6ce6bffff,HNWI,Morning,Weekday,16.621,0.010415
8943ac6ce6bffff,HNWI,Morning,Weekend,9.589,0.00600884
8943ac6ce6bffff,HNWI,Night,Weekday,8.557,0.005039
8943ac6ce6bffff,HNWI,Night,Weekend,8.309,0.00489325
8943ac6ce6bffff,HNWI,Noon,Weekday,11.932,0.007289
8943ac6ce6bffff,HNWI,Noon,Weekend,11.05,0.00675001
8943ac6ce6bffff,HNWI,Other,Weekday,26.476,0.016985
8943ac6ce6bffff,HNWI,Other,Weekend,25.167,0.0161452
8943ac6ce6bffff,Potential Car Buyers,After noon,Weekday,30.715,0.019811
8943ac6ce6bffff,Potential Car Buyers,After noon,Weekend,28.409,0.0183234
8943ac6ce6bffff,Potential Car Buyers,Morning,Weekday,3.196,0.001465
8943ac6ce6bffff,Potential Car Buyers,Morning,Weekend,4.147,0.0019011
8943ac6ce6bffff,Potential Car Buyers,Night,Weekday,15.607,0.009739
8943ac6ce6bffff,Potential Car Buyers,Night,Weekend,17.865,0.0111483
8943ac6ce6bffff,Potential Car Buyers,Noon,Weekday,29.446,0.018965
8943ac6ce6bffff,Potential Car Buyers,Noon,Weekend,16.679,0.0107421
8943ac6ce6bffff,Potential Car Buyers,Other,Weekday,3.526,0.001685
8943ac6ce6bffff,Potential Car Buyers,Other,Weekend,1.946,0.000930008
8943ac6d843ffff,Families,After noon,Weekday,25.903,0.016603
8943ac6d843ffff,Families,After noon,Weekend,36.459,0.023369
8943ac6d843ffff,Families,Morning,Weekday,3.232,0.001489
8943ac6d843ffff,Families,Morning,Weekend,4.541,0.00209193
8943ac6d843ffff,Families,Night,Weekday,21.259,0.013507
8943ac6d843ffff,Families,Night,Weekend,20.611,0.0130952
8943ac6d843ffff,Families,Noon,Weekday,24.634,0.015757
8943ac6d843ffff,Families,Noon,Weekend,22.421,0.0143415
8943ac6d843ffff,Families,Other,Weekday,9.178,0.005453
8943ac6d843ffff,Families,Other,Weekend,7.546,0.00448351
8943ac6d843ffff,HNWI,After noon,Weekday,25.546,0.016365
8943ac6d843ffff,HNWI,After noon,Weekend,20.509,0.0131383
8943ac6d843ffff,HNWI,Morning,Weekday,28.027,0.018019
8943ac6d843ffff,HNWI,Morning,Weekend,33.051,0.0212489
8943ac6d843ffff,HNWI,Night,Weekday,30.427,0.019619
8943ac6d843ffff,HNWI,Night,Weekend,26.499,0.0170864
8943ac6d843ffff,HNWI,Noon,Weekday,3.802,0.001869
8943ac6d843ffff,HNWI,Noon,Weekend,4.393,0.0021597
8943ac6d843ffff,HNWI,Other,Weekday,18.346,0.011565
8943ac6d843ffff,HNWI,Other,Weekend,17.144,0.0108074
8943ac6d843ffff,Potential Car Buyers,After noon,Weekday,28.972,0.018649
8943ac6d843ffff,Potential Car Buyers,After noon,Weekend,24.104,0.0155156
8943ac6d843ffff,Potential Car Buyers,Morning,Weekday,1.453,0.000303
8943ac6d843ffff,Potential Car Buyers,Morning,Weekend,1.177,0.000245348
8943ac6d843ffff,Potential Car Buyers,Night,Weekday,13.864,0.008577
8943ac6d843ffff,Potential Car Buyers,Night,Weekend,10.306,0.0063756
8943ac6d843ffff,Potential Car Buyers,Noon,Weekday,27.703,0.017803
8943ac6d843ffff,Potential Car Buyers,Noon,Weekend,30.894,0.0198537
8943ac6d843ffff,Potential Car Buyers,Other,Weekday,1.783,0.000523
8943ac6d843ffff,Potential Car Buyers,Other,Weekend,1.375,0.00040346
8943ac6d86fffff,Families,After noon,Weekday,27.361,0.017575
8943ac6d86fffff,Families,After noon,Weekend,29.468,0.0189287
8943ac6d86fffff,Families,Morning,Weekday,4.69,0.002461
8943ac6d86fffff,Families,Morning,Weekend,4.845,0.00254209
8943ac6d86fffff,Families,Night,Weekday,26.626,0.017085
8943ac6d86fffff,Families,Night,Weekend,17.035,0.0109311
8943ac6d86fffff,Families,Noon,Weekday,10.465,0.006311
8943ac6d86fffff,Families,Noon,Weekend,8.684,0.00523719
8943ac6d86fffff,Families,Other,Weekday,14.545,0.009031
8943ac6d86fffff,Families,Other,Weekend,12.14,0.00753753
8943ac6d86fffff,HNWI,After noon,Weekday,12.916,0.007945
8943ac6d86fffff,HNWI,After noon,Weekend,7.903,0.00486115
8943ac6d86fffff,HNWI,Morning,Weekday,20.245,0.012831
8943ac6d86fffff,HNWI,Morning,Weekend,18.598,0.011787
8943ac6d86fffff,HNWI,Night,Weekday,8.272,0.004849
8943ac6d86fffff,HNWI,Night,Weekend,10.178,0.00596653
8943ac6d86fffff,HNWI,Noon,Weekday,11.647,0.007099
8943ac6d86fffff,HNWI,Noon,Weekend,11.982,0.00730314
8943ac6d86fffff,HNWI,Other,Weekday,26.191,0.016795
8943ac6d86fffff,HNWI,Other,Weekend,16.936,0.0108603
8943ac6d86fffff,Potential Car Buyers,After noon,Weekday,26.233,0.016823
8943ac6d86fffff,Potential Car Buyers,After noon,Weekend,18.508,0.0118693
8943ac6d86fffff,Potential Car Buyers,Morning,Weekday,3.562,0.001709
8943ac6d86fffff,Potential Car Buyers,Morning,Weekend,4.981,0.00238985
8943ac6d86fffff,Potential Car Buyers,Night,Weekday,21.589,0.013727
8943ac6d86fffff,Potential Car Buyers,Night,Weekend,17.579,0.0111776
8943ac6d86fffff,Potential Car Buyers,Noon,Weekday,24.964,0.015977
8943ac6d86fffff,Potential Car Buyers,Noon,Weekend,34.815,0.0222814
8943ac6d86fffff,Potential Car Buyers,Other,Weekday,9.508,0.005673
8943ac6d86fffff,Potential Car Buyers,Other,Weekend,12.51,0.00746444
8943ac6d903ffff,Families,After noon,Weekday,22.657,0.014439
8943ac6d903ffff,Families,After noon,Weekend,20.135,0.0128319
8943ac6d903ffff,Families,Morning,Weekday,29.986,0.019325
8943ac6d903ffff,Families,Morning,Weekend,33.042,0.0212946
8943ac6d903ffff,Families,Night,Weekday,12.397,0.007599
8943ac6d903ffff,Families,Night,Weekend,10.539,0.00645994
8943ac6d903ffff,Families,Noon,Weekday,26.236,0.016825
8943ac6d903ffff,Families,Noon,Weekend,32.869,0.0210789
8943ac6d903ffff,Families,Other,Weekday,30.316,0.019545
8943ac6d903ffff,Families,Other,Weekend,41.38,0.0266782
8943ac6d903ffff,HNWI,After noon,Weekday,22.3,0.014201
8943ac6d903ffff,HNWI,After noon,Weekend,27.772,0.0176857
8943ac6d903ffff,HNWI,Morning,Weekday,24.781,0.015855
8943ac6d903ffff,HNWI,Morning,Weekend,18.882,0.012081
8943ac6d903ffff,HNWI,Night,Weekday,21.565,0.013711
8943ac6d903ffff,HNWI,Night,Weekend,16.09,0.01023
8943ac6d903ffff,HNWI,Noon,Weekday,21.031,0.013355
8943ac6d903ffff,HNWI,Noon,Weekend,20.007,0.0127048
8943ac6d903ffff,HNWI,Other,Weekday,9.484,0.005657
8943ac6d903ffff,HNWI,Other,Weekend,8.598,0.00512841
8943ac6d903ffff,Potential Car Buyers,After noon,Weekday,25.726,0.016485
8943ac6d903ffff,Potential Car Buyers,After noon,Weekend,32.555,0.020861
8943ac6d903ffff,Potential Car Buyers,Morning,Weekday,3.055,0.001371
8943ac6d903ffff,Potential Car Buyers,Morning,Weekend,2.776,0.00124564
8943ac6d903ffff,Potential Car Buyers,Night,Weekday,15.466,0.009645
8943ac6d903ffff,Potential Car Buyers,Night,Weekend,12.512,0.00780261
8943ac6d903ffff,Potential Car Buyers,Noon,Weekday,24.457,0.015639
8943ac6d903ffff,Potential Car Buyers,Noon,Weekend,33.587,0.0214773
8943ac6d903ffff,Potential Car Buyers,Other,Weekday,3.385,0.001591
8943ac6d903ffff,Potential Car Buyers,Other,Weekend,3.202,0.00150506
8943ac6d9b7ffff,Families,After noon,Weekday,9.538,0.005693
8943ac6d9b7ffff,Families,After noon,Weekend,13.777,0.00822342
8943ac6d9b7ffff,Families,Morning,Weekday,12.019,0.007347
8943ac6d9b7ffff,Families,Morning,Weekend,14.676,0.00897109
8943ac6d9b7ffff,Families,Night,Weekday,24.43,0.015621
8943ac6d9b7ffff,Families,Night,Weekend,33.237,0.0212523
8943ac6d9b7ffff,Families,Noon,Weekday,8.269,0.004847
8943ac6d9b7ffff,Families,Noon,Weekend,6.942,0.00406894
8943ac6d9b7ffff,Families,Other,Weekday,12.349,0.007567
8943ac6d9b7ffff,Families,Other,Weekend,7.645,0.00468436
8943ac6d9b7ffff,HNWI,After noon,Weekday,4.333,0.002223
8943ac6d9b7ffff,HNWI,After noon,Weekend,3.191,0.00163702
8943ac6d9b7ffff,HNWI,Morning,Weekday,11.662,0.007109
8943ac6d9b7ffff,HNWI,Morning,Weekend,10.788,0.006576
8943ac6d9b7ffff,HNWI,Night,Weekday,3.598,0.001733
8943ac6d9b7ffff,HNWI,Night,Weekend,4.341,0.00209109
8943ac6d9b7ffff,HNWI,Noon,Weekday,3.064,0.001377
8943ac6d9b7ffff,HNWI,Noon,Weekend,2.536,0.00113973
8943ac6d9b7ffff,HNWI,Other,Weekday,21.517,0.013679
8943ac6d9b7ffff,HNWI,Other,Weekend,16.415,0.0104355
8943ac6d9b7ffff,Potential Car Buyers,After noon,Weekday,7.759,0.004507
8943ac6d9b7ffff,Potential Car Buyers,After noon,Weekend,7.46,0.0043332
8943ac6d9b7ffff,Potential Car Buyers,Morning,Weekday,15.088,0.009393
8943ac6d9b7ffff,Potential Car Buyers,Morning,Weekend,18.922,0.0117799
8943ac6d9b7ffff,Potential Car Buyers,Night,Weekday,27.499,0.017667
8943ac6d9b7ffff,Potential Car Buyers,Night,Weekend,16.607,0.0106696
8943ac6d9b7ffff,Potential Car Buyers,Noon,Weekday,30.874,0.019917
8943ac6d9b7ffff,Potential Car Buyers,Noon,Weekend,30.237,0.0195061
8943ac6d9b7ffff,Potential Car Buyers,Other,Weekday,15.418,0.009613
8943ac6d9b7ffff,Potential Car Buyers,Other,Weekend,15.377,0.00958775
8943ac6d9d7ffff,Families,After noon,Weekday,13.222,0.008149
8943ac6d9d7ffff,Families,After noon,Weekend,18.462,0.0113784
8943ac6d9d7ffff,Families,Morning,Weekday,20.551,0.013035
8943ac6d9d7ffff,Families,Morning,Weekend,28.445,0.0180419
8943ac6d9d7ffff,Families,Night,Weekday,2.962,0.001309
8943ac6d9d7ffff,Families,Night,Weekend,3.767,0.00166476
8943ac6d9d7ffff,Families,Noon,Weekday,16.801,0.010535
8943ac6d9d7ffff,Families,Noon,Weekend,18.801,0.0117894
8943ac6d9d7ffff,Families,Other,Weekday,20.881,0.013255
8943ac6d9d7ffff,Families,Other,Weekend,29.533,0.0187469
8943ac6d9d7ffff,HNWI,After noon,Weekday,25.519,0.016347
8943ac6d9d7ffff,HNWI,After noon,Weekend,19.001,0.0121719
8943ac6d9d7ffff,HNWI,Morning,Weekday,28.0,0.018001
8943ac6d9d7ffff,HNWI,Morning,Weekend,34.083,0.0219115
8943ac6d9d7ffff,HNWI,Night,Weekday,10.411,0.006275
8943ac6d9d7ffff,HNWI,Night,Weekend,12.646,0.00762202
8943ac6d9d7ffff,HNWI,Noon,Weekday,24.25,0.015501
8943ac6d9d7ffff,HNWI,Noon,Weekend,15.797,0.010098
8943ac6d9d7ffff,HNWI,Other,Weekday,28.33,0.018221
8943ac6d9d7ffff,HNWI,Other,Weekend,24.509,0.0157634
8943ac6d9d7ffff,Potential Car Buyers,After noon,Weekday,2.569,0.001047
8943ac6d9d7ffff,Potential Car Buyers,After noon,Weekend,3.433,0.00139913
8943ac6d9d7ffff,Potential Car Buyers,Morning,Weekday,9.898,0.005933
8943ac6d9d7ffff,Potential Car Buyers,Morning,Weekend,11.527,0.00690917
8943ac6d9d7ffff,Potential Car Buyers,Night,Weekday,7.45,0.004301
8943ac6d9d7ffff,Potential Car Buyers,Night,Weekend,4.316,0.00249175
8943ac6d9d7ffff,Potential Car Buyers,Noon,Weekday,1.3,0.000201
8943ac6d9d7ffff,Potential Car Buyers,Noon,Weekend,1.499,0.000231739
8943ac6d9d7ffff,Potential Car Buyers,Other,Weekday,25.369,0.016247
8943ac6d9d7ffff,Potential Car Buyers,Other,Weekend,23.308,0.014927
8943ac6db13ffff,Families,After noon,Weekday,15.25,0.009501
8943ac6db13ffff,Families,After noon,Weekend,9.36,0.00583151
8943ac6db13ffff,Families,Morning,Weekday,2.104,0.000737
8943ac6db13ffff,Families,Morning,Weekend,2.656,0.000930466
8943ac6db13ffff,Families,Night,Weekday,14.515,0.009011
8943ac6db13ffff,Families,Night,Weekend,17.818,0.0110615
8943ac6db13ffff,Families,Noon,Weekday,23.506,0.015005
8943ac6db13ffff,Families,Noon,Weekend,29.253,0.0186733
8943ac6db13ffff,Families,Other,Weekday,2.434,0.000957
8943ac6db13ffff,Families,Other,Weekend,3.232,0.00127092
8943ac6db13ffff,HNWI,After noon,Weekday,19.57,0.012381
8943ac6db13ffff,HNWI,After noon,Weekend,18.108,0.011456
8943ac6db13ffff,HNWI,Morning,Weekday,26.899,0.017267
8943ac6db13ffff,HNWI,Morning,Weekend,31.592,0.0202796
8943ac6db13ffff,HNWI,Night,Weekday,18.835,0.011891
8943ac6db13ffff,HNWI,Night,Weekend,15.436,0.0097452
8943ac6db13ffff,HNWI,Noon,Weekday,23.149,0.014767
8943ac6db13ffff,HNWI,Noon,Weekend,14.003,0.00893296
8943ac6db13ffff,HNWI,Other,Weekday,6.754,0.003837
8943ac6db13ffff,HNWI,Other,Weekend,5.419,0.00307851
8943ac6db13ffff,Potential Car Buyers,After noon,Weekday,14.122,0.008749
8943ac6db13ffff,Potential Car Buyers,After noon,Weekend,8.766,0.00543059
8943ac6db13ffff,Potential Car Buyers,Morning,Weekday,16.603,0.010403
8943ac6db13ffff,Potential Car Buyers,Morning,Weekend,22.29,0.0139666
8943ac6db13ffff,Potential Car Buyers,Night,Weekday,9.478,0.005653
8943ac6db13ffff,Potential Car Buyers,Night,Weekend,9.546,0.00569327
8943ac6db13ffff,Potential Car Buyers,Noon,Weekday,12.853,0.007903
8943ac6db13ffff,Potential Car Buyers,Noon,Weekend,18.361,0.0112899
8943ac6db13ffff,Potential Car Buyers,Other,Weekday,27.397,0.017599
8943ac6db13ffff,Potential Car Buyers,Other,Weekend,24.981,0.016047
8943ac6dc07ffff,Families,After noon,Weekday,6.091,0.003395
8943ac6dc07ffff,Families,After noon,Weekend,3.499,0.00195043
8943ac6dc07ffff,Families,Morning,Weekday,13.42,0.008281
8943ac6dc07ffff,Families,Morning,Weekend,12.532,0.00773321
8943ac6dc07ffff,Families,Night,Weekday,5.356,0.002905
8943ac6dc07ffff,Families,Night,Weekend,5.718,0.00310133
8943ac6dc07ffff,Families,Noon,Weekday,4.822,0.002549
8943ac6dc07ffff,Families,Noon,Weekend,4.837,0.00255689
8943ac6dc07ffff,Families,Other,Weekday,13.75,0.008501
8943ac6dc07ffff,Families,Other,Weekend,7.586,0.00469001
8943ac6dc07ffff,HNWI,After noon,Weekday,13.54,0.008361
8943ac6dc07ffff,HNWI,After noon,Weekend,12.694,0.00783846
8943ac6dc07ffff,HNWI,Morning,Weekday,20.869,0.013247
8943ac6dc07ffff,HNWI,Morning,Weekend,14.7,0.00933138
8943ac6dc07ffff,HNWI,Night,Weekday,3.28,0.001521
8943ac6dc07ffff,HNWI,Night,Weekend,2.131,0.000988372
8943ac6dc07ffff,HNWI,Noon,Weekday,17.119,0.010747
8943ac6dc07ffff,HNWI,Noon,Weekend,13.915,0.00873531
8943ac6dc07ffff,HNWI,Other,Weekday,21.199,0.013467
8943ac6dc07ffff,HNWI,Other,Weekend,18.875,0.0119906
8943ac6dc07ffff,Potential Car Buyers,After noon,Weekday,25.438,0.016293
8943ac6dc07ffff,Potential Car Buyers,After noon,Weekend,17.719,0.0113487
8943ac6dc07ffff,Potential Car Buyers,Morning,Weekday,27.919,0.017947
8943ac6dc07ffff,Potential Car Buyers,Morning,Weekend,37.293,0.0239727
8943ac6dc07ffff,Potential Car Buyers,Night,Weekday,30.319,0.019547
8943ac6dc07ffff,Potential Car Buyers,Night,Weekend,33.415,0.0215431
8943ac6dc07ffff,Potential Car Buyers,Noon,Weekday,3.694,0.001797
8943ac6dc07ffff,Potential Car Buyers,Noon,Weekend,3.682,0.00179111
8943ac6dc07ffff,Potential Car Buyers,Other,Weekday,18.238,0.011493
8943ac6dc07ffff,Potential Car Buyers,Other,Weekend,16.142,0.0101721
8943ac6dd07ffff,Families,After noon,Weekday,4.582,0.002389
8943ac6dd07ffff,Families,After noon,Weekend,5.752,0.00299889
8943ac6dd07ffff,Families,Morning,Weekday,21.436,0.013625
8943ac6dd07ffff,Families,Morning,Weekend,22.244,0.0141383
8943ac6dd07ffff,Families,Night,Weekday,3.847,0.001899
8943ac6dd07ffff,Families,Night,Weekend,4.557,0.0022495
8943ac6dd07ffff,Families,Noon,Weekday,12.838,0.007893
8943ac6dd07ffff,Families,Noon,Weekend,17.902,0.0110062
8943ac6dd07ffff,Families,Other,Weekday,21.766,0.013845
8943ac6dd07ffff,Families,Other,Weekend,29.214,0.0185825
8943ac6dd07ffff,HNWI,After noon,Weekday,25.753,0.016503
8943ac6dd07ffff,HNWI,After noon,Weekend,37.256,0.023874
8943ac6dd07ffff,HNWI,Morning,Weekday,3.082,0.001389
8943ac6dd07ffff,HNWI,Morning,Weekend,3.298,0.00148633
8943ac6dd07ffff,HNWI,Night,Weekday,25.018,0.016013
8943ac6dd07ffff,HNWI,Night,Weekend,21.609,0.0138311
8943ac6dd07ffff,HNWI,Noon,Weekday,18.868,0.011913
8943ac6dd07ffff,HNWI,Noon,Weekend,18.897,0.0119316
8943ac6dd07ffff,HNWI,Other,Weekday,12.937,0.007959
8943ac6dd07ffff,HNWI,Other,Weekend,15.631,0.00961632
8943ac6dd07ffff,Potential Car Buyers,After noon,Weekday,2.803,0.001203
8943ac6dd07ffff,Potential Car Buyers,After noon,Weekend,4.03,0.00172962
8943ac6dd07ffff,Potential Car Buyers,Morning,Weekday,19.657,0.012439
8943ac6dd07ffff,Potential Car Buyers,Morning,Weekend,23.842,0.0150876
8943ac6dd07ffff,Potential Car Buyers,Night,Weekday,2.068,0.000713
8943ac6dd07ffff,Potential Car Buyers,Night,Weekend,1.941,0.000669151
8943ac6dd07ffff,Potential Car Buyers,Noon,Weekday,15.907,0.009939
8943ac6dd07ffff,Potential Car Buyers,Noon,Weekend,11.755,0.00734476
8943ac6dd07ffff,Potential Car Buyers,Other,Weekday,19.987,0.012659
8943ac6dd07ffff,Potential Car Buyers,Other,Weekend,23.188,0.0146865
8943ac6dd2fffff,Families,After noon,Weekday,14.899,0.009267
8943ac6dd2fffff,Families,After noon,Weekend,17.934,0.0111548
8943ac6dd2fffff,Families,Morning,Weekday,22.228,0.014153
8943ac6dd2fffff,Families,Morning,Weekend,22.636,0.0144126
8943ac6dd2fffff,Families,Night,Weekday,4.639,0.002427
8943ac6dd2fffff,Families,Night,Weekend,5.026,0.00262973
8943ac6dd2fffff,Families,Noon,Weekday,8.014,0.004677
8943ac6dd2fffff,Families,Noon,Weekend,11.379,0.00664092
8943ac6dd2fffff,Families,Other,Weekday,22.558,0.014373
8943ac6dd2fffff,Families,Other,Weekend,25.043,0.0159561
8943ac6dd2fffff,HNWI,After noon,Weekday,20.929,0.013287
8943ac6dd2fffff,HNWI,After noon,Weekend,29.303,0.0186034
8943ac6dd2fffff,HNWI,Morning,Weekday,7.783,0.004523
8943ac6dd2fffff,HNWI,Morning,Weekend,8.252,0.00479538
8943ac6dd2fffff,HNWI,Night,Weekday,20.194,0.012797
8943ac6dd2fffff,HNWI,Night,Weekend,12.428,0.00787551
8943ac6dd2fffff,HNWI,Noon,Weekday,4.033,0.002023
8943ac6dd2fffff,HNWI,Noon,Weekend,4.236,0.00212494
8943ac6dd2fffff,HNWI,Other,Weekday,8.113,0.004743
8943ac6dd2fffff,HNWI,Other,Weekend,4.507,0.0026348
8943ac6dd2fffff,Potential Car Buyers,After noon,Weekday,16.249,0.010167
8943ac6dd2fffff,Potential Car Buyers,After noon,Weekend,11.673,0.007304
8943ac6dd2fffff,Potential Car Buyers,Morning,Weekday,23.578,0.015053
8943ac6dd2fffff,Potential Car Buyers,Morning,Weekend,28.468,0.0181752
8943ac6dd2fffff,Potential Car Buyers,Night,Weekday,15.514,0.009677
8943ac6dd2fffff,Potential Car Buyers,Night,Weekend,14.973,0.00933936
8943ac6dd2fffff,Potential Car Buyers,Noon,Weekday,29.353,0.018903
8943ac6dd2fffff,Potential Car Buyers,Noon,Weekend,17.566,0.0113126
8943ac6dd2fffff,Potential Car Buyers,Other,Weekday,3.433,0.001623
8943ac6dd2fffff,Potential Car Buyers,Other,Weekend,2.295,0.00108488
8943ac6dd4fffff,Families,After noon,Weekday,24.172,0.015449
8943ac6dd4fffff,Families,After noon,Weekend,31.164,0.0199177
8943ac6dd4fffff,Families,Morning,Weekday,1.501,0.000335
8943ac6dd4fffff,Families,Morning,Weekend,1.194,0.000266504
8943ac6dd4fffff,Families,Night,Weekday,23.437,0.014959
8943ac6dd4fffff,Families,Night,Weekend,24.236,0.0154689
8943ac6dd4fffff,Families,Noon,Weekday,27.751,0.017835
8943ac6dd4fffff,Families,Noon,Weekend,16.369,0.0105197
8943ac6dd4fffff,Families,Other,Weekday,11.356,0.006905
8943ac6dd4fffff,Families,Other,Weekend,7.845,0.00477014
8943ac6dd4fffff,HNWI,After noon,Weekday,23.815,0.015211
8943ac6dd4fffff,HNWI,After noon,Weekend,33.7,0.0215249
8943ac6dd4fffff,HNWI,Morning,Weekday,26.296,0.016865
8943ac6dd4fffff,HNWI,Morning,Weekend,15.404,0.0098795
8943ac6dd4fffff,HNWI,Night,Weekday,23.08,0.014721
8943ac6dd4fffff,HNWI,Night,Weekend,21.262,0.0135616
8943ac6dd4fffff,HNWI,Noon,Weekday,2.071,0.000715
8943ac6dd4fffff,HNWI,Noon,Weekend,2.288,0.000789826
8943ac6dd4fffff,HNWI,Other,Weekday,10.999,0.006667
8943ac6dd4fffff,HNWI,Other,Weekend,6.637,0.00402285
8943ac6dd4fffff,Potential Car Buyers,After noon,Weekday,27.241,0.017495
8943ac6dd4fffff,Potential Car Buyers,After noon,Weekend,27.968,0.0179621
8943ac6dd4fffff,Potential Car Buyers,Morning,Weekday,4.57,0.002381
8943ac6dd4fffff,Potential Car Buyers,Morning,Weekend,4.772,0.00248617
8943ac6dd4fffff,Potential Car Buyers,Night,Weekday,26.506,0.017005
8943ac6dd4fffff,Potential Car Buyers,Night,Weekend,38.195,0.0245042
8943ac6dd4fffff,Potential Car Buyers,Noon,Weekday,20.356,0.012905
8943ac6dd4fffff,Potential Car Buyers,Noon,Weekend,22.355,0.0141722
8943ac6dd4fffff,Potential Car Buyers,Other,Weekday,14.425,0.008951
8943ac6dd4fffff,Potential Car Buyers,Other,Weekend,19.346,0.0120047
8943ac6de17ffff,Families,After noon,Weekday,29.479,0.018987
8943ac6de17ffff,Families,After noon,Weekend,16.682,0.0107444
8943ac6de17ffff,Families,Morning,Weekday,1.96,0.000641
8943ac6de17ffff,Families,Morning,Weekend,1.894,0.000619474
8943ac6de17ffff,Families,Night,Weekday,14.371,0.008915
8943ac6de17ffff,Families,Night,Weekend,20.2,0.0125312
8943ac6de17ffff,Families,Noon,Weekday,28.21,0.018141
8943ac6de17ffff,Families,Noon,Weekend,33.723,0.0216864
8943ac6de17ffff,Families,Other,Weekday,2.29,0.000861
8943ac6de17ffff,Families,Other,Weekend,1.598,0.00060064
8943ac6de17ffff,HNWI,After noon,Weekday,11.125,0.006751
8943ac6de17ffff,HNWI,After noon,Weekend,13.328,0.00808756
8943ac6de17ffff,HNWI,Morning,Weekday,13.606,0.008405
8943ac6de17ffff,HNWI,Morning,Weekend,16.403,0.010133
8943ac6de17ffff,HNWI,Night,Weekday,10.39,0.006261
8943ac6de17ffff,HNWI,Night,Weekend,9.418,0.005675
8943ac6de17ffff,HNWI,Noon,Weekday,19.381,0.012255
8943ac6de17ffff,HNWI,Noon,Weekend,15.888,0.010046
8943ac6de17ffff,HNWI,Other,Weekday,28.309,0.018207
8943ac6de17ffff,HNWI,Other,Weekend,27.734,0.0178372
8943ac6de17ffff,Potential Car Buyers,After noon,Weekday,27.7,0.017801
8943ac6de17ffff,Potential Car Buyers,After noon,Weekend,29.777,0.019136
8943ac6de17ffff,Potential Car Buyers,Morning,Weekday,5.029,0.002687
8943ac6de17ffff,Potential Car Buyers,Morning,Weekend,4.262,0.00227712
8943ac6de17ffff,Potential Car Buyers,Night,Weekday,17.44,0.010961
8943ac6de17ffff,Potential Car Buyers,Night,Weekend,17.7,0.0111244
8943ac6de17ffff,Potential Car Buyers,Noon,Weekday,1.279,0.000187
8943ac6de17ffff,Potential Car Buyers,Noon,Weekend,1.626,0.000237779
8943ac6de17ffff,Potential Car Buyers,Other,Weekday,5.359,0.002907
8943ac6de17ffff,Potential Car Buyers,Other,Weekend,4.814,0.0026115
8943acac093ffff,Families,After noon,Weekday,17.746,0.011165
8943acac093ffff,Families,After noon,Weekend,24.343,0.0153158
8943acac093ffff,Families,Morning,Weekday,4.6,0.002401
8943acac093ffff,Families,Morning,Weekend,5.691,0.00297023
8943acac093ffff,Families,Night,Weekday,21.859,0.013907
8943acac093ffff,Families,Night,Weekend,16.744,0.0106525
8943acac093ffff,Families,Noon,Weekday,30.85,0.019901
8943acac093ffff,Families,Noon,Weekend,40.02,0.0258162
8943acac093ffff,Families,Other,Weekday,4.93,0.002621
8943acac093ffff,Families,Other,Weekend,4.683,0.00248943
8943acac093ffff,HNWI,After noon,Weekday,8.149,0.004767
8943acac093ffff,HNWI,After noon,Weekend,4.564,0.00266997
8943acac093ffff,HNWI,Morning,Weekday,10.63,0.006421
8943acac093ffff,HNWI,Morning,Weekend,13.91,0.00840247
8943acac093ffff,HNWI,Night,Weekday,13.03,0.008021
8943acac093ffff,HNWI,Night,Weekend,17.298,0.0106484
8943acac093ffff,HNWI,Noon,Weekday,6.88,0.003921
8943acac093ffff,HNWI,Noon,Weekend,7.325,0.00417442
8943acac093ffff,HNWI,Other,Weekday,25.333,0.016223
8943acac093ffff,HNWI,Other,Weekend,24.587,0.015745
8943acac093ffff,Potential Car Buyers,After noon,Weekday,20.815,0.013211
8943acac093ffff,Potential Car Buyers,After noon,Weekend,19.267,0.0122283
8943acac093ffff,Potential Car Buyers,Morning,Weekday,7.669,0.004447
8943acac093ffff,Potential Car Buyers,Morning,Weekend,8.944,0.00518653
8943acac093ffff,Potential Car Buyers,Night,Weekday,20.08,0.012721
8943acac093ffff,Potential Car Buyers,Night,Weekend,18.806,0.0119137
8943acac093ffff,Potential Car Buyers,Noon,Weekday,23.455,0.014971
8943acac093ffff,Potential Car Buyers,Noon,Weekend,25.841,0.0164941
8943acac093ffff,Potential Car Buyers,Other,Weekday,7.999,0.004667
8943acac093ffff,Potential Car Buyers,Other,Weekend,8.711,0.00508237
8943acac0dbffff,Families,After noon,Weekday,22.192,0.014129
8943acac0dbffff,Families,After noon,Weekend,17.156,0.010923
8943acac0dbffff,Families,Morning,Weekday,9.046,0.005365
8943acac0dbffff,Families,Morning,Weekend,7.766,0.00460591
8943acac0dbffff,Families,Night,Weekday,21.457,0.013639
8943acac0dbffff,Families,Night,Weekend,20.831,0.0132412
8943acac0dbffff,Families,Noon,Weekday,5.296,0.002865
8943acac0dbffff,Families,Noon,Weekend,3.573,0.00193307
8943acac0dbffff,Families,Other,Weekday,9.376,0.005585
8943acac0dbffff,Families,Other,Weekend,7.039,0.00419319
8943acac0dbffff,HNWI,After noon,Weekday,1.36,0.000241
8943acac0dbffff,HNWI,After noon,Weekend,1.834,0.000324988
8943acac0dbffff,HNWI,Morning,Weekday,8.689,0.005127
8943acac0dbffff,HNWI,Morning,Weekend,6.448,0.00380465
8943acac0dbffff,HNWI,Night,Weekday,30.625,0.019751
8943acac0dbffff,HNWI,Night,Weekend,30.834,0.0198861
8943acac0dbffff,HNWI,Noon,Weekday,30.091,0.019395
8943acac0dbffff,HNWI,Noon,Weekend,36.726,0.0236717
8943acac0dbffff,HNWI,Other,Weekday,9.019,0.005347
8943acac0dbffff,HNWI,Other,Weekend,10.287,0.00609847
8943acac0dbffff,Potential Car Buyers,After noon,Weekday,4.786,0.002525
8943acac0dbffff,Potential Car Buyers,After noon,Weekend,6.636,0.00350103
8943acac0dbffff,Potential Car Buyers,Morning,Weekday,12.115,0.007411
8943acac0dbffff,Potential Car Buyers,Morning,Weekend,13.038,0.00797537
8943acac0dbffff,Potential Car Buyers,Night,Weekday,24.526,0.015685
8943acac0dbffff,Potential Car Buyers,Night,Weekend,20.961,0.0134051
8943acac0dbffff,Potential Car Buyers,Noon,Weekday,8.365,0.004911
8943acac0dbffff,Potential Car Buyers,Noon,Weekend,7.232,0.00424581
8943acac0dbffff,Potential Car Buyers,Other,Weekday,12.445,0.007631
8943acac0dbffff,Potential Car Buyers,Other,Weekend,15.512,0.00951181
8943acac497ffff,Families,After noon,Weekday,2.227,0.000819
8943acac497ffff,Families,After noon,Weekend,2.015,0.000741047
8943acac497ffff,Families,Morning,Weekday,4.708,0.002473
8943acac497ffff,Families,Morning,Weekend,4.443,0.00233369
8943acac497ffff,Families,Night,Weekday,17.119,0.010747
8943acac497ffff,Families,Night,Weekend,21.807,0.0136902
8943acac497ffff,Families,Noon,Weekday,30.958,0.019973
8943acac497ffff,Families,Noon,Weekend,36.464,0.0235252
8943acac497ffff,Families,Other,Weekday,5.038,0.002693
8943acac497ffff,Families,Other,Weekend,2.785,0.00148849
8943acac497ffff,HNWI,After noon,Weekday,13.873,0.008583
8943acac497ffff,HNWI,After noon,Weekend,16.975,0.0105021
8943acac497ffff,HNWI,Morning,Weekday,20.263,0.012843
8943acac497ffff,HNWI,Morning,Weekend,26.446,0.0167621
8943acac497ffff,HNWI,Night,Weekday,13.138,0.008093
8943acac497ffff,HNWI,Night,Weekend,10.145,0.00624909
8943acac497ffff,HNWI,Noon,Weekday,16.513,0.010343
8943acac497ffff,HNWI,Noon,Weekend,17.282,0.0108245
8943acac497ffff,HNWI,Other,Weekday,1.057,3.9e-05
8943acac497ffff,HNWI,Other,Weekend,0.868,3.20411e-05
8943acac497ffff,Potential Car Buyers,After noon,Weekday,27.19,0.017461
8943acac497ffff,Potential Car Buyers,After noon,Weekend,31.623,0.020308
8943acac497ffff,Potential Car Buyers,Morning,Weekday,24.055,0.015371
8943acac497ffff,Potential Car Buyers,Morning,Weekend,27.912,0.0178356
8943acac497ffff,Potential Car Buyers,Night,Weekday,26.455,0.016971
8943acac497ffff,Potential Car Buyers,Night,Weekend,31.984,0.0205176
8943acac497ffff,Potential Car Buyers,Noon,Weekday,20.305,0.012871
8943acac497ffff,Potential Car Buyers,Noon,Weekend,12.824,0.00812888
8943acac497ffff,Potential Car Buyers,Other,Weekday,14.374,0.008917
8943acac497ffff,Potential Car Buyers,Other,Weekend,19.849,0.0123136
8943acac4c3ffff,Families,After noon,Weekday,27.298,0.017533
8943acac4c3ffff,Families,After noon,Weekend,29.014,0.0186349
8943acac4c3ffff,Families,Morning,Weekday,4.627,0.002419
8943acac4c3ffff,Families,Morning,Weekend,4.338,0.00226789
8943acac4c3ffff,Families,Night,Weekday,26.563,0.017043
8943acac4c3ffff,Families,Night,Weekend,37.571,0.0241058
8943acac4c3ffff,Families,Noon,Weekday,10.402,0.006269
8943acac4c3ffff,Families,Noon,Weekend,12.399,0.00747253
8943acac4c3ffff,Families,Other,Weekday,14.482,0.008989
8943acac4c3ffff,Families,Other,Weekend,8.16,0.00506503
8943acac4c3ffff,HNWI,After noon,Weekday,18.469,0.011647
8943acac4c3ffff,HNWI,After noon,Weekend,17.725,0.0111779
8943acac4c3ffff,HNWI,Morning,Weekday,25.798,0.016533
8943acac4c3ffff,HNWI,Morning,Weekend,36.92,0.0236608
8943acac4c3ffff,HNWI,Night,Weekday,8.209,0.004807
8943acac4c3ffff,HNWI,Night,Weekend,8.312,0.00486742
8943acac4c3ffff,HNWI,Noon,Weekday,11.584,0.007057
8943acac4c3ffff,HNWI,Noon,Weekend,12.103,0.00737291
8943acac4c3ffff,HNWI,Other,Weekday,26.128,0.016753
8943acac4c3ffff,HNWI,Other,Weekend,15.524,0.00995401
8943acac4c3ffff,Potential Car Buyers,After noon,Weekday,22.261,0.014175
8943acac4c3ffff,Potential Car Buyers,After noon,Weekend,27.465,0.0174885
8943acac4c3ffff,Potential Car Buyers,Morning,Weekday,9.115,0.005411
8943acac4c3ffff,Potential Car Buyers,Morning,Weekend,8.063,0.00478648
8943acac4c3ffff,Potential Car Buyers,Night,Weekday,21.526,0.013685
8943acac4c3ffff,Potential Car Buyers,Night,Weekend,31.132,0.0197917
8943acac4c3ffff,Potential Car Buyers,Noon,Weekday,24.901,0.015935
8943acac4c3ffff,Potential Car Buyers,Noon,Weekend,34.915,0.0223432
8943acac4c3ffff,Potential Car Buyers,Other,Weekday,9.445,0.005631
8943acac4c3ffff,Potential Car Buyers,Other,Weekend,8.314,0.00495667
8943acac5cfffff,Families,After noon,Weekday,23.365,0.014911
8943acac5cfffff,Families,After noon,Weekend,24.175,0.0154279
8943acac5cfffff,Families,Morning,Weekday,30.694,0.019797
8943acac5cfffff,Families,Morning,Weekend,21.866,0.0141029
8943acac5cfffff,Families,Night,Weekday,22.63,0.014421
8943acac5cfffff,Families,Night,Weekend,17.853,0.0113769
8943acac5cfffff,Families,Noon,Weekday,22.096,0.014065
8943acac5cfffff,Families,Noon,Weekend,20.127,0.0128117
8943acac5cfffff,Families,Other,Weekday,10.549,0.006367
8943acac5cfffff,Families,Other,Weekend,10.316,0.00622608
8943acac5cfffff,HNWI,After noon,Weekday,30.814,0.019877
8943acac5cfffff,HNWI,After noon,Weekend,21.02,0.0135594
8943acac5cfffff,HNWI,Morning,Weekday,8.143,0.004763
8943acac5cfffff,HNWI,Morning,Weekend,9.153,0.00535403
8943acac5cfffff,HNWI,Night,Weekday,26.17,0.016781
8943acac5cfffff,HNWI,Night,Weekend,22.762,0.0145956
8943acac5cfffff,HNWI,Noon,Weekday,4.393,0.002263
8943acac5cfffff,HNWI,Noon,Weekend,3.633,0.00187136
8943acac5cfffff,HNWI,Other,Weekday,14.089,0.008727
8943acac5cfffff,HNWI,Other,Weekend,15.655,0.00969702
8943acac5cfffff,Potential Car Buyers,After noon,Weekday,18.328,0.011553
8943acac5cfffff,Potential Car Buyers,After noon,Weekend,13.222,0.00833462
8943acac5cfffff,Potential Car Buyers,Morning,Weekday,25.657,0.016439
8943acac5cfffff,Potential Car Buyers,Morning,Weekend,32.446,0.0207887
8943acac5cfffff,Potential Car Buyers,Night,Weekday,17.593,0.011063
8943acac5cfffff,Potential Car Buyers,Night,Weekend,21.904,0.0137741
8943acac5cfffff,Potential Car Buyers,Noon,Weekday,20.968,0.013313
8943acac5cfffff,Potential Car Buyers,Noon,Weekend,17.362,0.0110237
8943acac5cfffff,Potential Car Buyers,Other,Weekday,5.512,0.003009
8943acac5cfffff,Potential Car Buyers,Other,Weekend,7.09,0.0038702
8943acad5a7ffff,Families,After noon,Weekday,4.816,0.002545
8943acad5a7ffff,Families,After noon,Weekend,6.965,0.00368088
8943acad5a7ffff,Families,Morning,Weekday,12.145,0.007431
8943acad5a7ffff,Families,Morning,Weekend,7.357,0.00450125
8943acad5a7ffff,Families,Night,Weekday,14.545,0.009031
8943acad5a7ffff,Families,Night,Weekend,16.344,0.0101481
8943acad5a7ffff,Families,Noon,Weekday,8.395,0.004931
8943acad5a7ffff,Families,Noon,Weekend,8.216,0.00482571
8943acad5a7ffff,Families,Other,Weekday,2.464,0.000977
8943acad5a7ffff,Families,Other,Weekend,3.369,0.00133572
8943acad5a7ffff,HNWI,After noon,Weekday,30.835,0.019891
8943acad5a7ffff,HNWI,After noon,Weekend,31.51,0.0203266
8943acad5a7ffff,HNWI,Morning,Weekday,3.316,0.001545
8943acad5a7ffff,HNWI,Morning,Weekend,2.014,0.00093848
8943acad5a7ffff,HNWI,Night,Weekday,15.727,0.009819
8943acad5a7ffff,HNWI,Night,Weekend,9.975,0.00622806
8943acad5a7ffff,HNWI,Noon,Weekday,29.566,0.019045
8943acad5a7ffff,HNWI,Noon,Weekend,31.046,0.0199981
8943acad5a7ffff,HNWI,Other,Weekday,3.646,0.001765
8943acad5a7ffff,HNWI,Other,Weekend,2.787,0.00134912
8943acad5a7ffff,Potential Car Buyers,After noon,Weekday,29.779,0.019187
8943acad5a7ffff,Potential Car Buyers,After noon,Weekend,22.866,0.0147328
8943acad5a7ffff,Potential Car Buyers,Morning,Weekday,7.108,0.004073
8943acad5a7ffff,Potential Car Buyers,Morning,Weekend,8.253,0.00472932
8943acad5a7ffff,Potential Car Buyers,Night,Weekday,29.044,0.018697
8943acad5a7ffff,Potential Car Buyers,Night,Weekend,38.987,0.0250975
8943acad5a7ffff,Potential Car Buyers,Noon,Weekday,12.883,0.007923
8943acad5a7ffff,Potential Car Buyers,Noon,Weekend,13.306,0.00818308
8943acad5a7ffff,Potential Car Buyers,Other,Weekday,16.963,0.010643
8943acad5a7ffff,Potential Car Buyers,Other,Weekend,19.365,0.0121501
8943acae01bffff,Families,After noon,Weekday,30.139,0.019427
8943acae01bffff,Families,After noon,Weekend,38.515,0.0248261
8943acae01bffff,Families,Morning,Weekday,7.468,0.004313
8943acae01bffff,Families,Morning,Weekend,5.065,0.00292523
8943acae01bffff,Families,Night,Weekday,19.879,0.012587
8943acae01bffff,Families,Night,Weekend,11.41,0.0072245
8943acae01bffff,Families,Noon,Weekday,3.718,0.001813
8943acae01bffff,Families,Noon,Weekend,3.149,0.00153557
8943acae01bffff,Families,Other,Weekday,7.798,0.004533
8943acae01bffff,Families,Other,Weekend,6.883,0.00400092
8943acae01bffff,HNWI,After noon,Weekday,29.782,0.019189
8943acae01bffff,HNWI,After noon,Weekend,25.511,0.0164371
8943acae01bffff,HNWI,Morning,Weekday,2.263,0.000843
8943acae01bffff,HNWI,Morning,Weekend,2.453,0.000913893
8943acae01bffff,HNWI,Night,Weekday,29.047,0.018699
8943acae01bffff,HNWI,Night,Weekend,40.106,0.0258183
8943acae01bffff,HNWI,Noon,Weekday,28.513,0.018343
8943acae01bffff,HNWI,Noon,Weekend,22.253,0.014316
8943acae01bffff,HNWI,Other,Weekday,16.966,0.010645
8943acae01bffff,HNWI,Other,Weekend,15.114,0.00948276
8943acae01bffff,Potential Car Buyers,After noon,Weekday,3.208,0.001473
8943acae01bffff,Potential Car Buyers,After noon,Weekend,2.695,0.00123756
8943acae01bffff,Potential Car Buyers,Morning,Weekday,10.537,0.006359
8943acae01bffff,Potential Car Buyers,Morning,Weekend,11.732,0.00708036
8943acae01bffff,Potential Car Buyers,Night,Weekday,22.948,0.014633
8943acae01bffff,Potential Car Buyers,Night,Weekend,22.903,0.0146045
8943acae01bffff,Potential Car Buyers,Noon,Weekday,26.323,0.016883
8943acae01bffff,Potential Car Buyers,Noon,Weekend,28.537,0.018303
8943acae01bffff,Potential Car Buyers,Other,Weekday,10.867,0.006579
8943acae01bffff,Potential Car Buyers,Other,Weekend,6.307,0.0038182
8943acae02bffff,Families,After noon,Weekday,4.927,0.002619
8943acae02bffff,Families,After noon,Weekend,6.095,0.00323978
8943acae02bffff,Families,Morning,Weekday,12.256,0.007505
8943acae02bffff,Families,Morning,Weekend,15.371,0.00941227
8943acae02bffff,Families,Night,Weekday,4.192,0.002129
8943acae02bffff,Families,Night,Weekend,4.597,0.00233448
8943acae02bffff,Families,Noon,Weekday,28.042,0.018029
8943acae02bffff,Families,Noon,Weekend,25.02,0.0160859
8943acae02bffff,Families,Other,Weekday,22.111,0.014075
8943acae02bffff,Families,Other,Weekend,20.963,0.0133445
8943acae02bffff,HNWI,After noon,Weekday,25.33,0.016221
8943acae02bffff,HNWI,After noon,Weekend,25.827,0.0165394
8943acae02bffff,HNWI,Morning,Weekday,27.811,0.017875
8943acae02bffff,HNWI,Morning,Weekend,40.056,0.025745
8943acae02bffff,HNWI,Night,Weekday,10.222,0.006149
8943acae02bffff,HNWI,Night,Weekend,6.752,0.00406163
8943acae02bffff,HNWI,Noon,Weekday,24.061,0.015375
8943acae02bffff,HNWI,Noon,Weekend,30.979,0.0197956
8943acae02bffff,HNWI,Other,Weekday,28.141,0.018095
8943acae02bffff,HNWI,Other,Weekend,25.529,0.0164156
8943acae02bffff,Potential Car Buyers,After noon,Weekday,24.274,0.015517
8943acae02bffff,Potential Car Buyers,After noon,Weekend,14.656,0.00936847
8943acae02bffff,Potential Car Buyers,Morning,Weekday,11.128,0.006753
8943acae02bffff,Potential Car Buyers,Morning,Weekend,13.115,0.00795859
8943acae02bffff,Potential Car Buyers,Night,Weekday,23.539,0.015027
8943acae02bffff,Potential Car Buyers,Night,Weekend,22.913,0.0146271
8943acae02bffff,Potential Car Buyers,Noon,Weekday,7.378,0.004253
8943acae02bffff,Potential Car Buyers,Noon,Weekend,7.747,0.00446596
8943acae02bffff,Potential Car Buyers,Other,Weekday,11.458,0.006973
8943acae02bffff,Potential Car Buyers,Other,Weekend,15.559,0.00946859
8943acae20fffff,Families,After noon,Weekday,6.562,0.003709
8943acae20fffff,Families,After noon,Weekend,4.383,0.00247712
8943acae20fffff,Families,Morning,Weekday,9.043,0.005363
8943acae20fffff,Families,Morning,Weekend,9.523,0.00564779
8943acae20fffff,Families,Night,Weekday,5.827,0.003219
8943acae20fffff,Families,Night,Weekend,6.885,0.00380369
8943acae20fffff,Families,Noon,Weekday,14.818,0.009213
8943acae20fffff,Families,Noon,Weekend,9.266,0.00576136
8943acae20fffff,Families,Other,Weekday,23.746,0.015165
8943acae20fffff,Families,Other,Weekend,28.311,0.0180805
8943acae20fffff,HNWI,After noon,Weekday,10.882,0.006589
8943acae20fffff,HNWI,After noon,Weekend,10.825,0.00655475
8943acae20fffff,HNWI,Morning,Weekday,18.211,0.011475
8943acae20fffff,HNWI,Morning,Weekend,21.431,0.0135042
8943acae20fffff,HNWI,Night,Weekday,30.622,0.019749
8943acae20fffff,HNWI,Night,Weekend,33.767,0.0217774
8943acae20fffff,HNWI,Noon,Weekday,14.461,0.008975
8943acae20fffff,HNWI,Noon,Weekend,11.491,0.00713145
8943acae20fffff,HNWI,Other,Weekday,18.541,0.011695
8943acae20fffff,HNWI,Other,Weekend,19.031,0.0120039
8943acae20fffff,Potential Car Buyers,After noon,Weekday,4.783,0.002523
8943acae20fffff,Potential Car Buyers,After noon,Weekend,3.042,0.0016046
8943acae20fffff,Potential Car Buyers,Morning,Weekday,12.112,0.007409
8943acae20fffff,Potential Car Buyers,Morning,Weekend,10.127,0.00619487
8943acae20fffff,Potential Car Buyers,Night,Weekday,4.048,0.002033
8943acae20fffff,Potential Car Buyers,Night,Weekend,5.656,0.00284073
8943acae20fffff,Potential Car Buyers,Noon,Weekday,17.887,0.011259
8943acae20fffff,Potential Car Buyers,Noon,Weekend,18.869,0.0118774
8943acae20fffff,Potential Car Buyers,Other,Weekday,21.967,0.013979
8943acae20fffff,Potential Car Buyers,Other,Weekend,18.249,0.0116127
8943acae2c7ffff,Families,After noon,Weekday,3.496,0.001665
8943acae2c7ffff,Families,After noon,Weekend,2.72,0.00129543
8943acae2c7ffff,Families,Morning,Weekday,14.734,0.009157
8943acae2c7ffff,Families,Morning,Weekend,14.017,0.00871158
8943acae2c7ffff,Families,Night,Weekday,2.761,0.001175
8943acae2c7ffff,Families,Night,Weekend,1.872,0.000796775
8943acae2c7ffff,Families,Noon,Weekday,6.136,0.003425
8943acae2c7ffff,Families,Noon,Weekend,3.748,0.00209207
8943acae2c7ffff,Families,Other,Weekday,20.68,0.013121
8943acae2c7ffff,Families,Other,Weekend,18.216,0.0115578
8943acae2c7ffff,HNWI,After noon,Weekday,10.945,0.006631
8943acae2c7ffff,HNWI,After noon,Weekend,12.562,0.00761079
8943acae2c7ffff,HNWI,Morning,Weekday,18.274,0.011517
8943acae2c7ffff,HNWI,Morning,Weekend,21.85,0.0137706
8943acae2c7ffff,HNWI,Night,Weekday,10.21,0.006141
8943acae2c7ffff,HNWI,Night,Weekend,11.491,0.00691138
8943acae2c7ffff,HNWI,Noon,Weekday,24.049,0.015367
8943acae2c7ffff,HNWI,Noon,Weekend,28.118,0.0179671
8943acae2c7ffff,HNWI,Other,Weekday,28.129,0.018087
8943acae2c7ffff,HNWI,Other,Weekend,40.326,0.0259295
8943acae2c7ffff,Potential Car Buyers,After noon,Weekday,14.371,0.008915
8943acae2c7ffff,Potential Car Buyers,After noon,Weekend,8.734,0.00541802
8943acae2c7ffff,Potential Car Buyers,Morning,Weekday,21.7,0.013801
8943acae2c7ffff,Potential Car Buyers,Morning,Weekend,31.043,0.019743
8943acae2c7ffff,Potential Car Buyers,Night,Weekday,13.636,0.008425
8943acae2c7ffff,Potential Car Buyers,Night,Weekend,10.71,0.00661706
8943acae2c7ffff,Potential Car Buyers,Noon,Weekday,17.95,0.011301
8943acae2c7ffff,Potential Car Buyers,Noon,Weekend,12.858,0.0080952
8943acae2c7ffff,Potential Car Buyers,Other,Weekday,1.555,0.000371
8943acae2c7ffff,Potential Car Buyers,Other,Weekend,1.754,0.000418546
8943acae387ffff,Families,After noon,Weekday,8.083,0.004723
8943acae387ffff,Families,After noon,Weekend,8.591,0.0050199
8943acae387ffff,Families,Morning,Weekday,10.564,0.006377
8943acae387ffff,Families,Morning,Weekend,7.353,0.00443839
8943acae387ffff,Families,Night,Weekday,3.439,0.001627
8943acae387ffff,Families,Night,Weekend,2.613,0.00123625
8943acae387ffff,Families,Noon,Weekday,6.814,0.003877
8943acae387ffff,Families,Noon,Weekend,4.351,0.00247583
8943acae387ffff,Families,Other,Weekday,21.358,0.013573
8943acae387ffff,Families,Other,Weekend,12.049,0.00765731
8943acae387ffff,HNWI,After noon,Weekday,2.878,0.001253
8943acae387ffff,HNWI,After noon,Weekend,2.559,0.00111427
8943acae387ffff,HNWI,Morning,Weekday,10.207,0.006139
8943acae387ffff,HNWI,Morning,Weekend,12.474,0.00750257
8943acae387ffff,HNWI,Night,Weekday,7.759,0.004507
8943acae387ffff,HNWI,Night,Weekend,5.142,0.00298683
8943acae387ffff,HNWI,Noon,Weekday,15.982,0.009989
8943acae387ffff,HNWI,Noon,Weekend,19.088,0.0119304
8943acae387ffff,HNWI,Other,Weekday,25.678,0.016453
8943acae387ffff,HNWI,Other,Weekend,16.777,0.0107495
8943acae387ffff,Potential Car Buyers,After noon,Weekday,6.304,0.003537
8943acae387ffff,Potential Car Buyers,After noon,Weekend,6.764,0.00379531
8943acae387ffff,Potential Car Buyers,Morning,Weekday,13.633,0.008423
8943acae387ffff,Potential Car Buyers,Morning,Weekend,7.621,0.00470836
8943acae387ffff,Potential Car Buyers,Night,Weekday,5.569,0.003047
8943acae387ffff,Potential Car Buyers,Night,Weekend,4.265,0.0023333
8943acae387ffff,Potential Car Buyers,Noon,Weekday,9.883,0.005923
8943acae387ffff,Potential Car Buyers,Noon,Weekend,9.208,0.00551826
8943acae387ffff,Potential Car Buyers,Other,Weekday,23.488,0.014993
8943acae387ffff,Potential Car Buyers,Other,Weekend,29.214,0.0186481
8943acae44bffff,Families,After noon,Weekday,1.348,0.000233
8943acae44bffff,Families,After noon,Weekend,1.282,0.000221645
8943acae44bffff,Families,Morning,Weekday,18.202,0.011469
8943acae44bffff,Families,Morning,Weekend,12.929,0.00814634
8943acae44bffff,Families,Night,Weekday,30.613,0.019743
8943acae44bffff,Families,Night,Weekend,38.034,0.024529
8943acae44bffff,Families,Noon,Weekday,8.836,0.005225
8943acae44bffff,Families,Noon,Weekend,5.26,0.00311068
8943acae44bffff,Families,Other,Weekday,18.532,0.011689
8943acae44bffff,Families,Other,Weekend,21.142,0.0133351
8943acae44bffff,HNWI,After noon,Weekday,16.903,0.010603
8943acae44bffff,HNWI,After noon,Weekend,13.551,0.0085003
8943acae44bffff,HNWI,Morning,Weekday,24.232,0.015489
8943acae44bffff,HNWI,Morning,Weekend,25.71,0.0164338
8943acae44bffff,HNWI,Night,Weekday,16.168,0.010113
8943acae44bffff,HNWI,Night,Weekend,10.3,0.00644276
8943acae44bffff,HNWI,Noon,Weekday,20.482,0.012989
8943acae44bffff,HNWI,Noon,Weekend,29.569,0.018752
8943acae44bffff,HNWI,Other,Weekday,4.087,0.002059
8943acae44bffff,HNWI,Other,Weekend,5.075,0.00255681
8943acae44bffff,Potential Car Buyers,After noon,Weekday,30.22,0.019481
8943acae44bffff,Potential Car Buyers,After noon,Weekend,27.132,0.0174901
8943acae44bffff,Potential Car Buyers,Morning,Weekday,7.549,0.004367
8943acae44bffff,Potential Car Buyers,Morning,Weekend,8.747,0.00505995
8943acae44bffff,Potential Car Buyers,Night,Weekday,19.96,0.012641
8943acae44bffff,Potential Car Buyers,Night,Weekend,18.701,0.0118434
8943acae44bffff,Potential Car Buyers,Noon,Weekday,28.951,0.018635
8943acae44bffff,Potential Car Buyers,Noon,Weekend,38.357,0.0246894
8943acae44bffff,Potential Car Buyers,Other,Weekday,7.879,0.004587
8943acae44bffff,Potential Car Buyers,Other,Weekend,8.939,0.00520424
8943acae65bffff,Families,After noon,Weekday,2.857,0.001239
8943acae65bffff,Families,After noon,Weekend,2.085,0.000904374
8943acae65bffff,Families,Morning,Weekday,10.186,0.006125
8943acae65bffff,Families,Morning,Weekend,7.594,0.0045666
8943acae65bffff,Families,Night,Weekday,2.122,0.000749
8943acae65bffff,Families,Night,Weekend,2.653,0.000936414
8943acae65bffff,Families,Noon,Weekday,6.436,0.003625
8943acae65bffff,Families,Noon,Weekend,3.857,0.00217261
8943acae65bffff,Families,Other,Weekday,20.041,0.012695
8943acae65bffff,Families,Other,Weekend,27.426,0.017373
8943acae65bffff,HNWI,After noon,Weekday,28.876,0.018585
8943acae65bffff,HNWI,After noon,Weekend,22.724,0.0146255
8943acae65bffff,HNWI,Morning,Weekday,1.357,0.000239
8943acae65bffff,HNWI,Morning,Weekend,0.777,0.000136816
8943acae65bffff,HNWI,Night,Weekday,13.768,0.008513
8943acae65bffff,HNWI,Night,Weekend,18.991,0.0117423
8943acae65bffff,HNWI,Noon,Weekday,27.607,0.017739
8943acae65bffff,HNWI,Noon,Weekend,20.813,0.0133738
8943acae65bffff,HNWI,Other,Weekday,1.687,0.000459
8943acae65bffff,HNWI,Other,Weekend,1.224,0.000332893
8943acae65bffff,Potential Car Buyers,After noon,Weekday,27.82,0.017881
8943acae65bffff,Potential Car Buyers,After noon,Weekend,30.869,0.019841
8943acae65bffff,Potential Car Buyers,Morning,Weekday,5.149,0.002767
8943acae65bffff,Potential Car Buyers,Morning,Weekend,2.928,0.00157321
8943acae65bffff,Potential Car Buyers,Night,Weekday,27.085,0.017391
8943acae65bffff,Potential Car Buyers,Night,Weekend,37.805,0.0242743
8943acae65bffff,Potential Car Buyers,Noon,Weekday,10.924,0.006617
8943acae65bffff,Potential Car Buyers,Noon,Weekend,12.387,0.00750312
8943acae65bffff,Potential Car Buyers,Other,Weekday,15.004,0.009337
8943acae65bffff,Potential Car Buyers,Other,Weekend,16.851,0.0104866
8943acaee57ffff,Families,After noon,Weekday,18.241,0.011495
8943acaee57ffff,Families,After noon,Weekend,13.227,0.00833553
8943acaee57ffff,Families,Morning,Weekday,25.57,0.016381
8943acaee57ffff,Families,Morning,Weekend,22.174,0.0142052
8943acaee57ffff,Families,Night,Weekday,7.981,0.004655
8943acaee57ffff,Families,Night,Weekend,8.57,0.0049985
8943acaee57ffff,Families,Noon,Weekday,16.972,0.010649
8943acaee57ffff,Families,Noon,Weekend,15.545,0.00975353
8943acaee57ffff,Families,Other,Weekday,25.9,0.016601
8943acaee57ffff,Families,Other,Weekend,21.903,0.0140389
8943acaee57ffff,HNWI,After noon,Weekday,29.887,0.019259
8943acaee57ffff,HNWI,After noon,Weekend,24.566,0.0158304
8943acaee57ffff,HNWI,Morning,Weekday,16.741,0.010495
8943acaee57ffff,HNWI,Morning,Weekend,19.648,0.0123173
8943acaee57ffff,HNWI,Night,Weekday,29.152,0.018769
8943acaee57ffff,HNWI,Night,Weekend,41.492,0.0267138
8943acaee57ffff,HNWI,Noon,Weekday,2.527,0.001019
8943acaee57ffff,HNWI,Noon,Weekend,3.451,0.00139157
8943acaee57ffff,HNWI,Other,Weekday,17.071,0.010715
8943acaee57ffff,HNWI,Other,Weekend,9.67,0.00606936
8943acaee57ffff,Potential Car Buyers,After noon,Weekday,21.31,0.013541
8943acaee57ffff,Potential Car Buyers,After noon,Weekend,22.137,0.0140668
8943acaee57ffff,Potential Car Buyers,Morning,Weekday,23.791,0.015195
8943acaee57ffff,Potential Car Buyers,Morning,Weekend,19.357,0.012363
8943acaee57ffff,Potential Car Buyers,Night,Weekday,20.575,0.013051
8943acaee57ffff,Potential Car Buyers,Night,Weekend,16.375,0.0103872
8943acaee57ffff,Potential Car Buyers,Noon,Weekday,20.041,0.012695
8943acaee57ffff,Potential Car Buyers,Noon,Weekend,12.9,0.00817169
8943acaee57ffff,Potential Car Buyers,Other,Weekday,24.121,0.015415
8943acaee57ffff,Potential Car Buyers,Other,Weekend,30.17,0.0192809
8943acaf103ffff,Families,After noon,Weekday,26.548,0.017033
8943acaf103ffff,Families,After noon,Weekend,36.485,0.0234088
8943acaf103ffff,Families,Morning,Weekday,13.402,0.008269
8943acaf103ffff,Families,Morning,Weekend,16.422,0.0101323
8943acaf103ffff,Families,Night,Weekday,25.813,0.016543
8943acaf103ffff,Families,Night,Weekend,29.982,0.0192148
8943acaf103ffff,Families,Noon,Weekday,9.652,0.005769
8943acaf103ffff,Families,Noon,Weekend,6.603,0.00394678
8943acaf103ffff,Families,Other,Weekday,13.732,0.008489
8943acaf103ffff,Families,Other,Weekend,13.112,0.00810597
8943acaf103ffff,HNWI,After noon,Weekday,17.719,0.011147
8943acaf103ffff,HNWI,After noon,Weekend,24.908,0.0156699
8943acaf103ffff,HNWI,Morning,Weekday,25.048,0.016033
8943acaf103ffff,HNWI,Morning,Weekend,19.325,0.0123698
8943acaf103ffff,HNWI,Night,Weekday,16.984,0.010657
8943acaf103ffff,HNWI,Night,Weekend,22.564,0.0141585
8943acaf103ffff,HNWI,Noon,Weekday,21.298,0.013533
8943acaf103ffff,HNWI,Noon,Weekend,16.809,0.0106805
8943acaf103ffff,HNWI,Other,Weekday,4.903,0.002603
8943acaf103ffff,HNWI,Other,Weekend,4.178,0.00221799
8943acaf103ffff,Potential Car Buyers,After noon,Weekday,1.036,2.5e-05
8943acaf103ffff,Potential Car Buyers,After noon,Weekend,0.735,1.7728e-05
8943acaf103ffff,Potential Car Buyers,Morning,Weekday,8.365,0.004911
8943acaf103ffff,Potential Car Buyers,Morning,Weekend,9.653,0.00566699
8943acaf103ffff,Potential Car Buyers,Night,Weekday,20.776,0.013185
8943acaf103ffff,Potential Car Buyers,Night,Weekend,22.845,0.0144979
8943acaf103ffff,Potential Car Buyers,Noon,Weekday,4.615,0.002411
8943acaf103ffff,Potential Car Buyers,Noon,Weekend,5.487,0.00286677
8943acaf103ffff,Potential Car Buyers,Other,Weekday,8.695,0.005131
8943acaf103ffff,Potential Car Buyers,Other,Weekend,6.617,0.00390467
8943acaf12fffff,Families,After noon,Weekday,28.795,0.018531
8943acaf12fffff,Families,After noon,Weekend,28.338,0.0182371
8943acaf12fffff,Families,Morning,Weekday,6.124,0.003417
8943acaf12fffff,Families,Morning,Weekend,6.067,0.00338521
8943acaf12fffff,Families,Night,Weekday,28.06,0.018041
8943acaf12fffff,Families,Night,Weekend,36.86,0.0236986
8943acaf12fffff,Families,Noon,Weekday,11.899,0.007267
8943acaf12fffff,Families,Noon,Weekend,12.794,0.00781343
8943acaf12fffff,Families,Other,Weekday,15.979,0.009987
8943acaf12fffff,Families,Other,Weekend,16.013,0.0100083
8943acaf12fffff,HNWI,After noon,Weekday,24.814,0.015877
8943acaf12fffff,HNWI,After noon,Weekend,33.738,0.0215868
8943acaf12fffff,HNWI,Morning,Weekday,27.295,0.017531
8943acaf12fffff,HNWI,Morning,Weekend,30.28,0.0194483
8943acaf12fffff,HNWI,Night,Weekday,24.079,0.015387
8943acaf12fffff,HNWI,Night,Weekend,33.23,0.0212348
8943acaf12fffff,HNWI,Noon,Weekday,23.545,0.015031
8943acaf12fffff,HNWI,Noon,Weekend,22.668,0.014471
8943acaf12fffff,HNWI,Other,Weekday,11.998,0.007333
8943acaf12fffff,HNWI,Other,Weekend,14.88,0.00909452
8943acaf12fffff,Potential Car Buyers,After noon,Weekday,28.24,0.018161
8943acaf12fffff,Potential Car Buyers,After noon,Weekend,33.26,0.0213895
8943acaf12fffff,Potential Car Buyers,Morning,Weekday,30.721,0.019815
8943acaf12fffff,Potential Car Buyers,Morning,Weekend,22.218,0.0143304
8943acaf12fffff,Potential Car Buyers,Night,Weekday,13.132,0.008089
8943acaf12fffff,Potential Car Buyers,Night,Weekend,12.479,0.00768657
8943acaf12fffff,Potential Car Buyers,Noon,Weekday,21.355,0.013571
8943acaf12fffff,Potential Car Buyers,Noon,Weekend,15.073,0.00957863
8943acaf12fffff,Potential Car Buyers,Other,Weekday,1.051,3.5e-05
8943acaf12fffff,Potential Car Buyers,Other,Weekend,1.304,4.34316e-05
8943acaf1b7ffff,Families,After noon,Weekday,19.132,0.012089
8943acaf1b7ffff,Families,After noon,Weekend,27.26,0.0172249
8943acaf1b7ffff,Families,Morning,Weekday,21.613,0.013743
8943acaf1b7ffff,Families,Morning,Weekend,18.864,0.0119947
8943acaf1b7ffff,Families,Night,Weekday,18.397,0.011599
8943acaf1b7ffff,Families,Night,Weekend,13.024,0.00821145
8943acaf1b7ffff,Families,Noon,Weekday,17.863,0.011243
8943acaf1b7ffff,Families,Noon,Weekend,17.913,0.0112743
8943acaf1b7ffff,Families,Other,Weekday,6.316,0.003545
8943acaf1b7ffff,Families,Other,Weekend,8.291,0.00465363
8943acaf1b7ffff,HNWI,After noon,Weekday,10.303,0.006203
8943acaf1b7ffff,HNWI,After noon,Weekend,12.079,0.00727213
8943acaf1b7ffff,HNWI,Morning,Weekday,17.632,0.011089
8943acaf1b7ffff,HNWI,Morning,Weekend,21.524,0.013537
8943acaf1b7ffff,HNWI,Night,Weekday,30.043,0.019363
8943acaf1b7ffff,HNWI,Night,Weekend,25.747,0.0165941
8943acaf1b7ffff,HNWI,Noon,Weekday,3.418,0.001613
8943acaf1b7ffff,HNWI,Noon,Weekend,3.632,0.00171384
8943acaf1b7ffff,HNWI,Other,Weekday,17.962,0.011309
8943acaf1b7ffff,HNWI,Other,Weekend,21.807,0.01373
8943acaf1b7ffff,Potential Car Buyers,After noon,Weekday,17.353,0.010903
8943acaf1b7ffff,Potential Car Buyers,After noon,Weekend,20.581,0.0129314
8943acaf1b7ffff,Potential Car Buyers,Morning,Weekday,24.682,0.015789
8943acaf1b7ffff,Potential Car Buyers,Morning,Weekend,17.143,0.0109662
8943acaf1b7ffff,Potential Car Buyers,Night,Weekday,16.618,0.010413
8943acaf1b7ffff,Potential Car Buyers,Night,Weekend,14.053,0.00880582
8943acaf1b7ffff,Potential Car Buyers,Noon,Weekday,20.932,0.013289
8943acaf1b7ffff,Potential Car Buyers,Noon,Weekend,28.645,0.0181858
8943acaf1b7ffff,Potential Car Buyers,Other,Weekday,4.537,0.002359
8943acaf1b7ffff,Potential Car Buyers,Other,Weekend,5.682,0.00295424
8943acaf1d7ffff,Families,After noon,Weekday,2.89,0.001261
8943acaf1d7ffff,Families,After noon,Weekend,2.73,0.00119111
8943acaf1d7ffff,Families,Morning,Weekday,10.219,0.006147
8943acaf1d7ffff,Families,Morning,Weekend,12.233,0.0073584
8943acaf1d7ffff,Families,Night,Weekday,28.246,0.018165
8943acaf1d7ffff,Families,Night,Weekend,24.572,0.0158021
8943acaf1d7ffff,Families,Noon,Weekday,6.469,0.003647
8943acaf1d7ffff,Families,Noon,Weekend,7.214,0.00406703
8943acaf1d7ffff,Families,Other,Weekday,16.165,0.010111
8943acaf1d7ffff,Families,Other,Weekend,13.925,0.00871019
8943acaf1d7ffff,HNWI,After noon,Weekday,14.536,0.009025
8943acaf1d7ffff,HNWI,After noon,Weekend,11.311,0.0070227
8943acaf1d7ffff,HNWI,Morning,Weekday,21.865,0.013911
8943acaf1d7ffff,HNWI,Morning,Weekend,14.52,0.00923823
8943acaf1d7ffff,HNWI,Night,Weekday,18.649,0.011767
8943acaf1d7ffff,HNWI,Night,Weekend,14.707,0.00927979
8943acaf1d7ffff,HNWI,Noon,Weekday,27.64,0.017761
8943acaf1d7ffff,HNWI,Noon,Weekend,32.054,0.0205976
8943acaf1d7ffff,HNWI,Other,Weekday,6.568,0.003713
8943acaf1d7ffff,HNWI,Other,Weekend,7.061,0.00399198
8943acaf1d7ffff,Potential Car Buyers,After noon,Weekday,5.959,0.003307
8943acaf1d7ffff,Potential Car Buyers,After noon,Weekend,8.593,0.0047688
8943acaf1d7ffff,Potential Car Buyers,Morning,Weekday,13.288,0.008193
8943acaf1d7ffff,Potential Car Buyers,Morning,Weekend,10.944,0.00674795
8943acaf1d7ffff,Potential Car Buyers,Night,Weekday,25.699,0.016467
8943acaf1d7ffff,Potential Car Buyers,Night,Weekend,21.546,0.0138061
8943acaf1d7ffff,Potential Car Buyers,Noon,Weekday,4.69,0.002461
8943acaf1d7ffff,Potential Car Buyers,Noon,Weekend,6.76,0.00354716
8943acaf1d7ffff,Potential Car Buyers,Other,Weekday,13.618,0.008413
8943acaf1d7ffff,Potential Car Buyers,Other,Weekend,14.599,0.00901882
8943acaf313ffff,Families,After noon,Weekday,17.692,0.011129
8943acaf313ffff,Families,After noon,Weekend,11.126,0.00699864
8943acaf313ffff,Families,Morning,Weekday,4.546,0.002365
8943acaf313ffff,Families,Morning,Weekend,5.429,0.00282439
8943acaf313ffff,Families,Night,Weekday,21.805,0.013871
8943acaf313ffff,Families,Night,Weekend,14.717,0.00936234
8943acaf313ffff,Families,Noon,Weekday,30.796,0.019865
8943acaf313ffff,Families,Noon,Weekend,31.775,0.0204968
8943acaf313ffff,Families,Other,Weekday,9.724,0.005817
8943acaf313ffff,Families,Other,Weekend,10.645,0.00636767
8943acaf313ffff,HNWI,After noon,Weekday,13.711,0.008475
8943acaf313ffff,HNWI,After noon,Weekend,9.289,0.00574191
8943acaf313ffff,HNWI,Morning,Weekday,10.576,0.006385
8943acaf313ffff,HNWI,Morning,Weekend,12.309,0.00743154
8943acaf313ffff,HNWI,Night,Weekday,12.976,0.007985
8943acaf313ffff,HNWI,Night,Weekend,12.764,0.00785481
8943acaf313ffff,HNWI,Noon,Weekday,6.826,0.003885
8943acaf313ffff,HNWI,Noon,Weekend,4.205,0.00239341
8943acaf313ffff,HNWI,Other,Weekday,30.895,0.019931
8943acaf313ffff,HNWI,Other,Weekend,24.713,0.0159427
8943acaf313ffff,Potential Car Buyers,After noon,Weekday,27.028,0.017353
8943acaf313ffff,Potential Car Buyers,After noon,Weekend,26.038,0.0167174
8943acaf313ffff,Potential Car Buyers,Morning,Weekday,23.893,0.015263
8943acaf313ffff,Potential Car Buyers,Morning,Weekend,20.63,0.0131787
8943acaf313ffff,Potential Car Buyers,Night,Weekday,11.92,0.007281
8943acaf313ffff,Potential Car Buyers,Night,Weekend,12.048,0.0073591
8943acaf313ffff,Potential Car Buyers,Noon,Weekday,20.143,0.012763
8943acaf313ffff,Potential Car Buyers,Noon,Weekend,28.075,0.0177891
8943acaf313ffff,Potential Car Buyers,Other,Weekday,29.839,0.019227
8943acaf313ffff,Potential Car Buyers,Other,Weekend,20.574,0.0132573
8943acaf33bffff,Families,After noon,Weekday,8.122,0.004749
8943acaf33bffff,Families,After noon,Weekend,9.862,0.00576634
8943acaf33bffff,Families,Morning,Weekday,10.603,0.006403
8943acaf33bffff,Families,Morning,Weekend,11.096,0.00670077
8943acaf33bffff,Families,Night,Weekday,7.387,0.004259
8943acaf33bffff,Families,Night,Weekend,8.029,0.00462903
8943acaf33bffff,Families,Noon,Weekday,16.378,0.010253
8943acaf33bffff,Families,Noon,Weekend,17.467,0.010935
8943acaf33bffff,Families,Other,Weekday,25.306,0.016205
8943acaf33bffff,Families,Other,Weekend,16.544,0.0105944
8943acaf33bffff,HNWI,After noon,Weekday,29.293,0.018863
8943acaf33bffff,HNWI,After noon,Weekend,18.215,0.0117297
8943acaf33bffff,HNWI,Morning,Weekday,26.158,0.016773
8943acaf33bffff,HNWI,Morning,Weekend,22.88,0.0146709
8943acaf33bffff,HNWI,Night,Weekday,28.558,0.018373
8943acaf33bffff,HNWI,Night,Weekend,22.547,0.0145055
8943acaf33bffff,HNWI,Noon,Weekday,22.408,0.014273
8943acaf33bffff,HNWI,Noon,Weekend,27.807,0.017712
8943acaf33bffff,HNWI,Other,Weekday,16.477,0.010319
8943acaf33bffff,HNWI,Other,Weekend,16.566,0.0103749
8943acaf33bffff,Potential Car Buyers,After noon,Weekday,12.61,0.007741
8943acaf33bffff,Potential Car Buyers,After noon,Weekend,17.742,0.0108915
8943acaf33bffff,Potential Car Buyers,Morning,Weekday,15.091,0.009395
8943acaf33bffff,Potential Car Buyers,Morning,Weekend,17.078,0.0106321
8943acaf33bffff,Potential Car Buyers,Night,Weekday,2.35,0.000901
8943acaf33bffff,Potential Car Buyers,Night,Weekend,3.218,0.00123384
8943acaf33bffff,Potential Car Buyers,Noon,Weekday,5.725,0.003151
8943acaf33bffff,Potential Car Buyers,Noon,Weekend,3.309,0.00182138
8943acaf33bffff,Potential Car Buyers,Other,Weekday,15.421,0.009615
8943acaf33bffff,Potential Car Buyers,Other,Weekend,21.13,0.0131743
8943acaf3d3ffff,Families,After noon,Weekday,29.209,0.018807
8943acaf3d3ffff,Families,After noon,Weekend,39.457,0.0254052
8943acaf3d3ffff,Families,Morning,Weekday,6.538,0.003693
8943acaf3d3ffff,Families,Morning,Weekend,6.602,0.0037289
8943acaf3d3ffff,Families,Night,Weekday,28.474,0.018317
8943acaf3d3ffff,Families,Night,Weekend,22.625,0.0145546
8943acaf3d3ffff,Families,Noon,Weekday,2.788,0.001193
8943acaf3d3ffff,Families,Noon,Weekend,3.838,0.00164241
8943acaf3d3ffff,Families,Other,Weekday,16.393,0.010263
8943acaf3d3ffff,Families,Other,Weekend,13.861,0.0086777
8943acaf3d3ffff,HNWI,After noon,Weekday,11.506,0.007005
8943acaf3d3ffff,HNWI,After noon,Weekend,8.033,0.00489037
8943acaf3d3ffff,HNWI,Morning,Weekday,13.987,0.008659
8943acaf3d3ffff,HNWI,Morning,Weekend,8.093,0.00501023
8943acaf3d3ffff,HNWI,Night,Weekday,26.398,0.016933
8943acaf3d3ffff,HNWI,Night,Weekend,26.18,0.0167929
8943acaf3d3ffff,HNWI,Noon,Weekday,10.237,0.006159
8943acaf3d3ffff,HNWI,Noon,Weekend,5.846,0.00351726
8943acaf3d3ffff,HNWI,Other,Weekday,14.317,0.008879
8943acaf3d3ffff,HNWI,Other,Weekend,14.047,0.00871177
8943acaf3d3ffff,Potential Car Buyers,After noon,Weekday,24.172,0.015449
8943acaf3d3ffff,Potential Car Buyers,After noon,Weekend,23.172,0.0148098
8943acaf3d3ffff,Potential Car Buyers,Morning,Weekday,25.885,0.016591
8943acaf3d3ffff,Potential Car Buyers,Morning,Weekend,25.884,0.0165903
8943acaf3d3ffff,Potential Car Buyers,Night,Weekday,23.437,0.014959
8943acaf3d3ffff,Potential Car Buyers,Night,Weekend,13.239,0.00844978
8943acaf3d3ffff,Potential Car Buyers,Noon,Weekday,1.66,0.000441
8943acaf3d3ffff,Potential Car Buyers,Noon,Weekend,2.122,0.000563634
8943acaf3d3ffff,Potential Car Buyers,Other,Weekday,11.356,0.006905
8943acaf3d3ffff,Potential Car Buyers,Other,Weekend,16.293,0.00990702
8943acaf427ffff,Families,After noon,Weekday,20.764,0.013177
8943acaf427ffff,Families,After noon,Weekend,13.432,0.00852423
8943acaf427ffff,Families,Morning,Weekday,28.093,0.018063
8943acaf427ffff,Families,Morning,Weekend,19.907,0.0127998
8943acaf427ffff,Families,Night,Weekday,20.029,0.012687
8943acaf427ffff,Families,Night,Weekend,14.652,0.00928102
8943acaf427ffff,Families,Noon,Weekday,19.495,0.012331
8943acaf427ffff,Families,Noon,Weekend,24.217,0.015318
8943acaf427ffff,Families,Other,Weekday,7.948,0.004633
8943acaf427ffff,Families,Other,Weekend,8.898,0.00518652
8943acaf427ffff,HNWI,After noon,Weekday,16.783,0.010523
8943acaf427ffff,HNWI,After noon,Weekend,21.718,0.0136173
8943acaf427ffff,HNWI,Morning,Weekday,19.264,0.012177
8943acaf427ffff,HNWI,Morning,Weekend,19.802,0.012517
8943acaf427ffff,HNWI,Night,Weekday,1.675,0.000451
8943acaf427ffff,HNWI,Night,Weekend,2.256,0.000607333
8943acaf427ffff,HNWI,Noon,Weekday,15.514,0.009677
8943acaf427ffff,HNWI,Noon,Weekend,14.541,0.00907025
8943acaf427ffff,HNWI,Other,Weekday,19.594,0.012397
8943acaf427ffff,HNWI,Other,Weekend,15.214,0.00962585
8943acaf427ffff,Potential Car Buyers,After noon,Weekday,15.727,0.009819
8943acaf427ffff,Potential Car Buyers,After noon,Weekend,20.092,0.0125442
8943acaf427ffff,Potential Car Buyers,Morning,Weekday,2.581,0.001055
8943acaf427ffff,Potential Car Buyers,Morning,Weekend,3.363,0.00137474
8943acaf427ffff,Potential Car Buyers,Night,Weekday,14.992,0.009329
8943acaf427ffff,Potential Car Buyers,Night,Weekend,20.003,0.0124469
8943acaf427ffff,Potential Car Buyers,Noon,Weekday,28.831,0.018555
8943acaf427ffff,Potential Car Buyers,Noon,Weekend,41.631,0.0267926
8943acaf427ffff,Potential Car Buyers,Other,Weekday,2.911,0.001275
8943acaf427ffff,Potential Car Buyers,Other,Weekend,2.234,0.00097861
8943acaf52fffff,Families,After noon,Weekday,4.009,0.002007
8943acaf52fffff,Families,After noon,Weekend,4.479,0.00224213
8943acaf52fffff,Families,Morning,Weekday,20.863,0.013243
8943acaf52fffff,Families,Morning,Weekend,29.3,0.0185986
8943acaf52fffff,Families,Night,Weekday,3.274,0.001517
8943acaf52fffff,Families,Night,Weekend,4.443,0.00205886
8943acaf52fffff,Families,Noon,Weekday,12.265,0.007511
8943acaf52fffff,Families,Noon,Weekend,8.925,0.00546539
8943acaf52fffff,Families,Other,Weekday,21.193,0.013463
8943acaf52fffff,Families,Other,Weekend,18.454,0.0117228
8943acaf52fffff,HNWI,After noon,Weekday,5.071,0.002715
8943acaf52fffff,HNWI,After noon,Weekend,4.592,0.00245849
8943acaf52fffff,HNWI,Morning,Weekday,7.552,0.004369
8943acaf52fffff,HNWI,Morning,Weekend,7.885,0.00456162
8943acaf52fffff,HNWI,Night,Weekday,4.336,0.002225
8943acaf52fffff,HNWI,Night,Weekend,6.06,0.00310944
8943acaf52fffff,HNWI,Noon,Weekday,3.802,0.001869
8943acaf52fffff,HNWI,Noon,Weekend,3.571,0.00175524
8943acaf52fffff,HNWI,Other,Weekday,22.255,0.014171
8943acaf52fffff,HNWI,Other,Weekend,27.993,0.0178249
8943acaf52fffff,Potential Car Buyers,After noon,Weekday,8.497,0.004999
8943acaf52fffff,Potential Car Buyers,After noon,Weekend,8.114,0.00477375
8943acaf52fffff,Potential Car Buyers,Morning,Weekday,10.978,0.006653
8943acaf52fffff,Potential Car Buyers,Morning,Weekend,12.275,0.00743921
8943acaf52fffff,Potential Car Buyers,Night,Weekday,28.237,0.018159
8943acaf52fffff,Potential Car Buyers,Night,Weekend,28.237,0.0181587
8943acaf52fffff,Potential Car Buyers,Noon,Weekday,7.228,0.004153
8943acaf52fffff,Potential Car Buyers,Noon,Weekend,9.604,0.00551834
8943acaf52fffff,Potential Car Buyers,Other,Weekday,16.156,0.010105
8943acaf52fffff,Potential Car Buyers,Other,Weekend,20.6,0.0128848
8943acaf58bffff,Families,After noon,Weekday,12.298,0.007533
8943acaf58bffff,Families,After noon,Weekend,9.683,0.00593135
8943acaf58bffff,Families,Morning,Weekday,14.779,0.009187
8943acaf58bffff,Families,Morning,Weekend,19.234,0.0119564
8943acaf58bffff,Families,Night,Weekday,11.563,0.007043
8943acaf58bffff,Families,Night,Weekend,9.615,0.00585654
8943acaf58bffff,Families,Noon,Weekday,14.938,0.009293
8943acaf58bffff,Families,Noon,Weekend,10.019,0.00623291
8943acaf58bffff,Families,Other,Weekday,29.482,0.018989
8943acaf58bffff,Families,Other,Weekend,38.991,0.0251138
8943acaf58bffff,HNWI,After noon,Weekday,27.853,0.017903
8943acaf58bffff,HNWI,After noon,Weekend,19.379,0.0124564
8943acaf58bffff,HNWI,Morning,Weekday,30.334,0.019557
8943acaf58bffff,HNWI,Morning,Weekend,34.326,0.0221309
8943acaf58bffff,HNWI,Night,Weekday,17.593,0.011063
8943acaf58bffff,HNWI,Night,Weekend,20.379,0.012815
8943acaf58bffff,HNWI,Noon,Weekday,26.584,0.017057
8943acaf58bffff,HNWI,Noon,Weekend,19.471,0.012493
8943acaf58bffff,HNWI,Other,Weekday,5.512,0.003009
8943acaf58bffff,HNWI,Other,Weekend,6.477,0.00353557
8943acaf58bffff,Potential Car Buyers,After noon,Weekday,26.797,0.017199
8943acaf58bffff,Potential Car Buyers,After noon,Weekend,27.449,0.0176173
8943acaf58bffff,Potential Car Buyers,Morning,Weekday,13.651,0.008435
8943acaf58bffff,Potential Car Buyers,Morning,Weekend,19.375,0.011972
8943acaf58bffff,Potential Car Buyers,Night,Weekday,26.062,0.016709
8943acaf58bffff,Potential Car Buyers,Night,Weekend,33.884,0.0217239
8943acaf58bffff,Potential Car Buyers,Noon,Weekday,9.901,0.005935
8943acaf58bffff,Potential Car Buyers,Noon,Weekend,7.662,0.00459263
8943acaf58bffff,Potential Car Buyers,Other,Weekday,13.981,0.008655
8943acaf58bffff,Potential Car Buyers,Other,Weekend,18.045,0.0111709
8943acaf623ffff,Families,After noon,Weekday,21.385,0.013591
8943acaf623ffff,Families,After noon,Weekend,28.794,0.0182995
8943acaf623ffff,Families,Morning,Weekday,28.714,0.018477
8943acaf623ffff,Families,Morning,Weekend,18.348,0.0118064
8943acaf623ffff,Families,Night,Weekday,11.125,0.006751
8943acaf623ffff,Families,Night,Weekend,9.633,0.00584559
8943acaf623ffff,Families,Noon,Weekday,14.5,0.009001
8943acaf623ffff,Families,Noon,Weekend,15.525,0.00963701
8943acaf623ffff,Families,Other,Weekday,29.044,0.018697
8943acaf623ffff,Families,Other,Weekend,36.014,0.0231837
8943acaf623ffff,HNWI,After noon,Weekday,21.028,0.013353
8943acaf623ffff,HNWI,After noon,Weekend,21.648,0.0137466
8943acaf623ffff,HNWI,Morning,Weekday,23.509,0.015007
8943acaf623ffff,HNWI,Morning,Weekend,20.601,0.0131507
8943acaf623ffff,HNWI,Night,Weekday,20.293,0.012863
8943acaf623ffff,HNWI,Night,Weekend,26.43,0.0167533
8943acaf623ffff,HNWI,Noon,Weekday,14.143,0.008763
8943acaf623ffff,HNWI,Noon,Weekend,8.857,0.00548801
8943acaf623ffff,HNWI,Other,Weekday,8.212,0.004809
8943acaf623ffff,HNWI,Other,Weekend,10.252,0.0060034
8943acaf623ffff,Potential Car Buyers,After noon,Weekday,24.454,0.015637
8943acaf623ffff,Potential Car Buyers,After noon,Weekend,32.531,0.0208015
8943acaf623ffff,Potential Car Buyers,Morning,Weekday,1.783,0.000523
8943acaf623ffff,Potential Car Buyers,Morning,Weekend,2.359,0.000692065
8943acaf623ffff,Potential Car Buyers,Night,Weekday,14.194,0.008797
8943acaf623ffff,Potential Car Buyers,Night,Weekend,17.445,0.0108118
8943acaf623ffff,Potential Car Buyers,Noon,Weekday,17.569,0.011047
8943acaf623ffff,Potential Car Buyers,Noon,Weekend,12.138,0.0076322
8943acaf623ffff,Potential Car Buyers,Other,Weekday,2.113,0.000743
8943acaf623ffff,Potential Car Buyers,Other,Weekend,1.245,0.000437832
8943acc0a87ffff,Families,After noon,Weekday,1.684,0.000457
8943acc0a87ffff,Families,After noon,Weekend,2.313,0.000627692
8943acc0a87ffff,Families,Morning,Weekday,9.013,0.005343
8943acc0a87ffff,Families,Morning,Weekend,5.034,0.00298434
8943acc0a87ffff,Families,Night,Weekday,30.949,0.019967
8943acc0a87ffff,Families,Night,Weekend,41.779,0.0269541
8943acc0a87ffff,Families,Noon,Weekday,14.788,0.009193
8943acc0a87ffff,Families,Noon,Weekend,20.732,0.0128881
8943acc0a87ffff,Families,Other,Weekday,18.868,0.011913
8943acc0a87ffff,Families,Other,Weekend,11.853,0.00748359
8943acc0a87ffff,HNWI,After noon,Weekday,17.239,0.010827
8943acc0a87ffff,HNWI,After noon,Weekend,13.741,0.00863016
8943acc0a87ffff,HNWI,Morning,Weekday,24.568,0.015713
8943acc0a87ffff,HNWI,Morning,Weekend,24.732,0.0158176
8943acc0a87ffff,HNWI,Night,Weekday,26.968,0.017313
8943acc0a87ffff,HNWI,Night,Weekend,32.647,0.0209588
8943acc0a87ffff,HNWI,Noon,Weekday,20.818,0.013213
8943acc0a87ffff,HNWI,Noon,Weekend,20.934,0.0132869
8943acc0a87ffff,HNWI,Other,Weekday,14.887,0.009259
8943acc0a87ffff,HNWI,Other,Weekend,12.959,0.0080596
8943acc0a87ffff,Potential Car Buyers,After noon,Weekday,4.753,0.002503
8943acc0a87ffff,Potential Car Buyers,After noon,Weekend,3.804,0.00200346
8943acc0a87ffff,Potential Car Buyers,Morning,Weekday,21.607,0.013739
8943acc0a87ffff,Potential Car Buyers,Morning,Weekend,18.113,0.0115171
8943acc0a87ffff,Potential Car Buyers,Night,Weekday,4.018,0.002013
8943acc0a87ffff,Potential Car Buyers,Night,Weekend,5.194,0.00260216
8943acc0a87ffff,Potential Car Buyers,Noon,Weekday,7.393,0.004263
8943acc0a87ffff,Potential Car Buyers,Noon,Weekend,6.108,0.00352207
8943acc0a87ffff,Potential Car Buyers,Other,Weekday,21.937,0.013959
8943acc0a87ffff,Potential Car Buyers,Other,Weekend,19.499,0.0124078
8943acc0b63ffff,Families,After noon,Weekday,25.153,0.016103
8943acc0b63ffff,Families,After noon,Weekend,35.52,0.0227397
8943acc0b63ffff,Families,Morning,Weekday,27.634,0.017757
8943acc0b63ffff,Families,Morning,Weekend,24.623,0.0158221
8943acc0b63ffff,Families,Night,Weekday,30.034,0.019357
8943acc0b63ffff,Families,Night,Weekend,34.099,0.0219767
8943acc0b63ffff,Families,Noon,Weekday,23.884,0.015257
8943acc0b63ffff,Families,Noon,Weekend,20.716,0.013233
8943acc0b63ffff,Families,Other,Weekday,17.953,0.011303
8943acc0b63ffff,Families,Other,Weekend,24.9,0.0156764
8943acc0b63ffff,HNWI,After noon,Weekday,16.324,0.010217
8943acc0b63ffff,HNWI,After noon,Weekend,19.383,0.0121315
8943acc0b63ffff,HNWI,Morning,Weekday,23.653,0.015103
8943acc0b63ffff,HNWI,Morning,Weekend,20.878,0.013331
8943acc0b63ffff,HNWI,Night,Weekday,6.064,0.003377
8943acc0b63ffff,HNWI,Night,Weekend,8.42,0.0046888
8943acc0b63ffff,HNWI,Noon,Weekday,15.055,0.009371
8943acc0b63ffff,HNWI,Noon,Weekend,18.182,0.0113173
8943acc0b63ffff,HNWI,Other,Weekday,23.983,0.015323
8943acc0b63ffff,HNWI,Other,Weekend,33.714,0.0215402
8943acc0b63ffff,Potential Car Buyers,After noon,Weekday,10.225,0.006151
8943acc0b63ffff,Potential Car Buyers,After noon,Weekend,13.425,0.00807613
8943acc0b63ffff,Potential Car Buyers,Morning,Weekday,17.554,0.011037
8943acc0b63ffff,Potential Car Buyers,Morning,Weekend,16.519,0.0103865
8943acc0b63ffff,Potential Car Buyers,Night,Weekday,9.49,0.005661
8943acc0b63ffff,Potential Car Buyers,Night,Weekend,10.626,0.0063386
8943acc0b63ffff,Potential Car Buyers,Noon,Weekday,23.329,0.014887
8943acc0b63ffff,Potential Car Buyers,Noon,Weekend,27.96,0.017842
8943acc0b63ffff,Potential Car Buyers,Other,Weekday,27.409,0.017607
8943acc0b63ffff,Potential Car Buyers,Other,Weekend,22.306,0.0143292
8943acc0bdbffff,Families,After noon,Weekday,13.018,0.008013
8943acc0bdbffff,Families,After noon,Weekend,10.331,0.00635893
8943acc0bdbffff,Families,Morning,Weekday,20.347,0.012899
8943acc0bdbffff,Families,Morning,Weekend,11.922,0.00755799
8943acc0bdbffff,Families,Night,Weekday,2.758,0.001173
8943acc0bdbffff,Families,Night,Weekend,3.781,0.0016083
8943acc0bdbffff,Families,Noon,Weekday,11.749,0.007167
8943acc0bdbffff,Families,Noon,Weekend,9.652,0.00588763
8943acc0bdbffff,Families,Other,Weekday,20.677,0.013119
8943acc0bdbffff,Families,Other,Weekend,15.415,0.00978028
8943acc0bdbffff,HNWI,After noon,Weekday,24.664,0.015777
8943acc0bdbffff,HNWI,After noon,Weekend,14.011,0.00896229
8943acc0bdbffff,HNWI,Morning,Weekday,1.993,0.000663
8943acc0bdbffff,HNWI,Morning,Weekend,2.865,0.000953091
8943acc0bdbffff,HNWI,Night,Weekday,23.929,0.015287
8943acc0bdbffff,HNWI,Night,Weekend,27.757,0.0177327
8943acc0bdbffff,HNWI,Noon,Weekday,27.304,0.017537
8943acc0bdbffff,HNWI,Noon,Weekend,23.196,0.0148984
8943acc0bdbffff,HNWI,Other,Weekday,11.848,0.007233
8943acc0bdbffff,HNWI,Other,Weekend,16.592,0.010129
8943acc0bdbffff,Potential Car Buyers,After noon,Weekday,14.368,0.008913
8943acc0bdbffff,Potential Car Buyers,After noon,Weekend,14.623,0.00907115
8943acc0bdbffff,Potential Car Buyers,Morning,Weekday,21.697,0.013799
8943acc0bdbffff,Potential Car Buyers,Morning,Weekend,21.025,0.0133716
8943acc0bdbffff,Potential Car Buyers,Night,Weekday,24.097,0.015399
8943acc0bdbffff,Potential Car Buyers,Night,Weekend,13.976,0.0089313
8943acc0bdbffff,Potential Car Buyers,Noon,Weekday,17.947,0.011299
8943acc0bdbffff,Potential Car Buyers,Noon,Weekend,20.634,0.0129906
8943acc0bdbffff,Potential Car Buyers,Other,Weekday,7.168,0.004113
8943acc0bdbffff,Potential Car Buyers,Other,Weekend,8.603,0.00493641
8943acc0e2bffff,Families,After noon,Weekday,17.875,0.011251
8943acc0e2bffff,Families,After noon,Weekend,16.001,0.0100716
8943acc0e2bffff,Families,Morning,Weekday,20.356,0.012905
8943acc0e2bffff,Families,Morning,Weekend,14.77,0.0093638
8943acc0e2bffff,Families,Night,Weekday,7.615,0.004411
8943acc0e2bffff,Families,Night,Weekend,4.794,0.00277707
8943acc0e2bffff,Families,Noon,Weekday,16.606,0.010405
8943acc0e2bffff,Families,Noon,Weekend,18.604,0.0116571
8943acc0e2bffff,Families,Other,Weekday,20.686,0.013125
8943acc0e2bffff,Families,Other,Weekend,12.188,0.00773307
8943acc0e2bffff,HNWI,After noon,Weekday,29.521,0.019015
8943acc0e2bffff,HNWI,After noon,Weekend,25.199,0.0162314
8943acc0e2bffff,HNWI,Morning,Weekday,16.375,0.010251
8943acc0e2bffff,HNWI,Morning,Weekend,16.565,0.0103701
8943acc0e2bffff,HNWI,Night,Weekday,28.786,0.018525
8943acc0e2bffff,HNWI,Night,Weekend,31.922,0.0205431
8943acc0e2bffff,HNWI,Noon,Weekday,2.161,0.000775
8943acc0e2bffff,HNWI,Noon,Weekend,2.052,0.00073592
8943acc0e2bffff,HNWI,Other,Weekday,16.705,0.010471
8943acc0e2bffff,HNWI,Other,Weekend,23.755,0.0148901
8943acc0e2bffff,Potential Car Buyers,After noon,Weekday,19.225,0.012151
8943acc0e2bffff,Potential Car Buyers,After noon,Weekend,15.335,0.00969223
8943acc0e2bffff,Potential Car Buyers,Morning,Weekday,26.554,0.017037
8943acc0e2bffff,Potential Car Buyers,Morning,Weekend,20.355,0.0130597
8943acc0e2bffff,Potential Car Buyers,Night,Weekday,18.49,0.011661
8943acc0e2bffff,Potential Car Buyers,Night,Weekend,22.846,0.0144079
8943acc0e2bffff,Potential Car Buyers,Noon,Weekday,2.329,0.000887
8943acc0e2bffff,Potential Car Buyers,Noon,Weekend,1.63,0.000620667
8943acc0e2bffff,Potential Car Buyers,Other,Weekday,6.409,0.003607
8943acc0e2bffff,Potential Car Buyers,Other,Weekend,8.562,0.00481891
8943acc0edbffff,Families,After noon,Weekday,24.16,0.015441
8943acc0edbffff,Families,After noon,Weekend,15.387,0.00983431
8943acc0edbffff,Families,Morning,Weekday,1.489,0.000327
8943acc0edbffff,Families,Morning,Weekend,1.242,0.000272803
8943acc0edbffff,Families,Night,Weekday,13.9,0.008601
8943acc0edbffff,Families,Night,Weekend,11.177,0.00691584
8943acc0edbffff,Families,Noon,Weekday,22.891,0.014595
8943acc0edbffff,Families,Noon,Weekend,26.467,0.0168752
8943acc0edbffff,Families,Other,Weekday,1.819,0.000547
8943acc0edbffff,Families,Other,Weekend,1.395,0.000419476
8943acc0edbffff,HNWI,After noon,Weekday,5.806,0.003205
8943acc0edbffff,HNWI,After noon,Weekend,8.207,0.00453052
8943acc0edbffff,HNWI,Morning,Weekday,13.135,0.008091
8943acc0edbffff,HNWI,Morning,Weekend,8.351,0.00514442
8943acc0edbffff,HNWI,Night,Weekday,5.071,0.002715
8943acc0edbffff,HNWI,Night,Weekend,4.655,0.00249224
8943acc0edbffff,HNWI,Noon,Weekday,8.446,0.004965
8943acc0edbffff,HNWI,Noon,Weekend,8.755,0.00514658
8943acc0edbffff,HNWI,Other,Weekday,22.99,0.014661
8943acc0edbffff,HNWI,Other,Weekend,33.218,0.0211835
8943acc0edbffff,Potential Car Buyers,After noon,Weekday,25.51,0.016341
8943acc0edbffff,Potential Car Buyers,After noon,Weekend,36.365,0.0232942
8943acc0edbffff,Potential Car Buyers,Morning,Weekday,2.839,0.001227
8943acc0edbffff,Potential Car Buyers,Morning,Weekend,2.879,0.00124422
8943acc0edbffff,Potential Car Buyers,Night,Weekday,24.775,0.015851
8943acc0edbffff,Potential Car Buyers,Night,Weekend,30.524,0.019529
8943acc0edbffff,Potential Car Buyers,Noon,Weekday,8.614,0.005077
8943acc0edbffff,Potential Car Buyers,Noon,Weekend,8.719,0.00513895
8943acc0edbffff,Potential Car Buyers,Other,Weekday,12.694,0.007797
8943acc0edbffff,Potential Car Buyers,Other,Weekend,12.858,0.00789802
8943acc180fffff,Families,After noon,Weekday,9.418,0.005613
8943acc180fffff,Families,After noon,Weekend,10.832,0.00645598
8943acc180fffff,Families,Morning,Weekday,11.899,0.007267
8943acc180fffff,Families,Morning,Weekend,7.399,0.00451903
8943acc180fffff,Families,Night,Weekday,14.299,0.008867
8943acc180fffff,Families,Night,Weekend,12.034,0.00746274
8943acc180fffff,Families,Noon,Weekday,8.149,0.004767
8943acc180fffff,Families,Noon,Weekend,9.532,0.00557625
8943acc180fffff,Families,Other,Weekday,2.218,0.000813
8943acc180fffff,Families,Other,Weekend,1.929,0.000706989
8943acc180fffff,HNWI,After noon,Weekday,4.213,0.002143
8943acc180fffff,HNWI,After noon,Weekend,4.013,0.0020413
8943acc180fffff,HNWI,Morning,Weekday,11.542,0.007029
8943acc180fffff,HNWI,Morning,Weekend,8.883,0.00540944
8943acc180fffff,HNWI,Night,Weekday,9.094,0.005397
8943acc180fffff,HNWI,Night,Weekend,6.407,0.00380252
8943acc180fffff,HNWI,Noon,Weekday,17.317,0.010879
8943acc180fffff,HNWI,Noon,Weekend,16.683,0.010481
8943acc180fffff,HNWI,Other,Weekday,27.013,0.017343
8943acc180fffff,HNWI,Other,Weekend,18.321,0.0117626
8943acc180fffff,Potential Car Buyers,After noon,Weekday,4.381,0.002255
8943acc180fffff,Potential Car Buyers,After noon,Weekend,6.329,0.00325743
8943acc180fffff,Potential Car Buyers,Morning,Weekday,6.862,0.003909
8943acc180fffff,Potential Car Buyers,Morning,Weekend,6.471,0.00368607
8943acc180fffff,Potential Car Buyers,Night,Weekday,3.646,0.001765
8943acc180fffff,Potential Car Buyers,Night,Weekend,3.773,0.00182654
8943acc180fffff,Potential Car Buyers,Noon,Weekday,12.637,0.007759
8943acc180fffff,Potential Car Buyers,Noon,Weekend,12.285,0.00754307
8943acc180fffff,Potential Car Buyers,Other,Weekday,21.565,0.013711
8943acc180fffff,Potential Car Buyers,Other,Weekend,19.355,0.0123061
8943acc18a3ffff,Families,After noon,Weekday,9.841,0.005895
8943acc18a3ffff,Families,After noon,Weekend,7.856,0.00470587
8943acc18a3ffff,Families,Morning,Weekday,26.695,0.017131
8943acc18a3ffff,Families,Morning,Weekend,29.426,0.0188836
8943acc18a3ffff,Families,Night,Weekday,13.954,0.008637
8943acc18a3ffff,Families,Night,Weekend,18.485,0.0114415
8943acc18a3ffff,Families,Noon,Weekday,17.329,0.010887
8943acc18a3ffff,Families,Noon,Weekend,9.848,0.00618685
8943acc18a3ffff,Families,Other,Weekday,1.873,0.000583
8943acc18a3ffff,Families,Other,Weekend,1.863,0.000579912
8943acc18a3ffff,HNWI,After noon,Weekday,30.244,0.019497
8943acc18a3ffff,HNWI,After noon,Weekend,27.528,0.017746
8943acc18a3ffff,HNWI,Morning,Weekday,2.725,0.001151
8943acc18a3ffff,HNWI,Morning,Weekend,2.589,0.00109352
8943acc18a3ffff,HNWI,Night,Weekday,5.125,0.002751
8943acc18a3ffff,HNWI,Night,Weekend,5.749,0.00308621
8943acc18a3ffff,HNWI,Noon,Weekday,28.975,0.018651
8943acc18a3ffff,HNWI,Noon,Weekend,23.228,0.0149516
8943acc18a3ffff,HNWI,Other,Weekday,17.428,0.010953
8943acc18a3ffff,HNWI,Other,Weekend,22.792,0.0143239
8943acc18a3ffff,Potential Car Buyers,After noon,Weekday,13.561,0.008375
8943acc18a3ffff,Potential Car Buyers,After noon,Weekend,15.905,0.00982271
8943acc18a3ffff,Potential Car Buyers,Morning,Weekday,16.042,0.010029
8943acc18a3ffff,Potential Car Buyers,Morning,Weekend,20.931,0.0130857
8943acc18a3ffff,Potential Car Buyers,Night,Weekday,4.069,0.002047
8943acc18a3ffff,Potential Car Buyers,Night,Weekend,3.636,0.00182904
8943acc18a3ffff,Potential Car Buyers,Noon,Weekday,12.292,0.007529
8943acc18a3ffff,Potential Car Buyers,Noon,Weekend,15.002,0.00918879
8943acc18a3ffff,Potential Car Buyers,Other,Weekday,16.372,0.010249
8943acc18a3ffff,Potential Car Buyers,Other,Weekend,17.845,0.0111714
8943acc1973ffff,Families,After noon,Weekday,24.295,0.015531
8943acc1973ffff,Families,After noon,Weekend,17.062,0.0109071
8943acc1973ffff,Families,Morning,Weekday,26.776,0.017185
8943acc1973ffff,Families,Morning,Weekend,36.956,0.0237186
8943acc1973ffff,Families,Night,Weekday,23.56,0.015041
8943acc1973ffff,Families,Night,Weekend,31.373,0.0200291
8943acc1973ffff,Families,Noon,Weekday,17.41,0.010941
8943acc1973ffff,Families,Noon,Weekend,14.352,0.00901902
8943acc1973ffff,Families,Other,Weekday,11.479,0.006987
8943acc1973ffff,Families,Other,Weekend,13.769,0.00838062
8943acc1973ffff,HNWI,After noon,Weekday,1.744,0.000497
8943acc1973ffff,HNWI,After noon,Weekend,1.737,0.000494952
8943acc1973ffff,HNWI,Morning,Weekday,9.073,0.005383
8943acc1973ffff,HNWI,Morning,Weekend,10.453,0.00620203
8943acc1973ffff,HNWI,Night,Weekday,21.484,0.013657
8943acc1973ffff,HNWI,Night,Weekend,25.099,0.015955
8943acc1973ffff,HNWI,Noon,Weekday,30.475,0.019651
8943acc1973ffff,HNWI,Noon,Weekend,40.031,0.0258132
8943acc1973ffff,HNWI,Other,Weekday,9.403,0.005603
8943acc1973ffff,HNWI,Other,Weekend,13.429,0.0080018
8943acc1973ffff,Potential Car Buyers,After noon,Weekday,8.794,0.005197
8943acc1973ffff,Potential Car Buyers,After noon,Weekend,8.24,0.00486973
8943acc1973ffff,Potential Car Buyers,Morning,Weekday,16.123,0.010083
8943acc1973ffff,Potential Car Buyers,Morning,Weekend,10.916,0.00682693
8943acc1973ffff,Potential Car Buyers,Night,Weekday,8.059,0.004707
8943acc1973ffff,Potential Car Buyers,Night,Weekend,10.2,0.00595757
8943acc1973ffff,Potential Car Buyers,Noon,Weekday,21.898,0.013933
8943acc1973ffff,Potential Car Buyers,Noon,Weekend,12.447,0.00791982
8943acc1973ffff,Potential Car Buyers,Other,Weekday,25.978,0.016653
8943acc1973ffff,Potential Car Buyers,Other,Weekend,24.359,0.0156149
8943acc1997ffff,Families,After noon,Weekday,4.027,0.002019
8943acc1997ffff,Families,After noon,Weekend,4.506,0.00225907
8943acc1997ffff,Families,Morning,Weekday,6.508,0.003673
8943acc1997ffff,Families,Morning,Weekend,3.905,0.00220409
8943acc1997ffff,Families,Night,Weekday,3.292,0.001529
8943acc1997ffff,Families,Night,Weekend,3.849,0.00178749
8943acc1997ffff,Families,Noon,Weekday,27.142,0.017429
8943acc1997ffff,Families,Noon,Weekend,34.122,0.0219109
8943acc1997ffff,Families,Other,Weekday,21.211,0.013475
8943acc1997ffff,Families,Other,Weekend,14.261,0.00905978
8943acc1997ffff,HNWI,After noon,Weekday,11.476,0.006985
8943acc1997ffff,HNWI,After noon,Weekend,7.067,0.0043017
8943acc1997ffff,HNWI,Morning,Weekday,18.805,0.011871
8943acc1997ffff,HNWI,Morning,Weekend,10.858,0.00685415
8943acc1997ffff,HNWI,Night,Weekday,1.216,0.000145
8943acc1997ffff,HNWI,Night,Weekend,1.385,0.000165141
8943acc1997ffff,HNWI,Noon,Weekday,10.207,0.006139
8943acc1997ffff,HNWI,Noon,Weekend,12.53,0.00753605
8943acc1997ffff,HNWI,Other,Weekday,19.135,0.012091
8943acc1997ffff,HNWI,Other,Weekend,20.406,0.0128938
8943acc1997ffff,Potential Car Buyers,After noon,Weekday,5.377,0.002919
8943acc1997ffff,Potential Car Buyers,After noon,Weekend,7.232,0.00392614
8943acc1997ffff,Potential Car Buyers,Morning,Weekday,22.231,0.014155
8943acc1997ffff,Potential Car Buyers,Morning,Weekend,25.631,0.0163196
8943acc1997ffff,Potential Car Buyers,Night,Weekday,4.642,0.002429
8943acc1997ffff,Potential Car Buyers,Night,Weekend,6.069,0.0031758
8943acc1997ffff,Potential Car Buyers,Noon,Weekday,18.481,0.011655
8943acc1997ffff,Potential Car Buyers,Noon,Weekend,16.47,0.0103868
8943acc1997ffff,Potential Car Buyers,Other,Weekday,22.561,0.014375
8943acc1997ffff,Potential Car Buyers,Other,Weekend,28.109,0.0179099
8943acc19a3ffff,Families,After noon,Weekday,4.687,0.002459
8943acc19a3ffff,Families,After noon,Weekend,4.643,0.00243592
8943acc19a3ffff,Families,Morning,Weekday,12.016,0.007345
8943acc19a3ffff,Families,Morning,Weekend,15.607,0.00954033
8943acc19a3ffff,Families,Night,Weekday,24.427,0.015619
8943acc19a3ffff,Families,Night,Weekend,30.354,0.0194089
8943acc19a3ffff,Families,Noon,Weekday,27.802,0.017869
8943acc19a3ffff,Families,Noon,Weekend,38.544,0.0247733
8943acc19a3ffff,Families,Other,Weekday,12.346,0.007565
8943acc19a3ffff,Families,Other,Weekend,11.072,0.00678455
8943acc19a3ffff,HNWI,After noon,Weekday,10.717,0.006479
8943acc19a3ffff,HNWI,After noon,Weekend,12.091,0.00730954
8943acc19a3ffff,HNWI,Morning,Weekday,27.571,0.017715
8943acc19a3ffff,HNWI,Morning,Weekend,16.021,0.0102938
8943acc19a3ffff,HNWI,Night,Weekday,9.982,0.005989
8943acc19a3ffff,HNWI,Night,Weekend,11.369,0.00682091
8943acc19a3ffff,HNWI,Noon,Weekday,23.821,0.015215
8943acc19a3ffff,HNWI,Noon,Weekend,25.197,0.0160941
8943acc19a3ffff,HNWI,Other,Weekday,27.901,0.017935
8943acc19a3ffff,HNWI,Other,Weekend,21.613,0.0138928
8943acc19a3ffff,Potential Car Buyers,After noon,Weekday,24.034,0.015357
8943acc19a3ffff,Potential Car Buyers,After noon,Weekend,15.209,0.00971829
8943acc19a3ffff,Potential Car Buyers,Morning,Weekday,1.363,0.000243
8943acc19a3ffff,Potential Car Buyers,Morning,Weekend,1.469,0.000261935
8943acc19a3ffff,Potential Car Buyers,Night,Weekday,23.299,0.014867
8943acc19a3ffff,Potential Car Buyers,Night,Weekend,19.556,0.0124783
8943acc19a3ffff,Potential Car Buyers,Noon,Weekday,22.765,0.014511
8943acc19a3ffff,Potential Car Buyers,Noon,Weekend,14.141,0.00901413
8943acc19a3ffff,Potential Car Buyers,Other,Weekday,11.218,0.006813
8943acc19a3ffff,Potential Car Buyers,Other,Weekend,13.076,0.0079412
8943acc19cfffff,Families,After noon,Weekday,11.218,0.006813
8943acc19cfffff,Families,After noon,Weekend,9.217,0.00559766
8943acc19cfffff,Families,Morning,Weekday,18.547,0.011699
8943acc19cfffff,Families,Morning,Weekend,26.337,0.0166128
8943acc19cfffff,Families,Night,Weekday,10.483,0.006323
8943acc19cfffff,Families,Night,Weekend,11.126,0.00671068
8943acc19cfffff,Families,Noon,Weekday,9.949,0.005967
8943acc19cfffff,Families,Noon,Weekend,6.968,0.00417922
8943acc19cfffff,Families,Other,Weekday,28.402,0.018269
8943acc19cfffff,Families,Other,Weekend,23.291,0.0149812
8943acc19cfffff,HNWI,After noon,Weekday,12.28,0.007521
8943acc19cfffff,HNWI,After noon,Weekend,11.676,0.00715099
8943acc19cfffff,HNWI,Morning,Weekday,19.609,0.012407
8943acc19cfffff,HNWI,Morning,Weekend,16.971,0.010738
8943acc19cfffff,HNWI,Night,Weekday,2.02,0.000681
8943acc19cfffff,HNWI,Night,Weekend,2.8,0.000944102
8943acc19cfffff,HNWI,Noon,Weekday,15.859,0.009907
8943acc19cfffff,HNWI,Noon,Weekend,18.157,0.0113424
8943acc19cfffff,HNWI,Other,Weekday,19.939,0.012627
8943acc19cfffff,HNWI,Other,Weekend,24.762,0.0156816
8943acc19cfffff,Potential Car Buyers,After noon,Weekday,6.181,0.003455
8943acc19cfffff,Potential Car Buyers,After noon,Weekend,3.969,0.00221857
8943acc19cfffff,Potential Car Buyers,Morning,Weekday,13.51,0.008341
8943acc19cfffff,Potential Car Buyers,Morning,Weekend,8.477,0.00523351
8943acc19cfffff,Potential Car Buyers,Night,Weekday,5.446,0.002965
8943acc19cfffff,Potential Car Buyers,Night,Weekend,4.266,0.00232242
8943acc19cfffff,Potential Car Buyers,Noon,Weekday,19.285,0.012191
8943acc19cfffff,Potential Car Buyers,Noon,Weekend,15.675,0.00990925
8943acc19cfffff,Potential Car Buyers,Other,Weekday,23.365,0.014911
8943acc19cfffff,Potential Car Buyers,Other,Weekend,21.422,0.0136712
8943acc1a1bffff,Families,After noon,Weekday,7.801,0.004535
8943acc1a1bffff,Families,After noon,Weekend,9.826,0.0057122
8943acc1a1bffff,Families,Morning,Weekday,10.282,0.006189
8943acc1a1bffff,Families,Morning,Weekend,7.604,0.00457674
8943acc1a1bffff,Families,Night,Weekday,7.066,0.004045
8943acc1a1bffff,Families,Night,Weekend,9.565,0.00547563
8943acc1a1bffff,Families,Noon,Weekday,20.905,0.013271
8943acc1a1bffff,Families,Noon,Weekend,16.649,0.0105692
8943acc1a1bffff,Families,Other,Weekday,24.985,0.015991
8943acc1a1bffff,Families,Other,Weekend,18.857,0.012069
8943acc1a1bffff,HNWI,After noon,Weekday,16.969,0.010647
8943acc1a1bffff,HNWI,After noon,Weekend,22.415,0.0140642
8943acc1a1bffff,HNWI,Morning,Weekday,19.45,0.012301
8943acc1a1bffff,HNWI,Morning,Weekend,20.746,0.0131209
8943acc1a1bffff,HNWI,Night,Weekday,1.861,0.000575
8943acc1a1bffff,HNWI,Night,Weekend,2.067,0.000638796
8943acc1a1bffff,HNWI,Noon,Weekday,15.7,0.009801
8943acc1a1bffff,HNWI,Noon,Weekend,18.622,0.0116252
8943acc1a1bffff,HNWI,Other,Weekday,19.78,0.012521
8943acc1a1bffff,HNWI,Other,Weekend,20.968,0.0132731
8943acc1a1bffff,Potential Car Buyers,After noon,Weekday,6.022,0.003349
8943acc1a1bffff,Potential Car Buyers,After noon,Weekend,5.797,0.00322376
8943acc1a1bffff,Potential Car Buyers,Morning,Weekday,13.351,0.008235
8943acc1a1bffff,Potential Car Buyers,Morning,Weekend,13.386,0.0082564
8943acc1a1bffff,Potential Car Buyers,Night,Weekday,5.287,0.002859
8943acc1a1bffff,Potential Car Buyers,Night,Weekend,6.481,0.0035048
8943acc1a1bffff,Potential Car Buyers,Noon,Weekday,13.51,0.008341
8943acc1a1bffff,Potential Car Buyers,Noon,Weekend,15.856,0.00978933
8943acc1a1bffff,Potential Car Buyers,Other,Weekday,23.206,0.014805
8943acc1a1bffff,Potential Car Buyers,Other,Weekend,13.138,0.00838149
8943acc1a2bffff,Families,After noon,Weekday,12.601,0.007735
8943acc1a2bffff,Families,After noon,Weekend,16.556,0.0101625
8943acc1a2bffff,Families,Morning,Weekday,19.93,0.012621
8943acc1a2bffff,Families,Morning,Weekend,22.379,0.0141718
8943acc1a2bffff,Families,Night,Weekday,16.714,0.010477
8943acc1a2bffff,Families,Night,Weekend,10.444,0.00654676
8943acc1a2bffff,Families,Noon,Weekday,20.089,0.012727
8943acc1a2bffff,Families,Noon,Weekend,13.551,0.00858486
8943acc1a2bffff,Families,Other,Weekday,4.633,0.002423
8943acc1a2bffff,Families,Other,Weekend,5.177,0.00270776
8943acc1a2bffff,HNWI,After noon,Weekday,3.004,0.001337
8943acc1a2bffff,HNWI,After noon,Weekend,4.344,0.00193359
8943acc1a2bffff,HNWI,Morning,Weekday,5.485,0.002991
8943acc1a2bffff,HNWI,Morning,Weekend,5.046,0.00275182
8943acc1a2bffff,HNWI,Night,Weekday,17.896,0.011265
8943acc1a2bffff,HNWI,Night,Weekend,13.527,0.00851455
8943acc1a2bffff,HNWI,Noon,Weekday,1.735,0.000491
8943acc1a2bffff,HNWI,Noon,Weekend,1.854,0.000524678
8943acc1a2bffff,HNWI,Other,Weekday,5.815,0.003211
8943acc1a2bffff,HNWI,Other,Weekend,3.526,0.00194706
8943acc1a2bffff,Potential Car Buyers,After noon,Weekday,16.321,0.010215
8943acc1a2bffff,Potential Car Buyers,After noon,Weekend,21.382,0.0133826
8943acc1a2bffff,Potential Car Buyers,Morning,Weekday,18.802,0.011869
8943acc1a2bffff,Potential Car Buyers,Morning,Weekend,22.74,0.014355
8943acc1a2bffff,Potential Car Buyers,Night,Weekday,1.213,0.000143
8943acc1a2bffff,Potential Car Buyers,Night,Weekend,1.682,0.000198297
8943acc1a2bffff,Potential Car Buyers,Noon,Weekday,15.052,0.009369
8943acc1a2bffff,Potential Car Buyers,Noon,Weekend,10.209,0.00635464
8943acc1a2bffff,Potential Car Buyers,Other,Weekday,19.132,0.012089
8943acc1a2bffff,Potential Car Buyers,Other,Weekend,21.814,0.0137838
8943acc1b93ffff,Families,After noon,Weekday,27.811,0.017875
8943acc1b93ffff,Families,After noon,Weekend,23.994,0.0154218
8943acc1b93ffff,Families,Morning,Weekday,30.292,0.019529
8943acc1b93ffff,Families,Morning,Weekend,30.151,0.0194382
8943acc1b93ffff,Families,Night,Weekday,12.703,0.007803
8943acc1b93ffff,Families,Night,Weekend,9.576,0.00588223
8943acc1b93ffff,Families,Noon,Weekday,26.542,0.017029
8943acc1b93ffff,Families,Noon,Weekend,32.541,0.0208782
8943acc1b93ffff,Families,Other,Weekday,30.622,0.019749
8943acc1b93ffff,Families,Other,Weekend,37.488,0.0241771
8943acc1b93ffff,HNWI,After noon,Weekday,10.876,0.006585
8943acc1b93ffff,HNWI,After noon,Weekend,14.275,0.00864301
8943acc1b93ffff,HNWI,Morning,Weekday,12.589,0.007727
8943acc1b93ffff,HNWI,Morning,Weekend,12.293,0.00754509
8943acc1b93ffff,HNWI,Night,Weekday,30.616,0.019745
8943acc1b93ffff,HNWI,Night,Weekend,31.625,0.0203956
8943acc1b93ffff,HNWI,Noon,Weekday,3.991,0.001995
8943acc1b93ffff,HNWI,Noon,Weekend,4.25,0.00212462
8943acc1b93ffff,HNWI,Other,Weekday,18.535,0.011691
8943acc1b93ffff,HNWI,Other,Weekend,19.413,0.012245
8943acc1b93ffff,Potential Car Buyers,After noon,Weekday,29.161,0.018775
8943acc1b93ffff,Potential Car Buyers,After noon,Weekend,23.517,0.0151412
8943acc1b93ffff,Potential Car Buyers,Morning,Weekday,16.015,0.010011
8943acc1b93ffff,Potential Car Buyers,Morning,Weekend,17.055,0.0106609
8943acc1b93ffff,Potential Car Buyers,Night,Weekday,4.042,0.002029
8943acc1b93ffff,Potential Car Buyers,Night,Weekend,2.355,0.00118229
8943acc1b93ffff,Potential Car Buyers,Noon,Weekday,12.265,0.007511
8943acc1b93ffff,Potential Car Buyers,Noon,Weekend,14.853,0.00909591
8943acc1b93ffff,Potential Car Buyers,Other,Weekday,21.961,0.013975
8943acc1b93ffff,Potential Car Buyers,Other,Weekend,24.391,0.0155215
8943acc1bb3ffff,Families,After noon,Weekday,2.989,0.001327
8943acc1bb3ffff,Families,After noon,Weekend,2.34,0.00103872
8943acc1bb3ffff,Families,Morning,Weekday,5.47,0.002981
8943acc1bb3ffff,Families,Morning,Weekend,4.809,0.00262063
8943acc1bb3ffff,Families,Night,Weekday,2.254,0.000837
8943acc1bb3ffff,Families,Night,Weekend,1.862,0.000691282
8943acc1bb3ffff,Families,Noon,Weekday,1.72,0.000481
8943acc1bb3ffff,Families,Noon,Weekend,1.553,0.000434214
8943acc1bb3ffff,Families,Other,Weekday,20.173,0.012783
8943acc1bb3ffff,Families,Other,Weekend,15.184,0.00962178
8943acc1bb3ffff,HNWI,After noon,Weekday,27.784,0.017857
8943acc1bb3ffff,HNWI,After noon,Weekend,23.593,0.0151634
8943acc1bb3ffff,HNWI,Morning,Weekday,14.638,0.009093
8943acc1bb3ffff,HNWI,Morning,Weekend,11.35,0.00705067
8943acc1bb3ffff,HNWI,Night,Weekday,27.049,0.017367
8943acc1bb3ffff,HNWI,Night,Weekend,15.81,0.0101507
8943acc1bb3ffff,HNWI,Noon,Weekday,10.888,0.006593
8943acc1bb3ffff,HNWI,Noon,Weekend,7.703,0.00466411
8943acc1bb3ffff,HNWI,Other,Weekday,14.968,0.009313
8943acc1bb3ffff,HNWI,Other,Weekend,18.25,0.0113552
8943acc1bb3ffff,Potential Car Buyers,After noon,Weekday,1.21,0.000141
8943acc1bb3ffff,Potential Car Buyers,After noon,Weekend,1.581,0.000184253
8943acc1bb3ffff,Potential Car Buyers,Morning,Weekday,8.539,0.005027
8943acc1bb3ffff,Potential Car Buyers,Morning,Weekend,5.978,0.00351925
8943acc1bb3ffff,Potential Car Buyers,Night,Weekday,30.475,0.019651
8943acc1bb3ffff,Potential Car Buyers,Night,Weekend,29.925,0.0192966
8943acc1bb3ffff,Potential Car Buyers,Noon,Weekday,8.698,0.005133
8943acc1bb3ffff,Potential Car Buyers,Noon,Weekend,8.759,0.0051688
8943acc1bb3ffff,Potential Car Buyers,Other,Weekday,18.394,0.011597
8943acc1bb3ffff,Potential Car Buyers,Other,Weekend,17.108,0.0107865
8943acc1c0fffff,Families,After noon,Weekday,10.276,0.006185
8943acc1c0fffff,Families,After noon,Weekend,9.047,0.00544556
8943acc1c0fffff,Families,Morning,Weekday,12.757,0.007839
8943acc1c0fffff,Families,Morning,Weekend,8.427,0.00517823
8943acc1c0fffff,Families,Night,Weekday,9.541,0.005695
8943acc1c0fffff,Families,Night,Weekend,13.029,0.00777711
8943acc1c0fffff,Families,Noon,Weekday,9.007,0.005339
8943acc1c0fffff,Families,Noon,Weekend,10.507,0.00622807
8943acc1c0fffff,Families,Other,Weekday,27.46,0.017641
8943acc1c0fffff,Families,Other,Weekend,26.576,0.0170734
8943acc1c0fffff,HNWI,After noon,Weekday,5.071,0.002715
8943acc1c0fffff,HNWI,After noon,Weekend,4.305,0.00230467
8943acc1c0fffff,HNWI,Morning,Weekday,21.925,0.013951
8943acc1c0fffff,HNWI,Morning,Weekend,13.667,0.0086965
8943acc1c0fffff,HNWI,Night,Weekday,4.336,0.002225
8943acc1c0fffff,HNWI,Night,Weekend,4.045,0.00207556
8943acc1c0fffff,HNWI,Noon,Weekday,18.175,0.011451
8943acc1c0fffff,HNWI,Noon,Weekend,13.974,0.00880421
8943acc1c0fffff,HNWI,Other,Weekday,22.255,0.014171
8943acc1c0fffff,HNWI,Other,Weekend,24.62,0.0156767
8943acc1c0fffff,Potential Car Buyers,After noon,Weekday,8.497,0.004999
8943acc1c0fffff,Potential Car Buyers,After noon,Weekend,9.972,0.00586658
8943acc1c0fffff,Potential Car Buyers,Morning,Weekday,15.826,0.009885
8943acc1c0fffff,Potential Car Buyers,Morning,Weekend,12.406,0.00774854
8943acc1c0fffff,Potential Car Buyers,Night,Weekday,7.762,0.004509
8943acc1c0fffff,Potential Car Buyers,Night,Weekend,8.403,0.00488119
8943acc1c0fffff,Potential Car Buyers,Noon,Weekday,7.228,0.004153
8943acc1c0fffff,Potential Car Buyers,Noon,Weekend,5.133,0.00294907
8943acc1c0fffff,Potential Car Buyers,Other,Weekday,25.681,0.016455
8943acc1c0fffff,Potential Car Buyers,Other,Weekend,22.12,0.0141732
8943acc1ca7ffff,Families,After noon,Weekday,8.929,0.005287
8943acc1ca7ffff,Families,After noon,Weekend,11.067,0.00655322
8943acc1ca7ffff,Families,Morning,Weekday,16.258,0.010173
8943acc1ca7ffff,Families,Morning,Weekend,9.34,0.00584451
8943acc1ca7ffff,Families,Night,Weekday,28.669,0.018447
8943acc1ca7ffff,Families,Night,Weekend,22.456,0.0144495
8943acc1ca7ffff,Families,Noon,Weekday,7.66,0.004441
8943acc1ca7ffff,Families,Noon,Weekend,4.954,0.00287207
8943acc1ca7ffff,Families,Other,Weekday,16.588,0.010393
8943acc1ca7ffff,Families,Other,Weekend,23.299,0.0145977
8943acc1ca7ffff,HNWI,After noon,Weekday,20.575,0.013051
8943acc1ca7ffff,HNWI,After noon,Weekend,13.704,0.00869245
8943acc1ca7ffff,HNWI,Morning,Weekday,7.429,0.004287
8943acc1ca7ffff,HNWI,Morning,Weekend,9.008,0.00519829
8943acc1ca7ffff,HNWI,Night,Weekday,19.84,0.012561
8943acc1ca7ffff,HNWI,Night,Weekend,11.043,0.00699141
8943acc1ca7ffff,HNWI,Noon,Weekday,3.679,0.001787
8943acc1ca7ffff,HNWI,Noon,Weekend,2.902,0.00140982
8943acc1ca7ffff,HNWI,Other,Weekday,7.759,0.004507
8943acc1ca7ffff,HNWI,Other,Weekend,7.585,0.00440578
8943acc1ca7ffff,Potential Car Buyers,After noon,Weekday,11.998,0.007333
8943acc1ca7ffff,Potential Car Buyers,After noon,Weekend,9.04,0.00552523
8943acc1ca7ffff,Potential Car Buyers,Morning,Weekday,14.479,0.008987
8943acc1ca7ffff,Potential Car Buyers,Morning,Weekend,19.867,0.0123314
8943acc1ca7ffff,Potential Car Buyers,Night,Weekday,11.263,0.006843
8943acc1ca7ffff,Potential Car Buyers,Night,Weekend,12.164,0.00739022
8943acc1ca7ffff,Potential Car Buyers,Noon,Weekday,10.729,0.006487
8943acc1ca7ffff,Potential Car Buyers,Noon,Weekend,15.516,0.00938163
8943acc1ca7ffff,Potential Car Buyers,Other,Weekday,29.182,0.018789
8943acc1ca7ffff,Potential Car Buyers,Other,Weekend,19.936,0.0128359
8943acc1d77ffff,Families,After noon,Weekday,3.436,0.001625
8943acc1d77ffff,Families,After noon,Weekend,3.102,0.00146686
8943acc1d77ffff,Families,Morning,Weekday,10.765,0.006511
8943acc1d77ffff,Families,Morning,Weekend,7.046,0.00426158
8943acc1d77ffff,Families,Night,Weekday,2.701,0.001135
8943acc1d77ffff,Families,Night,Weekend,3.28,0.00137832
8943acc1d77ffff,Families,Noon,Weekday,16.54,0.010361
8943acc1d77ffff,Families,Noon,Weekend,16.956,0.0106215
8943acc1d77ffff,Families,Other,Weekday,20.62,0.013081
8943acc1d77ffff,Families,Other,Weekend,16.174,0.0102608
8943acc1d77ffff,HNWI,After noon,Weekday,4.498,0.002333
8943acc1d77ffff,HNWI,After noon,Weekend,5.817,0.00301711
8943acc1d77ffff,HNWI,Morning,Weekday,11.827,0.007219
8943acc1d77ffff,HNWI,Morning,Weekend,15.51,0.00946681
8943acc1d77ffff,HNWI,Night,Weekday,24.238,0.015493
8943acc1d77ffff,HNWI,Night,Weekend,20.475,0.0130879
8943acc1d77ffff,HNWI,Noon,Weekday,8.077,0.004719
8943acc1d77ffff,HNWI,Noon,Weekend,8.603,0.0050264
8943acc1d77ffff,HNWI,Other,Weekday,12.157,0.007439
8943acc1d77ffff,HNWI,Other,Weekend,11.273,0.0068983
8943acc1d77ffff,Potential Car Buyers,After noon,Weekday,28.399,0.018267
8943acc1d77ffff,Potential Car Buyers,After noon,Weekend,40.21,0.0258643
8943acc1d77ffff,Potential Car Buyers,Morning,Weekday,15.253,0.009503
8943acc1d77ffff,Potential Car Buyers,Morning,Weekend,19.147,0.011929
8943acc1d77ffff,Potential Car Buyers,Night,Weekday,27.664,0.017777
8943acc1d77ffff,Potential Car Buyers,Night,Weekend,17.485,0.0112358
8943acc1d77ffff,Potential Car Buyers,Noon,Weekday,11.503,0.007003
8943acc1d77ffff,Potential Car Buyers,Noon,Weekend,14.401,0.00876714
8943acc1d77ffff,Potential Car Buyers,Other,Weekday,15.583,0.009723
8943acc1d77ffff,Potential Car Buyers,Other,Weekend,20.13,0.0125598
8943acc1e4bffff,Families,After noon,Weekday,9.208,0.005473
8943acc1e4bffff,Families,After noon,Weekend,9.473,0.00563062
8943acc1e4bffff,Families,Morning,Weekday,11.689,0.007127
8943acc1e4bffff,Families,Morning,Weekend,6.924,0.00422175
8943acc1e4bffff,Families,Night,Weekday,14.089,0.008727
8943acc1e4bffff,Families,Night,Weekend,10.339,0.00640435
8943acc1e4bffff,Families,Noon,Weekday,17.464,0.010977
8943acc1e4bffff,Families,Noon,Weekend,13.693,0.00860692
8943acc1e4bffff,Families,Other,Weekday,2.008,0.000673
8943acc1e4bffff,Families,Other,Weekend,1.423,0.000476898
8943acc1e4bffff,HNWI,After noon,Weekday,18.376,0.011585
8943acc1e4bffff,HNWI,After noon,Weekend,13.486,0.00850229
8943acc1e4bffff,HNWI,Morning,Weekday,20.857,0.013239
8943acc1e4bffff,HNWI,Morning,Weekend,17.657,0.0112081
8943acc1e4bffff,HNWI,Night,Weekday,8.884,0.005257
8943acc1e4bffff,HNWI,Night,Weekend,6.0,0.00355016
8943acc1e4bffff,HNWI,Noon,Weekday,17.107,0.010739
8943acc1e4bffff,HNWI,Noon,Weekend,16.931,0.0106283
8943acc1e4bffff,HNWI,Other,Weekday,26.803,0.017203
8943acc1e4bffff,HNWI,Other,Weekend,36.049,0.0231372
8943acc1e4bffff,Potential Car Buyers,After noon,Weekday,7.429,0.004287
8943acc1e4bffff,Potential Car Buyers,After noon,Weekend,8.331,0.00480725
8943acc1e4bffff,Potential Car Buyers,Morning,Weekday,14.758,0.009173
8943acc1e4bffff,Potential Car Buyers,Morning,Weekend,14.496,0.00901029
8943acc1e4bffff,Potential Car Buyers,Night,Weekday,6.694,0.003797
8943acc1e4bffff,Potential Car Buyers,Night,Weekend,6.069,0.00344272
8943acc1e4bffff,Potential Car Buyers,Noon,Weekday,20.533,0.013023
8943acc1e4bffff,Potential Car Buyers,Noon,Weekend,13.028,0.00826298
8943acc1e4bffff,Potential Car Buyers,Other,Weekday,24.613,0.015743
8943acc1e4bffff,Potential Car Buyers,Other,Weekend,22.995,0.0147081
8943acc1eb7ffff,Families,After noon,Weekday,24.163,0.015443
8943acc1eb7ffff,Families,After noon,Weekend,14.864,0.00950001
8943acc1eb7ffff,Families,Morning,Weekday,11.017,0.006679
8943acc1eb7ffff,Families,Morning,Weekend,12.177,0.00738209
8943acc1eb7ffff,Families,Night,Weekday,23.428,0.014953
8943acc1eb7ffff,Families,Night,Weekend,31.352,0.0200104
8943acc1eb7ffff,Families,Noon,Weekday,7.267,0.004179
8943acc1eb7ffff,Families,Noon,Weekend,5.258,0.00302342
8943acc1eb7ffff,Families,Other,Weekday,11.347,0.006899
8943acc1eb7ffff,Families,Other,Weekend,8.42,0.00511923
8943acc1eb7ffff,HNWI,After noon,Weekday,15.334,0.009557
8943acc1eb7ffff,HNWI,After noon,Weekend,10.791,0.00672561
8943acc1eb7ffff,HNWI,Morning,Weekday,22.663,0.014443
8943acc1eb7ffff,HNWI,Morning,Weekend,28.296,0.0180327
8943acc1eb7ffff,HNWI,Night,Weekday,14.599,0.009067
8943acc1eb7ffff,HNWI,Night,Weekend,19.342,0.0120129
8943acc1eb7ffff,HNWI,Noon,Weekday,8.449,0.004967
8943acc1eb7ffff,HNWI,Noon,Weekend,10.732,0.00630915
8943acc1eb7ffff,HNWI,Other,Weekday,2.518,0.001013
8943acc1eb7ffff,HNWI,Other,Weekend,3.202,0.001288
8943acc1eb7ffff,Potential Car Buyers,After noon,Weekday,28.651,0.018435
8943acc1eb7ffff,Potential Car Buyers,After noon,Weekend,41.522,0.0267168
8943acc1eb7ffff,Potential Car Buyers,Morning,Weekday,5.98,0.003321
8943acc1eb7ffff,Potential Car Buyers,Morning,Weekend,4.021,0.00223287
8943acc1eb7ffff,Potential Car Buyers,Night,Weekday,18.391,0.011595
8943acc1eb7ffff,Potential Car Buyers,Night,Weekend,24.889,0.0156919
8943acc1eb7ffff,Potential Car Buyers,Noon,Weekday,21.766,0.013845
8943acc1eb7ffff,Potential Car Buyers,Noon,Weekend,13.985,0.00889543
8943acc1eb7ffff,Potential Car Buyers,Other,Weekday,6.31,0.003541
8943acc1eb7ffff,Potential Car Buyers,Other,Weekend,4.949,0.00277716
8943accb487ffff,Families,After noon,Weekday,10.171,0.006115
8943accb487ffff,Families,After noon,Weekend,10.347,0.00622078
8943accb487ffff,Families,Morning,Weekday,12.652,0.007769
8943accb487ffff,Families,Morning,Weekend,7.01,0.00430474
8943accb487ffff,Families,Night,Weekday,25.063,0.016043
8943accb487ffff,Families,Night,Weekend,23.191,0.0148445
8943accb487ffff,Families,Noon,Weekday,3.286,0.001525
8943accb487ffff,Families,Noon,Weekend,2.323,0.00107813
8943accb487ffff,Families,Other,Weekday,12.982,0.007989
8943accb487ffff,Families,Other,Weekend,10.14,0.00624017
8943accb487ffff,HNWI,After noon,Weekday,11.353,0.006903
8943accb487ffff,HNWI,After noon,Weekend,15.382,0.00935299
8943accb487ffff,HNWI,Morning,Weekday,28.207,0.018139
8943accb487ffff,HNWI,Morning,Weekend,19.371,0.0124571
8943accb487ffff,HNWI,Night,Weekday,15.466,0.009645
8943accb487ffff,HNWI,Night,Weekend,22.297,0.0139051
8943accb487ffff,HNWI,Noon,Weekday,24.457,0.015639
8943accb487ffff,HNWI,Noon,Weekend,19.486,0.0124606
8943accb487ffff,HNWI,Other,Weekday,28.537,0.018359
8943accb487ffff,HNWI,Other,Weekend,25.206,0.0162158
8943accb487ffff,Potential Car Buyers,After noon,Weekday,11.521,0.007015
8943accb487ffff,Potential Car Buyers,After noon,Weekend,9.715,0.00591512
8943accb487ffff,Potential Car Buyers,Morning,Weekday,18.85,0.011901
8943accb487ffff,Potential Car Buyers,Morning,Weekend,19.597,0.0123725
8943accb487ffff,Potential Car Buyers,Night,Weekday,10.786,0.006525
8943accb487ffff,Potential Car Buyers,Night,Weekend,9.63,0.00582586
8943accb487ffff,Potential Car Buyers,Noon,Weekday,24.625,0.015751
8943accb487ffff,Potential Car Buyers,Noon,Weekend,23.096,0.014773
8943accb487ffff,Potential Car Buyers,Other,Weekday,28.705,0.018471
8943accb487ffff,Potential Car Buyers,Other,Weekend,36.272,0.02334
8943accb697ffff,Families,After noon,Weekday,22.486,0.014325
8943accb697ffff,Families,After noon,Weekend,14.869,0.00947241
8943accb697ffff,Families,Morning,Weekday,29.815,0.019211
8943accb697ffff,Families,Morning,Weekend,18.099,0.0116619
8943accb697ffff,Families,Night,Weekday,21.751,0.013835
8943accb697ffff,Families,Night,Weekend,28.081,0.0178613
8943accb697ffff,Families,Noon,Weekday,26.065,0.016711
8943accb697ffff,Families,Noon,Weekend,33.425,0.0214297
8943accb697ffff,Families,Other,Weekday,9.67,0.005781
8943accb697ffff,Families,Other,Weekend,9.698,0.00579756
8943accb697ffff,HNWI,After noon,Weekday,22.129,0.014087
8943accb697ffff,HNWI,After noon,Weekend,13.081,0.00832689
8943accb697ffff,HNWI,Morning,Weekday,8.983,0.005323
8943accb697ffff,HNWI,Morning,Weekend,6.701,0.00397099
8943accb697ffff,HNWI,Night,Weekday,21.394,0.013597
8943accb697ffff,HNWI,Night,Weekend,27.657,0.0175773
8943accb697ffff,HNWI,Noon,Weekday,30.385,0.019591
8943accb697ffff,HNWI,Noon,Weekend,23.137,0.014918
8943accb697ffff,HNWI,Other,Weekday,9.313,0.005543
8943accb697ffff,HNWI,Other,Weekend,13.078,0.00778409
8943accb697ffff,Potential Car Buyers,After noon,Weekday,25.555,0.016371
8943accb697ffff,Potential Car Buyers,After noon,Weekend,29.794,0.0190864
8943accb697ffff,Potential Car Buyers,Morning,Weekday,28.036,0.018025
8943accb697ffff,Potential Car Buyers,Morning,Weekend,34.404,0.0221188
8943accb697ffff,Potential Car Buyers,Night,Weekday,24.82,0.015881
8943accb697ffff,Potential Car Buyers,Night,Weekend,31.615,0.0202285
8943accb697ffff,Potential Car Buyers,Noon,Weekday,24.286,0.015525
8943accb697ffff,Potential Car Buyers,Noon,Weekend,32.767,0.0209468
8943accb697ffff,Potential Car Buyers,Other,Weekday,12.739,0.007827
8943accb697ffff,Potential Car Buyers,Other,Weekend,16.239,0.00997714
8943accb6c3ffff,Families,After noon,Weekday,16.462,0.010309
8943accb6c3ffff,Families,After noon,Weekend,18.57,0.0116294
8943accb6c3ffff,Families,Morning,Weekday,18.943,0.011963
8943accb6c3ffff,Families,Morning,Weekend,19.56,0.0123529
8943accb6c3ffff,Families,Night,Weekday,15.727,0.009819
8943accb6c3ffff,Families,Night,Weekend,13.659,0.00852794
8943accb6c3ffff,Families,Noon,Weekday,15.193,0.009463
8943accb6c3ffff,Families,Noon,Weekend,15.224,0.00948215
8943accb6c3ffff,Families,Other,Weekday,3.646,0.001765
8943accb6c3ffff,Families,Other,Weekend,2.707,0.00131028
8943accb6c3ffff,HNWI,After noon,Weekday,2.017,0.000679
8943accb6c3ffff,HNWI,After noon,Weekend,2.916,0.000981769
8943accb6c3ffff,HNWI,Morning,Weekday,9.346,0.005565
8943accb6c3ffff,HNWI,Morning,Weekend,5.646,0.00336167
8943accb6c3ffff,HNWI,Night,Weekday,27.373,0.017583
8943accb6c3ffff,HNWI,Night,Weekend,37.362,0.0239996
8943accb6c3ffff,HNWI,Noon,Weekday,30.748,0.019833
8943accb6c3ffff,HNWI,Noon,Weekend,35.528,0.0229164
8943accb6c3ffff,HNWI,Other,Weekday,15.292,0.009529
8943accb6c3ffff,HNWI,Other,Weekend,10.559,0.00657984
8943accb6c3ffff,Potential Car Buyers,After noon,Weekday,25.918,0.016613
8943accb6c3ffff,Potential Car Buyers,After noon,Weekend,32.149,0.0206073
8943accb6c3ffff,Potential Car Buyers,Morning,Weekday,12.772,0.007849
8943accb6c3ffff,Potential Car Buyers,Morning,Weekend,15.688,0.00964099
8943accb6c3ffff,Potential Car Buyers,Night,Weekday,25.183,0.016123
8943accb6c3ffff,Potential Car Buyers,Night,Weekend,36.341,0.0232668
8943accb6c3ffff,Potential Car Buyers,Noon,Weekday,4.174,0.002117
8943accb6c3ffff,Potential Car Buyers,Noon,Weekend,5.297,0.00268682
8943accb6c3ffff,Potential Car Buyers,Other,Weekday,13.102,0.008069
8943accb6c3ffff,Potential Car Buyers,Other,Weekend,8.609,0.00530203
8943acce473ffff,Families,After noon,Weekday,16.516,0.010345
8943acce473ffff,Families,After noon,Weekend,22.153,0.013876
8943acce473ffff,Families,Morning,Weekday,18.997,0.011999
8943acce473ffff,Families,Morning,Weekend,25.902,0.0163602
8943acce473ffff,Families,Night,Weekday,1.408,0.000273
8943acce473ffff,Families,Night,Weekend,2.007,0.000389143
8943acce473ffff,Families,Noon,Weekday,15.247,0.009499
8943acce473ffff,Families,Noon,Weekend,14.329,0.00892697
8943acce473ffff,Families,Other,Weekday,19.327,0.012219
8943acce473ffff,Families,Other,Weekend,11.231,0.00710079
8943acce473ffff,HNWI,After noon,Weekday,17.698,0.011133
8943acce473ffff,HNWI,After noon,Weekend,23.45,0.0147514
8943acce473ffff,HNWI,Morning,Weekday,4.552,0.002369
8943acce473ffff,HNWI,Morning,Weekend,3.575,0.00186047
8943acce473ffff,HNWI,Night,Weekday,27.427,0.017619
8943acce473ffff,HNWI,Night,Weekend,19.429,0.012481
8943acce473ffff,HNWI,Noon,Weekday,30.802,0.019869
8943acce473ffff,HNWI,Noon,Weekend,36.026,0.023239
8943acce473ffff,HNWI,Other,Weekday,15.346,0.009565
8943acce473ffff,HNWI,Other,Weekend,16.253,0.0101304
8943acce473ffff,Potential Car Buyers,After noon,Weekday,14.737,0.009159
8943acce473ffff,Potential Car Buyers,After noon,Weekend,14.791,0.00919248
8943acce473ffff,Potential Car Buyers,Morning,Weekday,22.066,0.014045
8943acce473ffff,Potential Car Buyers,Morning,Weekend,14.488,0.00922151
8943acce473ffff,Potential Car Buyers,Night,Weekday,4.477,0.002319
8943acce473ffff,Potential Car Buyers,Night,Weekend,6.228,0.00322588
8943acce473ffff,Potential Car Buyers,Noon,Weekday,7.852,0.004569
8943acce473ffff,Potential Car Buyers,Noon,Weekend,5.831,0.00339291
8943acce473ffff,Potential Car Buyers,Other,Weekday,22.396,0.014265
8943acce473ffff,Potential Car Buyers,Other,Weekend,28.101,0.0178988
8943acce60bffff,Families,After noon,Weekday,16.771,0.010515
8943acce60bffff,Families,After noon,Weekend,24.054,0.0150814
8943acce60bffff,Families,Morning,Weekday,19.252,0.012169
8943acce60bffff,Families,Morning,Weekend,22.87,0.0144556
8943acce60bffff,Families,Night,Weekday,16.036,0.010025
8943acce60bffff,Families,Night,Weekend,17.673,0.0110484
8943acce60bffff,Families,Noon,Weekday,15.502,0.009669
8943acce60bffff,Families,Noon,Weekend,22.079,0.0137711
8943acce60bffff,Families,Other,Weekday,3.955,0.001971
8943acce60bffff,Families,Other,Weekend,4.282,0.00213377
8943acce60bffff,HNWI,After noon,Weekday,22.801,0.014535
8943acce60bffff,HNWI,After noon,Weekend,23.783,0.0151613
8943acce60bffff,HNWI,Morning,Weekday,9.655,0.005771
8943acce60bffff,HNWI,Morning,Weekend,12.344,0.00737814
8943acce60bffff,HNWI,Night,Weekday,27.682,0.017789
8943acce60bffff,HNWI,Night,Weekend,35.889,0.0230628
8943acce60bffff,HNWI,Noon,Weekday,1.057,3.9e-05
8943acce60bffff,HNWI,Noon,Weekend,1.089,4.0194e-05
8943acce60bffff,HNWI,Other,Weekday,15.601,0.009735
8943acce60bffff,HNWI,Other,Weekend,16.096,0.0100437
8943acce60bffff,Potential Car Buyers,After noon,Weekday,14.992,0.009329
8943acce60bffff,Potential Car Buyers,After noon,Weekend,15.342,0.00954651
8943acce60bffff,Potential Car Buyers,Morning,Weekday,22.321,0.014215
8943acce60bffff,Potential Car Buyers,Morning,Weekend,30.7,0.0195513
8943acce60bffff,Potential Car Buyers,Night,Weekday,14.257,0.008839
8943acce60bffff,Potential Car Buyers,Night,Weekend,12.802,0.00793693
8943acce60bffff,Potential Car Buyers,Noon,Weekday,8.107,0.004739
8943acce60bffff,Potential Car Buyers,Noon,Weekend,5.16,0.00301634
8943acce60bffff,Potential Car Buyers,Other,Weekday,2.176,0.000785
8943acce60bffff,Potential Car Buyers,Other,Weekend,1.452,0.00052386
8943acce6abffff,Families,After noon,Weekday,21.13,0.013421
8943acce6abffff,Families,After noon,Weekend,17.141,0.0108872
8943acce6abffff,Families,Morning,Weekday,23.611,0.015075
8943acce6abffff,Families,Morning,Weekend,23.665,0.0151095
8943acce6abffff,Families,Night,Weekday,10.87,0.006581
8943acce6abffff,Families,Night,Weekend,6.959,0.00421323
8943acce6abffff,Families,Noon,Weekday,19.861,0.012575
8943acce6abffff,Families,Noon,Weekend,25.532,0.0161657
8943acce6abffff,Families,Other,Weekday,28.789,0.018527
8943acce6abffff,Families,Other,Weekend,23.463,0.0150996
8943acce6abffff,HNWI,After noon,Weekday,2.776,0.001185
8943acce6abffff,HNWI,After noon,Weekend,3.671,0.00156696
8943acce6abffff,HNWI,Morning,Weekday,5.257,0.002839
8943acce6abffff,HNWI,Morning,Weekend,3.385,0.00182826
8943acce6abffff,HNWI,Night,Weekday,2.041,0.000695
8943acce6abffff,HNWI,Night,Weekend,2.757,0.000938671
8943acce6abffff,HNWI,Noon,Weekday,15.88,0.009921
8943acce6abffff,HNWI,Noon,Weekend,14.269,0.00891436
8943acce6abffff,HNWI,Other,Weekday,19.96,0.012641
8943acce6abffff,HNWI,Other,Weekend,23.74,0.015035
8943acce6abffff,Potential Car Buyers,After noon,Weekday,19.351,0.012235
8943acce6abffff,Potential Car Buyers,After noon,Weekend,13.429,0.00849047
8943acce6abffff,Potential Car Buyers,Morning,Weekday,26.68,0.017121
8943acce6abffff,Potential Car Buyers,Morning,Weekend,15.213,0.00976251
8943acce6abffff,Potential Car Buyers,Night,Weekday,9.091,0.005395
8943acce6abffff,Potential Car Buyers,Night,Weekend,8.173,0.00485031
8943acce6abffff,Potential Car Buyers,Noon,Weekday,22.93,0.014621
8943acce6abffff,Potential Car Buyers,Noon,Weekend,30.471,0.0194297
8943acce6abffff,Potential Car Buyers,Other,Weekday,27.01,0.017341
8943acce6abffff,Potential Car Buyers,Other,Weekend,31.335,0.0201178
8943accf487ffff,Families,After noon,Weekday,29.776,0.019185
8943accf487ffff,Families,After noon,Weekend,20.398,0.0131427
8943accf487ffff,Families,Morning,Weekday,2.257,0.000839
8943accf487ffff,Families,Morning,Weekend,2.276,0.000845989
8943accf487ffff,Families,Night,Weekday,14.668,0.009113
8943accf487ffff,Families,Night,Weekend,15.101,0.00938206
8943accf487ffff,Families,Noon,Weekday,22.891,0.014595
8943accf487ffff,Families,Noon,Weekend,24.768,0.0157918
8943accf487ffff,Families,Other,Weekday,2.587,0.001059
8943accf487ffff,Families,Other,Weekend,2.253,0.000922368
8943accf487ffff,HNWI,After noon,Weekday,30.958,0.019973
8943accf487ffff,HNWI,After noon,Weekend,29.477,0.0190175
8943accf487ffff,HNWI,Morning,Weekday,17.812,0.011209
8943accf487ffff,HNWI,Morning,Weekend,11.798,0.00742412
8943accf487ffff,HNWI,Night,Weekday,30.223,0.019483
8943accf487ffff,HNWI,Night,Weekend,38.43,0.0247738
8943accf487ffff,HNWI,Noon,Weekday,14.062,0.008709
8943accf487ffff,HNWI,Noon,Weekend,8.38,0.0051899
8943accf487ffff,HNWI,Other,Weekday,18.142,0.011429
8943accf487ffff,HNWI,Other,Weekend,16.764,0.0105609
8943accf487ffff,Potential Car Buyers,After noon,Weekday,14.275,0.008851
8943accf487ffff,Potential Car Buyers,After noon,Weekend,16.973,0.0105241
8943accf487ffff,Potential Car Buyers,Morning,Weekday,21.604,0.013737
8943accf487ffff,Potential Car Buyers,Morning,Weekend,15.193,0.00966036
8943accf487ffff,Potential Car Buyers,Night,Weekday,13.54,0.008361
8943accf487ffff,Potential Car Buyers,Night,Weekend,7.541,0.00465667
8943accf487ffff,Potential Car Buyers,Noon,Weekday,13.006,0.008005
8943accf487ffff,Potential Car Buyers,Noon,Weekend,8.699,0.00535404
8943accf487ffff,Potential Car Buyers,Other,Weekday,1.459,0.000307
8943accf487ffff,Potential Car Buyers,Other,Weekend,0.954,0.000200728
8943accf557ffff,Families,After noon,Weekday,12.451,0.007635
8943accf557ffff,Families,After noon,Weekend,10.726,0.00657707
8943accf557ffff,Families,Morning,Weekday,29.305,0.018871
8943accf557ffff,Families,Morning,Weekend,25.058,0.0161363
8943accf557ffff,Families,Night,Weekday,17.332,0.010889
8943accf557ffff,Families,Night,Weekend,17.663,0.011097
8943accf557ffff,Families,Noon,Weekday,20.707,0.013139
8943accf557ffff,Families,Noon,Weekend,22.217,0.0140969
8943accf557ffff,Families,Other,Weekday,5.251,0.002835
8943accf557ffff,Families,Other,Weekend,5.724,0.00309011
8943accf557ffff,HNWI,After noon,Weekday,3.622,0.001749
8943accf557ffff,HNWI,After noon,Weekend,4.304,0.00207823
8943accf557ffff,HNWI,Morning,Weekday,10.951,0.006635
8943accf557ffff,HNWI,Morning,Weekend,15.194,0.00920556
8943accf557ffff,HNWI,Night,Weekday,2.887,0.001259
8943accf557ffff,HNWI,Night,Weekend,2.595,0.00113171
8943accf557ffff,HNWI,Noon,Weekday,2.353,0.000903
8943accf557ffff,HNWI,Noon,Weekend,2.617,0.00100417
8943accf557ffff,HNWI,Other,Weekday,20.806,0.013205
8943accf557ffff,HNWI,Other,Weekend,29.891,0.0189712
8943accf557ffff,Potential Car Buyers,After noon,Weekday,16.939,0.010627
8943accf557ffff,Potential Car Buyers,After noon,Weekend,19.628,0.0123137
8943accf557ffff,Potential Car Buyers,Morning,Weekday,24.268,0.015513
8943accf557ffff,Potential Car Buyers,Morning,Weekend,20.294,0.0129728
8943accf557ffff,Potential Car Buyers,Night,Weekday,6.679,0.003787
8943accf557ffff,Potential Car Buyers,Night,Weekend,5.136,0.00291202
8943accf557ffff,Potential Car Buyers,Noon,Weekday,15.67,0.009781
8943accf557ffff,Potential Car Buyers,Noon,Weekend,18.341,0.0114484
8943accf557ffff,Potential Car Buyers,Other,Weekday,24.598,0.015733
8943accf557ffff,Potential Car Buyers,Other,Weekend,19.939,0.0127533
8943acd9313ffff,Families,After noon,Weekday,26.224,0.016817
8943acd9313ffff,Families,After noon,Weekend,19.36,0.0124151
8943acd9313ffff,Families,Morning,Weekday,28.705,0.018471
8943acd9313ffff,Families,Morning,Weekend,33.736,0.021708
8943acd9313ffff,Families,Night,Weekday,11.116,0.006745
8943acd9313ffff,Families,Night,Weekend,13.632,0.00827176
8943acd9313ffff,Families,Noon,Weekday,24.955,0.015971
8943acd9313ffff,Families,Noon,Weekend,23.98,0.0153472
8943acd9313ffff,Families,Other,Weekday,29.035,0.018691
8943acd9313ffff,Families,Other,Weekend,20.118,0.012951
8943acd9313ffff,HNWI,After noon,Weekday,7.87,0.004581
8943acd9313ffff,HNWI,After noon,Weekend,4.373,0.00254557
8943acd9313ffff,HNWI,Morning,Weekday,10.351,0.006235
8943acd9313ffff,HNWI,Morning,Weekend,6.466,0.00389459
8943acd9313ffff,HNWI,Night,Weekday,7.135,0.004091
8943acd9313ffff,HNWI,Night,Weekend,7.383,0.00423292
8943acd9313ffff,HNWI,Noon,Weekday,10.51,0.006341
8943acd9313ffff,HNWI,Noon,Weekend,7.478,0.00451196
8943acd9313ffff,HNWI,Other,Weekday,25.054,0.016037
8943acd9313ffff,HNWI,Other,Weekend,28.062,0.0179626
8943acd9313ffff,Potential Car Buyers,After noon,Weekday,24.445,0.015631
8943acd9313ffff,Potential Car Buyers,After noon,Weekend,19.506,0.0124725
8943acd9313ffff,Potential Car Buyers,Morning,Weekday,1.774,0.000517
8943acd9313ffff,Potential Car Buyers,Morning,Weekend,2.477,0.000721782
8943acd9313ffff,Potential Car Buyers,Night,Weekday,14.185,0.008791
8943acd9313ffff,Potential Car Buyers,Night,Weekend,20.357,0.0126159
8943acd9313ffff,Potential Car Buyers,Noon,Weekday,28.024,0.018017
8943acd9313ffff,Potential Car Buyers,Noon,Weekend,26.984,0.0173483
8943acd9313ffff,Potential Car Buyers,Other,Weekday,2.104,0.000737
8943acd9313ffff,Potential Car Buyers,Other,Weekend,2.269,0.000794695
8943acd9a1bffff,Families,After noon,Weekday,30.532,0.019689
8943acd9a1bffff,Families,After noon,Weekend,20.598,0.0132831
8943acd9a1bffff,Families,Morning,Weekday,17.386,0.010925
8943acd9a1bffff,Families,Morning,Weekend,15.062,0.00946488
8943acd9a1bffff,Families,Night,Weekday,29.797,0.019199
8943acd9a1bffff,Families,Night,Weekend,19.703,0.012695
8943acd9a1bffff,Families,Noon,Weekday,13.636,0.008425
8943acd9a1bffff,Families,Noon,Weekend,14.389,0.00889004
8943acd9a1bffff,Families,Other,Weekday,17.716,0.011145
8943acd9a1bffff,Families,Other,Weekend,19.102,0.0120172
8943acd9a1bffff,HNWI,After noon,Weekday,26.551,0.017035
8943acd9a1bffff,HNWI,After noon,Weekend,18.99,0.0121837
8943acd9a1bffff,HNWI,Morning,Weekday,29.032,0.018689
8943acd9a1bffff,HNWI,Morning,Weekend,38.695,0.0249095
8943acd9a1bffff,HNWI,Night,Weekday,25.816,0.016545
8943acd9a1bffff,HNWI,Night,Weekend,18.412,0.0117998
8943acd9a1bffff,HNWI,Noon,Weekday,19.666,0.012445
8943acd9a1bffff,HNWI,Noon,Weekend,18.672,0.0118163
8943acd9a1bffff,HNWI,Other,Weekday,13.735,0.008491
8943acd9a1bffff,HNWI,Other,Weekend,14.935,0.00923314
8943acd9a1bffff,Potential Car Buyers,After noon,Weekday,24.361,0.015575
8943acd9a1bffff,Potential Car Buyers,After noon,Weekend,23.009,0.0147108
8943acd9a1bffff,Potential Car Buyers,Morning,Weekday,26.842,0.017229
8943acd9a1bffff,Potential Car Buyers,Morning,Weekend,37.556,0.0241061
8943acd9a1bffff,Potential Car Buyers,Night,Weekday,19.717,0.012479
8943acd9a1bffff,Potential Car Buyers,Night,Weekend,14.022,0.0088745
8943acd9a1bffff,Potential Car Buyers,Noon,Weekday,23.092,0.014729
8943acd9a1bffff,Potential Car Buyers,Noon,Weekend,24.707,0.0157591
8943acd9a1bffff,Potential Car Buyers,Other,Weekday,7.636,0.004425
8943acd9a1bffff,Potential Car Buyers,Other,Weekend,7.006,0.0040597
8943acd9ad3ffff,Families,After noon,Weekday,9.541,0.005695
8943acd9ad3ffff,Families,After noon,Weekend,11.672,0.00696721
8943acd9ad3ffff,Families,Morning,Weekday,16.87,0.010581
8943acd9ad3ffff,Families,Morning,Weekend,19.454,0.0122017
8943acd9ad3ffff,Families,Night,Weekday,13.654,0.008437
8943acd9ad3ffff,Families,Night,Weekend,8.014,0.00495174
8943acd9ad3ffff,Families,Noon,Weekday,13.12,0.008081
8943acd9ad3ffff,Families,Noon,Weekend,7.443,0.00458427
8943acd9ad3ffff,Families,Other,Weekday,1.573,0.000383
8943acd9ad3ffff,Families,Other,Weekend,1.518,0.000369493
8943acd9ad3ffff,HNWI,After noon,Weekday,9.184,0.005457
8943acd9ad3ffff,HNWI,After noon,Weekend,11.778,0.00699805
8943acd9ad3ffff,HNWI,Morning,Weekday,26.038,0.016693
8943acd9ad3ffff,HNWI,Morning,Weekend,18.467,0.0118393
8943acd9ad3ffff,HNWI,Night,Weekday,8.449,0.004967
8943acd9ad3ffff,HNWI,Night,Weekend,4.859,0.00285676
8943acd9ad3ffff,HNWI,Noon,Weekday,22.288,0.014193
8943acd9ad3ffff,HNWI,Noon,Weekend,27.497,0.0175098
8943acd9ad3ffff,HNWI,Other,Weekday,26.368,0.016913
8943acd9ad3ffff,HNWI,Other,Weekend,18.203,0.0116756
8943acd9ad3ffff,Potential Car Buyers,After noon,Weekday,4.504,0.002337
8943acd9ad3ffff,Potential Car Buyers,After noon,Weekend,3.925,0.0020367
8943acd9ad3ffff,Potential Car Buyers,Morning,Weekday,15.742,0.009829
8943acd9ad3ffff,Potential Car Buyers,Morning,Weekend,16.206,0.010119
8943acd9ad3ffff,Potential Car Buyers,Night,Weekday,3.769,0.001847
8943acd9ad3ffff,Potential Car Buyers,Night,Weekend,5.322,0.00260814
8943acd9ad3ffff,Potential Car Buyers,Noon,Weekday,11.992,0.007329
8943acd9ad3ffff,Potential Car Buyers,Noon,Weekend,12.047,0.00736251
8943acd9ad3ffff,Potential Car Buyers,Other,Weekday,21.688,0.013793
8943acd9ad3ffff,Potential Car Buyers,Other,Weekend,29.933,0.0190368
8943acd9e4bffff,Families,After noon,Weekday,7.693,0.004463
8943acd9e4bffff,Families,After noon,Weekend,5.113,0.00296638
8943acd9e4bffff,Families,Morning,Weekday,10.174,0.006117
8943acd9e4bffff,Families,Morning,Weekend,9.135,0.00549217
8943acd9e4bffff,Families,Night,Weekday,22.585,0.014391
8943acd9e4bffff,Families,Night,Weekend,21.353,0.0136062
8943acd9e4bffff,Families,Noon,Weekday,6.424,0.003617
8943acd9e4bffff,Families,Noon,Weekend,6.216,0.00349983
8943acd9e4bffff,Families,Other,Weekday,10.504,0.006337
8943acd9e4bffff,Families,Other,Weekend,8.15,0.00491697
8943acd9e4bffff,HNWI,After noon,Weekday,19.339,0.012227
8943acd9e4bffff,HNWI,After noon,Weekend,27.399,0.0173229
8943acd9e4bffff,HNWI,Morning,Weekday,6.193,0.003463
8943acd9e4bffff,HNWI,Morning,Weekend,6.942,0.00388209
8943acd9e4bffff,HNWI,Night,Weekday,18.604,0.011737
8943acd9e4bffff,HNWI,Night,Weekend,12.601,0.00794994
8943acd9e4bffff,HNWI,Noon,Weekday,21.979,0.013987
8943acd9e4bffff,HNWI,Noon,Weekend,17.373,0.0110561
8943acd9e4bffff,HNWI,Other,Weekday,6.523,0.003683
8943acd9e4bffff,HNWI,Other,Weekend,9.382,0.00529727
8943acd9e4bffff,Potential Car Buyers,After noon,Weekday,5.914,0.003277
8943acd9e4bffff,Potential Car Buyers,After noon,Weekend,7.161,0.00396811
8943acd9e4bffff,Potential Car Buyers,Morning,Weekday,13.243,0.008163
8943acd9e4bffff,Potential Car Buyers,Morning,Weekend,17.984,0.0110852
8943acd9e4bffff,Potential Car Buyers,Night,Weekday,25.654,0.016437
8943acd9e4bffff,Potential Car Buyers,Night,Weekend,34.935,0.0223832
8943acd9e4bffff,Potential Car Buyers,Noon,Weekday,9.493,0.005663
8943acd9e4bffff,Potential Car Buyers,Noon,Weekend,13.255,0.00790726
8943acd9e4bffff,Potential Car Buyers,Other,Weekday,13.573,0.008383
8943acd9e4bffff,Potential Car Buyers,Other,Weekend,13.939,0.00860892
8943ae5001bffff,Families,After noon,Weekday,14.146,0.008765
8943ae5001bffff,Families,After noon,Weekend,9.082,0.00562746
8943ae5001bffff,Families,Morning,Weekday,21.475,0.013651
8943ae5001bffff,Families,Morning,Weekend,29.122,0.0185118
8943ae5001bffff,Families,Night,Weekday,13.411,0.008275
8943ae5001bffff,Families,Night,Weekend,12.735,0.00785792
8943ae5001bffff,Families,Noon,Weekday,21.634,0.013757
8943ae5001bffff,Families,Noon,Weekend,28.179,0.0179191
8943ae5001bffff,Families,Other,Weekday,1.33,0.000221
8943ae5001bffff,Families,Other,Weekend,1.493,0.000248163
8943ae5001bffff,HNWI,After noon,Weekday,26.443,0.016963
8943ae5001bffff,HNWI,After noon,Weekend,27.775,0.0178178
8943ae5001bffff,HNWI,Morning,Weekday,28.924,0.018617
8943ae5001bffff,HNWI,Morning,Weekend,16.152,0.0103965
8943ae5001bffff,HNWI,Night,Weekday,25.708,0.016473
8943ae5001bffff,HNWI,Night,Weekend,14.581,0.00934317
8943ae5001bffff,HNWI,Noon,Weekday,25.174,0.016117
8943ae5001bffff,HNWI,Noon,Weekend,31.06,0.0198857
8943ae5001bffff,HNWI,Other,Weekday,13.627,0.008419
8943ae5001bffff,HNWI,Other,Weekend,10.8,0.00667234
8943ae5001bffff,Potential Car Buyers,After noon,Weekday,3.493,0.001663
8943ae5001bffff,Potential Car Buyers,After noon,Weekend,1.944,0.000925385
8943ae5001bffff,Potential Car Buyers,Morning,Weekday,20.347,0.012899
8943ae5001bffff,Potential Car Buyers,Morning,Weekend,25.397,0.0161004
8943ae5001bffff,Potential Car Buyers,Night,Weekday,2.758,0.001173
8943ae5001bffff,Potential Car Buyers,Night,Weekend,2.835,0.00120565
8943ae5001bffff,Potential Car Buyers,Noon,Weekday,11.749,0.007167
8943ae5001bffff,Potential Car Buyers,Noon,Weekend,8.782,0.00535681
8943ae5001bffff,Potential Car Buyers,Other,Weekday,20.677,0.013119
8943ae5001bffff,Potential Car Buyers,Other,Weekend,19.187,0.0121735
8943ae501bbffff,Families,After noon,Weekday,26.395,0.016931
8943ae501bbffff,Families,After noon,Weekend,36.735,0.0235637
8943ae501bbffff,Families,Morning,Weekday,23.26,0.014841
8943ae501bbffff,Families,Morning,Weekend,16.891,0.010777
8943ae501bbffff,Families,Night,Weekday,25.66,0.016441
8943ae501bbffff,Families,Night,Weekend,18.642,0.0119443
8943ae501bbffff,Families,Noon,Weekday,29.035,0.018691
8943ae501bbffff,Families,Noon,Weekend,22.237,0.0143152
8943ae501bbffff,Families,Other,Weekday,13.579,0.008387
8943ae501bbffff,Families,Other,Weekend,8.84,0.00545985
8943ae501bbffff,HNWI,After noon,Weekday,30.715,0.019811
8943ae501bbffff,HNWI,After noon,Weekend,24.999,0.0161243
8943ae501bbffff,HNWI,Morning,Weekday,2.428,0.000953
8943ae501bbffff,HNWI,Morning,Weekend,3.188,0.00125131
8943ae501bbffff,HNWI,Night,Weekday,20.455,0.012971
8943ae501bbffff,HNWI,Night,Weekend,29.365,0.0186209
8943ae501bbffff,HNWI,Noon,Weekday,23.83,0.015221
8943ae501bbffff,HNWI,Noon,Weekend,22.343,0.0142713
8943ae501bbffff,HNWI,Other,Weekday,8.374,0.004917
8943ae501bbffff,HNWI,Other,Weekend,10.091,0.00592523
8943ae501bbffff,Potential Car Buyers,After noon,Weekday,25.267,0.016179
8943ae501bbffff,Potential Car Buyers,After noon,Weekend,20.76,0.0132931
8943ae501bbffff,Potential Car Buyers,Morning,Weekday,27.748,0.017833
8943ae501bbffff,Potential Car Buyers,Morning,Weekend,27.347,0.0175751
8943ae501bbffff,Potential Car Buyers,Night,Weekday,10.159,0.006107
8943ae501bbffff,Potential Car Buyers,Night,Weekend,11.694,0.00702955
8943ae501bbffff,Potential Car Buyers,Noon,Weekday,23.998,0.015333
8943ae501bbffff,Potential Car Buyers,Noon,Weekend,20.484,0.0130876
8943ae501bbffff,Potential Car Buyers,Other,Weekday,28.078,0.018053
8943ae501bbffff,Potential Car Buyers,Other,Weekend,31.737,0.0204056
8943ae50387ffff,Families,After noon,Weekday,15.916,0.009945
8943ae50387ffff,Families,After noon,Weekend,16.501,0.0103106
8943ae50387ffff,Families,Morning,Weekday,23.245,0.014831
8943ae50387ffff,Families,Morning,Weekend,19.835,0.0126551
8943ae50387ffff,Families,Night,Weekday,5.656,0.003105
8943ae50387ffff,Families,Night,Weekend,6.48,0.00355714
8943ae50387ffff,Families,Noon,Weekday,9.031,0.005355
8943ae50387ffff,Families,Noon,Weekend,7.607,0.00451056
8943ae50387ffff,Families,Other,Weekday,23.575,0.015051
8943ae50387ffff,Families,Other,Weekend,15.413,0.00983989
8943ae50387ffff,HNWI,After noon,Weekday,21.946,0.013965
8943ae50387ffff,HNWI,After noon,Weekend,22.778,0.0144945
8943ae50387ffff,HNWI,Morning,Weekday,29.275,0.018851
8943ae50387ffff,HNWI,Morning,Weekend,39.002,0.0251148
8943ae50387ffff,HNWI,Night,Weekday,21.211,0.013475
8943ae50387ffff,HNWI,Night,Weekend,28.776,0.0182809
8943ae50387ffff,HNWI,Noon,Weekday,5.05,0.002701
8943ae50387ffff,HNWI,Noon,Weekend,4.472,0.00239188
8943ae50387ffff,HNWI,Other,Weekday,9.13,0.005421
8943ae50387ffff,HNWI,Other,Weekend,7.885,0.00468148
8943ae50387ffff,Potential Car Buyers,After noon,Weekday,5.263,0.002843
8943ae50387ffff,Potential Car Buyers,After noon,Weekend,4.345,0.00234698
8943ae50387ffff,Potential Car Buyers,Morning,Weekday,12.592,0.007729
8943ae50387ffff,Potential Car Buyers,Morning,Weekend,10.352,0.00635407
8943ae50387ffff,Potential Car Buyers,Night,Weekday,4.528,0.002353
8943ae50387ffff,Potential Car Buyers,Night,Weekend,3.253,0.00169053
8943ae50387ffff,Potential Car Buyers,Noon,Weekday,3.994,0.001997
8943ae50387ffff,Potential Car Buyers,Noon,Weekend,5.404,0.00270199
8943ae50387ffff,Potential Car Buyers,Other,Weekday,12.922,0.007949
8943ae50387ffff,Potential Car Buyers,Other,Weekend,14.021,0.00862525
8943ae503afffff,Families,After noon,Weekday,29.224,0.018817
8943ae503afffff,Families,After noon,Weekend,31.631,0.0203666
8943ae503afffff,Families,Morning,Weekday,6.553,0.003703
8943ae503afffff,Families,Morning,Weekend,4.352,0.00245898
8943ae503afffff,Families,Night,Weekday,18.964,0.011977
8943ae503afffff,Families,Night,Weekend,26.919,0.0170008
8943ae503afffff,Families,Noon,Weekday,2.803,0.001203
8943ae503afffff,Families,Noon,Weekend,2.754,0.00118215
8943ae503afffff,Families,Other,Weekday,6.883,0.003923
8943ae503afffff,Families,Other,Weekend,8.708,0.00496341
8943ae503afffff,HNWI,After noon,Weekday,27.148,0.017433
8943ae503afffff,HNWI,After noon,Weekend,21.946,0.0140928
8943ae503afffff,HNWI,Morning,Weekday,14.002,0.008669
8943ae503afffff,HNWI,Morning,Weekend,19.727,0.0122137
8943ae503afffff,HNWI,Night,Weekday,26.413,0.016943
8943ae503afffff,HNWI,Night,Weekend,29.033,0.0186237
8943ae503afffff,HNWI,Noon,Weekday,10.252,0.006169
8943ae503afffff,HNWI,Noon,Weekend,5.662,0.00340728
8943ae503afffff,HNWI,Other,Weekday,14.332,0.008889
8943ae503afffff,HNWI,Other,Weekend,15.87,0.00984277
8943ae503afffff,Potential Car Buyers,After noon,Weekday,24.187,0.015459
8943ae503afffff,Potential Car Buyers,After noon,Weekend,13.621,0.00870549
8943ae503afffff,Potential Car Buyers,Morning,Weekday,1.516,0.000345
8943ae503afffff,Potential Car Buyers,Morning,Weekend,1.423,0.000323893
8943ae503afffff,Potential Car Buyers,Night,Weekday,13.927,0.008619
8943ae503afffff,Potential Car Buyers,Night,Weekend,16.562,0.0102497
8943ae503afffff,Potential Car Buyers,Noon,Weekday,17.302,0.010869
8943ae503afffff,Potential Car Buyers,Noon,Weekend,12.794,0.00803724
8943ae503afffff,Potential Car Buyers,Other,Weekday,1.846,0.000565
8943ae503afffff,Potential Car Buyers,Other,Weekend,1.5,0.000459013
8943ae5050bffff,Families,After noon,Weekday,22.768,0.014513
8943ae5050bffff,Families,After noon,Weekend,23.85,0.0152026
8943ae5050bffff,Families,Morning,Weekday,25.249,0.016167
8943ae5050bffff,Families,Morning,Weekend,33.636,0.0215374
8943ae5050bffff,Families,Night,Weekday,12.508,0.007673
8943ae5050bffff,Families,Night,Weekend,12.887,0.00790522
8943ae5050bffff,Families,Noon,Weekday,21.499,0.013667
8943ae5050bffff,Families,Noon,Weekend,30.343,0.0192889
8943ae5050bffff,Families,Other,Weekday,25.579,0.016387
8943ae5050bffff,Families,Other,Weekend,26.552,0.0170106
8943ae5050bffff,HNWI,After noon,Weekday,4.414,0.002277
8943ae5050bffff,HNWI,After noon,Weekend,4.8,0.0024761
8943ae5050bffff,HNWI,Morning,Weekday,6.895,0.003931
8943ae5050bffff,HNWI,Morning,Weekend,6.737,0.00384115
8943ae5050bffff,HNWI,Night,Weekday,3.679,0.001787
8943ae5050bffff,HNWI,Night,Weekend,3.081,0.00149676
8943ae5050bffff,HNWI,Noon,Weekday,12.67,0.007781
8943ae5050bffff,HNWI,Noon,Weekend,13.402,0.00823076
8943ae5050bffff,HNWI,Other,Weekday,21.598,0.013733
8943ae5050bffff,HNWI,Other,Weekend,20.888,0.0132818
8943ae5050bffff,Potential Car Buyers,After noon,Weekday,20.989,0.013327
8943ae5050bffff,Potential Car Buyers,After noon,Weekend,14.882,0.00944955
8943ae5050bffff,Potential Car Buyers,Morning,Weekday,28.318,0.018213
8943ae5050bffff,Potential Car Buyers,Morning,Weekend,24.533,0.0157789
8943ae5050bffff,Potential Car Buyers,Night,Weekday,10.729,0.006487
8943ae5050bffff,Potential Car Buyers,Night,Weekend,12.955,0.00783289
8943ae5050bffff,Potential Car Buyers,Noon,Weekday,24.568,0.015713
8943ae5050bffff,Potential Car Buyers,Noon,Weekend,32.86,0.0210166
8943ae5050bffff,Potential Car Buyers,Other,Weekday,28.648,0.018433
8943ae5050bffff,Potential Car Buyers,Other,Weekend,26.947,0.0173386
8943ae505a3ffff,Families,After noon,Weekday,27.307,0.017539
8943ae505a3ffff,Families,After noon,Weekend,19.34,0.012422
8943ae505a3ffff,Families,Morning,Weekday,4.636,0.002425
8943ae505a3ffff,Families,Morning,Weekend,6.719,0.00351479
8943ae505a3ffff,Families,Night,Weekday,17.047,0.010699
8943ae505a3ffff,Families,Night,Weekend,19.206,0.0120542
8943ae505a3ffff,Families,Noon,Weekday,30.886,0.019925
8943ae505a3ffff,Families,Noon,Weekend,43.984,0.0283748
8943ae505a3ffff,Families,Other,Weekday,4.966,0.002645
8943ae505a3ffff,Families,Other,Weekend,5.248,0.00279516
8943ae505a3ffff,HNWI,After noon,Weekday,26.95,0.017301
8943ae505a3ffff,HNWI,After noon,Weekend,36.342,0.0233306
8943ae505a3ffff,HNWI,Morning,Weekday,29.431,0.018955
8943ae505a3ffff,HNWI,Morning,Weekend,18.836,0.0121316
8943ae505a3ffff,HNWI,Night,Weekday,26.215,0.016811
8943ae505a3ffff,HNWI,Night,Weekend,35.903,0.0230238
8943ae505a3ffff,HNWI,Noon,Weekday,5.206,0.002805
8943ae505a3ffff,HNWI,Noon,Weekend,3.783,0.00203845
8943ae505a3ffff,HNWI,Other,Weekday,14.134,0.008757
8943ae505a3ffff,HNWI,Other,Weekend,19.318,0.0119686
8943ae505a3ffff,Potential Car Buyers,After noon,Weekday,22.27,0.014181
8943ae505a3ffff,Potential Car Buyers,After noon,Weekend,21.314,0.0135723
8943ae505a3ffff,Potential Car Buyers,Morning,Weekday,29.599,0.019067
8943ae505a3ffff,Potential Car Buyers,Morning,Weekend,41.708,0.0268671
8943ae505a3ffff,Potential Car Buyers,Night,Weekday,21.535,0.013691
8943ae505a3ffff,Potential Car Buyers,Night,Weekend,13.597,0.0086442
8943ae505a3ffff,Potential Car Buyers,Noon,Weekday,21.001,0.013335
8943ae505a3ffff,Potential Car Buyers,Noon,Weekend,26.915,0.0170902
8943ae505a3ffff,Potential Car Buyers,Other,Weekday,9.454,0.005637
8943ae505a3ffff,Potential Car Buyers,Other,Weekend,11.842,0.00706064
8943ae50817ffff,Families,After noon,Weekday,30.391,0.019595
8943ae50817ffff,Families,After noon,Weekend,36.388,0.0234617
8943ae50817ffff,Families,Morning,Weekday,7.72,0.004481
8943ae50817ffff,Families,Morning,Weekend,9.354,0.00542962
8943ae50817ffff,Families,Night,Weekday,20.131,0.012755
8943ae50817ffff,Families,Night,Weekend,15.111,0.00957427
8943ae50817ffff,Families,Noon,Weekday,29.122,0.018749
8943ae50817ffff,Families,Noon,Weekend,41.733,0.026868
8943ae50817ffff,Families,Other,Weekday,8.05,0.004701
8943ae50817ffff,Families,Other,Weekend,9.313,0.00543848
8943ae50817ffff,HNWI,After noon,Weekday,12.037,0.007359
8943ae50817ffff,HNWI,After noon,Weekend,13.456,0.0082266
8943ae50817ffff,HNWI,Morning,Weekday,14.518,0.009013
8943ae50817ffff,HNWI,Morning,Weekend,9.968,0.00618802
8943ae50817ffff,HNWI,Night,Weekday,11.302,0.006869
8943ae50817ffff,HNWI,Night,Weekend,6.834,0.00415342
8943ae50817ffff,HNWI,Noon,Weekday,14.677,0.009119
8943ae50817ffff,HNWI,Noon,Weekend,10.49,0.00651728
8943ae50817ffff,HNWI,Other,Weekday,29.221,0.018815
8943ae50817ffff,HNWI,Other,Weekend,37.822,0.024353
8943ae50817ffff,Potential Car Buyers,After noon,Weekday,28.612,0.018409
8943ae50817ffff,Potential Car Buyers,After noon,Weekend,41.381,0.0266246
8943ae50817ffff,Potential Car Buyers,Morning,Weekday,5.941,0.003295
8943ae50817ffff,Potential Car Buyers,Morning,Weekend,4.547,0.00252212
8943ae50817ffff,Potential Car Buyers,Night,Weekday,18.352,0.011569
8943ae50817ffff,Potential Car Buyers,Night,Weekend,21.211,0.0133712
8943ae50817ffff,Potential Car Buyers,Noon,Weekday,2.191,0.000795
8943ae50817ffff,Potential Car Buyers,Noon,Weekend,1.323,0.000480171
8943ae50817ffff,Potential Car Buyers,Other,Weekday,6.271,0.003515
8943ae50817ffff,Potential Car Buyers,Other,Weekend,5.345,0.00299579
8943ae50a8fffff,Families,After noon,Weekday,18.667,0.011779
8943ae50a8fffff,Families,After noon,Weekend,21.516,0.0135765
8943ae50a8fffff,Families,Morning,Weekday,25.996,0.016665
8943ae50a8fffff,Families,Morning,Weekend,25.005,0.0160295
8943ae50a8fffff,Families,Night,Weekday,8.407,0.004939
8943ae50a8fffff,Families,Night,Weekend,10.759,0.00632064
8943ae50a8fffff,Families,Noon,Weekday,17.398,0.010933
8943ae50a8fffff,Families,Noon,Weekend,11.44,0.00718876
8943ae50a8fffff,Families,Other,Weekday,26.326,0.016885
8943ae50a8fffff,Families,Other,Weekend,20.997,0.0134673
8943ae50a8fffff,HNWI,After noon,Weekday,30.313,0.019543
8943ae50a8fffff,HNWI,After noon,Weekend,38.302,0.0246938
8943ae50a8fffff,HNWI,Morning,Weekday,17.167,0.010779
8943ae50a8fffff,HNWI,Morning,Weekend,19.225,0.0120713
8943ae50a8fffff,HNWI,Night,Weekday,29.578,0.019053
8943ae50a8fffff,HNWI,Night,Weekend,25.793,0.0166151
8943ae50a8fffff,HNWI,Noon,Weekday,2.953,0.001303
8943ae50a8fffff,HNWI,Noon,Weekend,3.077,0.00135786
8943ae50a8fffff,HNWI,Other,Weekday,17.497,0.010999
8943ae50a8fffff,HNWI,Other,Weekend,15.917,0.0100057
8943ae50a8fffff,Potential Car Buyers,After noon,Weekday,3.739,0.001827
8943ae50a8fffff,Potential Car Buyers,After noon,Weekend,4.683,0.00228835
8943ae50a8fffff,Potential Car Buyers,Morning,Weekday,11.068,0.006713
8943ae50a8fffff,Potential Car Buyers,Morning,Weekend,14.527,0.00881072
8943ae50a8fffff,Potential Car Buyers,Night,Weekday,3.004,0.001337
8943ae50a8fffff,Potential Car Buyers,Night,Weekend,4.029,0.00179299
8943ae50a8fffff,Potential Car Buyers,Noon,Weekday,26.854,0.017237
8943ae50a8fffff,Potential Car Buyers,Noon,Weekend,21.349,0.0137037
8943ae50a8fffff,Potential Car Buyers,Other,Weekday,20.923,0.013283
8943ae50a8fffff,Potential Car Buyers,Other,Weekend,16.447,0.0104412
8943ae50c47ffff,Families,After noon,Weekday,9.592,0.005729
8943ae50c47ffff,Families,After noon,Weekend,10.493,0.00626729
8943ae50c47ffff,Families,Morning,Weekday,16.921,0.010615
8943ae50c47ffff,Families,Morning,Weekend,23.431,0.0146992
8943ae50c47ffff,Families,Night,Weekday,29.332,0.018889
8943ae50c47ffff,Families,Night,Weekend,16.165,0.0104096
8943ae50c47ffff,Families,Noon,Weekday,13.171,0.008115
8943ae50c47ffff,Families,Noon,Weekend,10.34,0.00637052
8943ae50c47ffff,Families,Other,Weekday,17.251,0.010835
8943ae50c47ffff,Families,Other,Weekend,23.33,0.0146532
8943ae50c47ffff,HNWI,After noon,Weekday,9.235,0.005491
8943ae50c47ffff,HNWI,After noon,Weekend,12.128,0.00721095
8943ae50c47ffff,HNWI,Morning,Weekday,11.716,0.007145
8943ae50c47ffff,HNWI,Morning,Weekend,10.863,0.00662477
8943ae50c47ffff,HNWI,Night,Weekday,8.5,0.005001
8943ae50c47ffff,HNWI,Night,Weekend,5.64,0.00331855
8943ae50c47ffff,HNWI,Noon,Weekday,7.966,0.004645
8943ae50c47ffff,HNWI,Noon,Weekend,4.578,0.00266921
8943ae50c47ffff,HNWI,Other,Weekday,26.419,0.016947
8943ae50c47ffff,HNWI,Other,Weekend,33.54,0.021515
8943ae50c47ffff,Potential Car Buyers,After noon,Weekday,4.555,0.002371
8943ae50c47ffff,Potential Car Buyers,After noon,Weekend,5.97,0.00310775
8943ae50c47ffff,Potential Car Buyers,Morning,Weekday,11.884,0.007257
8943ae50c47ffff,Potential Car Buyers,Morning,Weekend,8.092,0.00494114
8943ae50c47ffff,Potential Car Buyers,Night,Weekday,3.82,0.001881
8943ae50c47ffff,Potential Car Buyers,Night,Weekend,2.218,0.00109234
8943ae50c47ffff,Potential Car Buyers,Noon,Weekday,27.67,0.017781
8943ae50c47ffff,Potential Car Buyers,Noon,Weekend,31.742,0.0203975
8943ae50c47ffff,Potential Car Buyers,Other,Weekday,21.739,0.013827
8943ae50c47ffff,Potential Car Buyers,Other,Weekend,29.474,0.018747
8943ae50c9bffff,Families,After noon,Weekday,5.056,0.002705
8943ae50c9bffff,Families,After noon,Weekend,3.818,0.00204282
8943ae50c9bffff,Families,Morning,Weekday,12.385,0.007591
8943ae50c9bffff,Families,Morning,Weekend,12.974,0.00795206
8943ae50c9bffff,Families,Night,Weekday,24.796,0.015865
8943ae50c9bffff,Families,Night,Weekend,22.829,0.0146067
8943ae50c9bffff,Families,Noon,Weekday,3.787,0.001859
8943ae50c9bffff,Families,Noon,Weekend,5.156,0.002531
8943ae50c9bffff,Families,Other,Weekday,12.715,0.007811
8943ae50c9bffff,Families,Other,Weekend,14.905,0.00915626
8943ae50c9bffff,HNWI,After noon,Weekday,11.086,0.006725
8943ae50c9bffff,HNWI,After noon,Weekend,15.327,0.00929777
8943ae50c9bffff,HNWI,Morning,Weekday,13.567,0.008379
8943ae50c9bffff,HNWI,Morning,Weekend,17.088,0.0105534
8943ae50c9bffff,HNWI,Night,Weekday,15.967,0.009979
8943ae50c9bffff,HNWI,Night,Weekend,21.417,0.0133853
8943ae50c9bffff,HNWI,Noon,Weekday,9.817,0.005879
8943ae50c9bffff,HNWI,Noon,Weekend,8.816,0.00527935
8943ae50c9bffff,HNWI,Other,Weekday,3.886,0.001925
8943ae50c9bffff,HNWI,Other,Weekend,2.729,0.0013519
8943ae50c9bffff,Potential Car Buyers,After noon,Weekday,6.406,0.003605
8943ae50c9bffff,Potential Car Buyers,After noon,Weekend,6.174,0.00347434
8943ae50c9bffff,Potential Car Buyers,Morning,Weekday,13.735,0.008491
8943ae50c9bffff,Potential Car Buyers,Morning,Weekend,9.218,0.00569877
8943ae50c9bffff,Potential Car Buyers,Night,Weekday,5.671,0.003115
8943ae50c9bffff,Potential Car Buyers,Night,Weekend,7.628,0.00419008
8943ae50c9bffff,Potential Car Buyers,Noon,Weekday,5.137,0.002759
8943ae50c9bffff,Potential Car Buyers,Noon,Weekend,6.249,0.0033561
8943ae50c9bffff,Potential Car Buyers,Other,Weekday,23.59,0.015061
8943ae50c9bffff,Potential Car Buyers,Other,Weekend,29.837,0.0190494
8943ae50cabffff,Families,After noon,Weekday,21.127,0.013419
8943ae50cabffff,Families,After noon,Weekend,22.21,0.014107
8943ae50cabffff,Families,Morning,Weekday,28.456,0.018305
8943ae50cabffff,Families,Morning,Weekend,32.803,0.0211014
8943ae50cabffff,Families,Night,Weekday,10.867,0.006579
8943ae50cabffff,Families,Night,Weekend,12.654,0.00766089
8943ae50cabffff,Families,Noon,Weekday,14.242,0.008829
8943ae50cabffff,Families,Noon,Weekend,13.138,0.00814443
8943ae50cabffff,Families,Other,Weekday,28.786,0.018525
8943ae50cabffff,Families,Other,Weekend,21.149,0.01361
8943ae50cabffff,HNWI,After noon,Weekday,27.157,0.017439
8943ae50cabffff,HNWI,After noon,Weekend,18.723,0.012023
8943ae50cabffff,HNWI,Morning,Weekday,14.011,0.008675
8943ae50cabffff,HNWI,Morning,Weekend,15.288,0.00946575
8943ae50cabffff,HNWI,Night,Weekday,26.422,0.016949
8943ae50cabffff,HNWI,Night,Weekend,34.46,0.0221052
8943ae50cabffff,HNWI,Noon,Weekday,5.413,0.002943
8943ae50cabffff,HNWI,Noon,Weekend,7.285,0.00396093
8943ae50cabffff,HNWI,Other,Weekday,14.341,0.008895
8943ae50cabffff,HNWI,Other,Weekend,14.513,0.00900178
8943ae50cabffff,Potential Car Buyers,After noon,Weekday,24.196,0.015465
8943ae50cabffff,Potential Car Buyers,After noon,Weekend,25.715,0.0164358
8943ae50cabffff,Potential Car Buyers,Morning,Weekday,21.061,0.013375
8943ae50cabffff,Potential Car Buyers,Morning,Weekend,25.644,0.0162858
8943ae50cabffff,Potential Car Buyers,Night,Weekday,9.088,0.005393
8943ae50cabffff,Potential Car Buyers,Night,Weekend,11.711,0.00694963
8943ae50cabffff,Potential Car Buyers,Noon,Weekday,17.311,0.010875
8943ae50cabffff,Potential Car Buyers,Noon,Weekend,21.579,0.0135563
8943ae50cabffff,Potential Car Buyers,Other,Weekday,27.007,0.017339
8943ae50cabffff,Potential Car Buyers,Other,Weekend,25.5,0.0163715
8943ae50ccbffff,Families,After noon,Weekday,25.246,0.016165
8943ae50ccbffff,Families,After noon,Weekend,34.834,0.0223041
8943ae50ccbffff,Families,Morning,Weekday,22.111,0.014075
8943ae50ccbffff,Families,Morning,Weekend,23.089,0.0146977
8943ae50ccbffff,Families,Night,Weekday,24.511,0.015675
8943ae50ccbffff,Families,Night,Weekend,31.437,0.0201041
8943ae50ccbffff,Families,Noon,Weekday,18.361,0.011575
8943ae50ccbffff,Families,Noon,Weekend,25.539,0.0161001
8943ae50ccbffff,Families,Other,Weekday,28.057,0.018039
8943ae50ccbffff,Families,Other,Weekend,35.574,0.0228722
8943ae50ccbffff,HNWI,After noon,Weekday,26.428,0.016953
8943ae50ccbffff,HNWI,After noon,Weekend,14.665,0.00940716
8943ae50ccbffff,HNWI,Morning,Weekday,13.282,0.008189
8943ae50ccbffff,HNWI,Morning,Weekend,16.572,0.0102176
8943ae50ccbffff,HNWI,Night,Weekday,25.693,0.016463
8943ae50ccbffff,HNWI,Night,Weekend,20.021,0.0128288
8943ae50ccbffff,HNWI,Noon,Weekday,9.532,0.005689
8943ae50ccbffff,HNWI,Noon,Weekend,5.329,0.00318063
8943ae50ccbffff,HNWI,Other,Weekday,13.612,0.008409
8943ae50ccbffff,HNWI,Other,Weekend,15.643,0.00966342
8943ae50ccbffff,Potential Car Buyers,After noon,Weekday,17.851,0.011235
8943ae50ccbffff,Potential Car Buyers,After noon,Weekend,14.312,0.00900756
8943ae50ccbffff,Potential Car Buyers,Morning,Weekday,20.332,0.012889
8943ae50ccbffff,Potential Car Buyers,Morning,Weekend,14.77,0.00936309
8943ae50ccbffff,Potential Car Buyers,Night,Weekday,22.732,0.014489
8943ae50ccbffff,Potential Car Buyers,Night,Weekend,27.531,0.0175477
8943ae50ccbffff,Potential Car Buyers,Noon,Weekday,16.582,0.010389
8943ae50ccbffff,Potential Car Buyers,Noon,Weekend,20.244,0.0126835
8943ae50ccbffff,Potential Car Buyers,Other,Weekday,5.035,0.002691
8943ae50ccbffff,Potential Car Buyers,Other,Weekend,6.871,0.00367207
8943ae50d7bffff,Families,After noon,Weekday,17.518,0.011013
8943ae50d7bffff,Families,After noon,Weekend,19.428,0.0122141
8943ae50d7bffff,Families,Morning,Weekday,19.999,0.012667
8943ae50d7bffff,Families,Morning,Weekend,23.692,0.0150063
8943ae50d7bffff,Families,Night,Weekday,2.41,0.000941
8943ae50d7bffff,Families,Night,Weekend,3.105,0.00121248
8943ae50d7bffff,Families,Noon,Weekday,10.633,0.006423
8943ae50d7bffff,Families,Noon,Weekend,14.484,0.00874902
8943ae50d7bffff,Families,Other,Weekday,20.329,0.012887
8943ae50d7bffff,Families,Other,Weekend,23.797,0.0150855
8943ae50d7bffff,HNWI,After noon,Weekday,28.591,0.018395
8943ae50d7bffff,HNWI,After noon,Weekend,34.185,0.0219939
8943ae50d7bffff,HNWI,Morning,Weekday,5.92,0.003281
8943ae50d7bffff,HNWI,Morning,Weekend,6.554,0.0036324
8943ae50d7bffff,HNWI,Night,Weekday,8.32,0.004881
8943ae50d7bffff,HNWI,Night,Weekend,9.796,0.00574713
8943ae50d7bffff,HNWI,Noon,Weekday,11.695,0.007131
8943ae50d7bffff,HNWI,Noon,Weekend,16.256,0.00991217
8943ae50d7bffff,HNWI,Other,Weekday,21.391,0.013595
8943ae50d7bffff,HNWI,Other,Weekend,19.503,0.0123952
8943ae50d7bffff,Potential Car Buyers,After noon,Weekday,2.017,0.000679
8943ae50d7bffff,Potential Car Buyers,After noon,Weekend,2.425,0.000816238
8943ae50d7bffff,Potential Car Buyers,Morning,Weekday,9.346,0.005565
8943ae50d7bffff,Potential Car Buyers,Morning,Weekend,6.994,0.00416425
8943ae50d7bffff,Potential Car Buyers,Night,Weekday,1.282,0.000189
8943ae50d7bffff,Potential Car Buyers,Night,Weekend,1.061,0.000156478
8943ae50d7bffff,Potential Car Buyers,Noon,Weekday,5.596,0.003065
8943ae50d7bffff,Potential Car Buyers,Noon,Weekend,3.788,0.00207485
8943ae50d7bffff,Potential Car Buyers,Other,Weekday,19.201,0.012135
8943ae50d7bffff,Potential Car Buyers,Other,Weekend,12.866,0.00813129
8943ae50dabffff,Families,After noon,Weekday,22.648,0.014433
8943ae50dabffff,Families,After noon,Weekend,30.978,0.0197415
8943ae50dabffff,Families,Morning,Weekday,25.129,0.016087
8943ae50dabffff,Families,Morning,Weekend,17.381,0.0111272
8943ae50dabffff,Families,Night,Weekday,21.913,0.013943
8943ae50dabffff,Families,Night,Weekend,16.29,0.0103654
8943ae50dabffff,Families,Noon,Weekday,21.379,0.013587
8943ae50dabffff,Families,Noon,Weekend,16.532,0.0105064
8943ae50dabffff,Families,Other,Weekday,9.832,0.005889
8943ae50dabffff,Families,Other,Weekend,11.633,0.00696797
8943ae50dabffff,HNWI,After noon,Weekday,13.819,0.008547
8943ae50dabffff,HNWI,After noon,Weekend,17.355,0.0107342
8943ae50dabffff,HNWI,Morning,Weekday,21.148,0.013433
8943ae50dabffff,HNWI,Morning,Weekend,15.283,0.00970774
8943ae50dabffff,HNWI,Night,Weekday,3.559,0.001707
8943ae50dabffff,HNWI,Night,Weekend,3.135,0.00150372
8943ae50dabffff,HNWI,Noon,Weekday,6.934,0.003957
8943ae50dabffff,HNWI,Noon,Weekend,8.097,0.0046205
8943ae50dabffff,HNWI,Other,Weekday,21.478,0.013653
8943ae50dabffff,HNWI,Other,Weekend,29.851,0.0189755
8943ae50dabffff,Potential Car Buyers,After noon,Weekday,12.763,0.007843
8943ae50dabffff,Potential Car Buyers,After noon,Weekend,13.939,0.00856572
8943ae50dabffff,Potential Car Buyers,Morning,Weekday,20.092,0.012729
8943ae50dabffff,Potential Car Buyers,Morning,Weekend,20.0,0.0126707
8943ae50dabffff,Potential Car Buyers,Night,Weekday,16.876,0.010585
8943ae50dabffff,Potential Car Buyers,Night,Weekend,13.888,0.00871063
8943ae50dabffff,Potential Car Buyers,Noon,Weekday,20.251,0.012835
8943ae50dabffff,Potential Car Buyers,Noon,Weekend,12.0,0.00760526
8943ae50dabffff,Potential Car Buyers,Other,Weekday,29.947,0.019299
8943ae50dabffff,Potential Car Buyers,Other,Weekend,21.719,0.0139964
8943ae50e57ffff,Families,After noon,Weekday,2.812,0.001209
8943ae50e57ffff,Families,After noon,Weekend,3.05,0.00131121
8943ae50e57ffff,Families,Morning,Weekday,10.141,0.006095
8943ae50e57ffff,Families,Morning,Weekend,6.301,0.00378734
8943ae50e57ffff,Families,Night,Weekday,2.077,0.000719
8943ae50e57ffff,Families,Night,Weekend,1.42,0.000491477
8943ae50e57ffff,Families,Noon,Weekday,10.3,0.006201
8943ae50e57ffff,Families,Noon,Weekend,7.781,0.0046846
8943ae50e57ffff,Families,Other,Weekday,19.996,0.012665
8943ae50e57ffff,Families,Other,Weekend,12.333,0.00781147
8943ae50e57ffff,HNWI,After noon,Weekday,11.98,0.007321
8943ae50e57ffff,HNWI,After noon,Weekend,15.45,0.00944137
8943ae50e57ffff,HNWI,Morning,Weekday,19.309,0.012207
8943ae50e57ffff,HNWI,Morning,Weekend,18.593,0.0117542
8943ae50e57ffff,HNWI,Night,Weekday,1.72,0.000481
8943ae50e57ffff,HNWI,Night,Weekend,1.688,0.000471931
8943ae50e57ffff,HNWI,Noon,Weekday,5.095,0.002731
8943ae50e57ffff,HNWI,Noon,Weekend,6.155,0.00329904
8943ae50e57ffff,HNWI,Other,Weekday,19.639,0.012427
8943ae50e57ffff,HNWI,Other,Weekend,12.466,0.00788827
8943ae50e57ffff,Potential Car Buyers,After noon,Weekday,1.684,0.000457
8943ae50e57ffff,Potential Car Buyers,After noon,Weekend,1.009,0.000273926
8943ae50e57ffff,Potential Car Buyers,Morning,Weekday,9.013,0.005343
8943ae50e57ffff,Potential Car Buyers,Morning,Weekend,12.08,0.00716116
8943ae50e57ffff,Potential Car Buyers,Night,Weekday,21.424,0.013617
8943ae50e57ffff,Potential Car Buyers,Night,Weekend,11.844,0.00752782
8943ae50e57ffff,Potential Car Buyers,Noon,Weekday,5.263,0.002843
8943ae50e57ffff,Potential Car Buyers,Noon,Weekend,5.284,0.00285459
8943ae50e57ffff,Potential Car Buyers,Other,Weekday,9.343,0.005563
8943ae50e57ffff,Potential Car Buyers,Other,Weekend,8.262,0.00491926
8943ae528afffff,Families,After noon,Weekday,12.421,0.007615
8943ae528afffff,Families,After noon,Weekend,8.004,0.00490732
8943ae528afffff,Families,Morning,Weekday,19.75,0.012501
8943ae528afffff,Families,Morning,Weekend,16.596,0.0105047
8943ae528afffff,Families,Night,Weekday,2.161,0.000775
8943ae528afffff,Families,Night,Weekend,2.877,0.00103171
8943ae528afffff,Families,Noon,Weekday,16.0,0.010001
8943ae528afffff,Families,Noon,Weekend,18.942,0.0118401
8943ae528afffff,Families,Other,Weekday,20.08,0.012721
8943ae528afffff,Families,Other,Weekend,20.994,0.0133001
8943ae528afffff,HNWI,After noon,Weekday,24.067,0.015379
8943ae528afffff,HNWI,After noon,Weekend,31.152,0.0199063
8943ae528afffff,HNWI,Morning,Weekday,1.396,0.000265
8943ae528afffff,HNWI,Morning,Weekend,0.843,0.000160088
8943ae528afffff,HNWI,Night,Weekday,23.332,0.014889
8943ae528afffff,HNWI,Night,Weekend,27.991,0.0178618
8943ae528afffff,HNWI,Noon,Weekday,1.555,0.000371
8943ae528afffff,HNWI,Noon,Weekend,0.954,0.000227575
8943ae528afffff,HNWI,Other,Weekday,11.251,0.006835
8943ae528afffff,HNWI,Other,Weekend,6.671,0.00405285
8943ae528afffff,Potential Car Buyers,After noon,Weekday,18.619,0.011747
8943ae528afffff,Potential Car Buyers,After noon,Weekend,23.26,0.0146749
8943ae528afffff,Potential Car Buyers,Morning,Weekday,21.1,0.013401
8943ae528afffff,Potential Car Buyers,Morning,Weekend,16.546,0.0105087
8943ae528afffff,Potential Car Buyers,Night,Weekday,17.884,0.011257
8943ae528afffff,Potential Car Buyers,Night,Weekend,15.46,0.0097313
8943ae528afffff,Potential Car Buyers,Noon,Weekday,26.875,0.017251
8943ae528afffff,Potential Car Buyers,Noon,Weekend,25.611,0.0164396
8943ae528afffff,Potential Car Buyers,Other,Weekday,5.803,0.003203
8943ae528afffff,Potential Car Buyers,Other,Weekend,5.887,0.0032495
8943ae52957ffff,Families,After noon,Weekday,11.047,0.006699
8943ae52957ffff,Families,After noon,Weekend,7.665,0.00464835
8943ae52957ffff,Families,Morning,Weekday,18.376,0.011585
8943ae52957ffff,Families,Morning,Weekend,24.511,0.0154525
8943ae52957ffff,Families,Night,Weekday,20.776,0.013185
8943ae52957ffff,Families,Night,Weekend,15.957,0.0101266
8943ae52957ffff,Families,Noon,Weekday,24.151,0.015435
8943ae52957ffff,Families,Noon,Weekend,34.372,0.0219674
8943ae52957ffff,Families,Other,Weekday,28.231,0.018155
8943ae52957ffff,Families,Other,Weekend,38.267,0.0246088
8943ae52957ffff,HNWI,After noon,Weekday,7.066,0.004045
8943ae52957ffff,HNWI,After noon,Weekend,7.409,0.00424109
8943ae52957ffff,HNWI,Morning,Weekday,9.547,0.005699
8943ae52957ffff,HNWI,Morning,Weekend,5.314,0.0031722
8943ae52957ffff,HNWI,Night,Weekday,6.331,0.003555
8943ae52957ffff,HNWI,Night,Weekend,8.638,0.00485047
8943ae52957ffff,HNWI,Noon,Weekday,5.797,0.003199
8943ae52957ffff,HNWI,Noon,Weekend,3.603,0.00198816
8943ae52957ffff,HNWI,Other,Weekday,24.25,0.015501
8943ae52957ffff,HNWI,Other,Weekend,28.697,0.0183437
8943ae52957ffff,Potential Car Buyers,After noon,Weekday,20.383,0.012923
8943ae52957ffff,Potential Car Buyers,After noon,Weekend,16.744,0.010616
8943ae52957ffff,Potential Car Buyers,Morning,Weekday,22.864,0.014577
8943ae52957ffff,Potential Car Buyers,Morning,Weekend,29.95,0.0190947
8943ae52957ffff,Potential Car Buyers,Night,Weekday,5.275,0.002851
8943ae52957ffff,Potential Car Buyers,Night,Weekend,6.571,0.00355162
8943ae52957ffff,Potential Car Buyers,Noon,Weekday,19.114,0.012077
8943ae52957ffff,Potential Car Buyers,Noon,Weekend,17.112,0.010812
8943ae52957ffff,Potential Car Buyers,Other,Weekday,23.194,0.014797
8943ae52957ffff,Potential Car Buyers,Other,Weekend,27.533,0.0175654
8943ae52963ffff,Families,After noon,Weekday,27.967,0.017979
8943ae52963ffff,Families,After noon,Weekend,28.851,0.0185475
8943ae52963ffff,Families,Morning,Weekday,5.296,0.002865
8943ae52963ffff,Families,Morning,Weekend,5.665,0.00306448
8943ae52963ffff,Families,Night,Weekday,17.707,0.011139
8943ae52963ffff,Families,Night,Weekend,23.593,0.0148416
8943ae52963ffff,Families,Noon,Weekday,1.546,0.000365
8943ae52963ffff,Families,Noon,Weekend,1.071,0.000252762
8943ae52963ffff,Families,Other,Weekday,5.626,0.003085
8943ae52963ffff,Families,Other,Weekend,4.826,0.00264642
8943ae52963ffff,HNWI,After noon,Weekday,10.264,0.006177
8943ae52963ffff,HNWI,After noon,Weekend,13.656,0.00821849
8943ae52963ffff,HNWI,Morning,Weekday,12.745,0.007831
8943ae52963ffff,HNWI,Morning,Weekend,12.703,0.00780496
8943ae52963ffff,HNWI,Night,Weekday,25.156,0.016105
8943ae52963ffff,HNWI,Night,Weekend,36.26,0.0232135
8943ae52963ffff,HNWI,Noon,Weekday,8.995,0.005331
8943ae52963ffff,HNWI,Noon,Weekend,4.999,0.00296258
8943ae52963ffff,HNWI,Other,Weekday,13.075,0.008051
8943ae52963ffff,HNWI,Other,Weekend,13.414,0.00825971
8943ae52963ffff,Potential Car Buyers,After noon,Weekday,22.93,0.014621
8943ae52963ffff,Potential Car Buyers,After noon,Weekend,25.876,0.0164993
8943ae52963ffff,Potential Car Buyers,Morning,Weekday,30.259,0.019507
8943ae52963ffff,Potential Car Buyers,Morning,Weekend,16.961,0.0109339
8943ae52963ffff,Potential Car Buyers,Night,Weekday,22.195,0.014131
8943ae52963ffff,Potential Car Buyers,Night,Weekend,19.518,0.0124267
8943ae52963ffff,Potential Car Buyers,Noon,Weekday,16.045,0.010031
8943ae52963ffff,Potential Car Buyers,Noon,Weekend,10.071,0.00629647
8943ae52963ffff,Potential Car Buyers,Other,Weekday,10.114,0.006077
8943ae52963ffff,Potential Car Buyers,Other,Weekend,7.292,0.00438168
8943ae52a73ffff,Families,After noon,Weekday,6.064,0.003377
8943ae52a73ffff,Families,After noon,Weekend,4.219,0.00234947
8943ae52a73ffff,Families,Morning,Weekday,13.393,0.008263
8943ae52a73ffff,Families,Morning,Weekend,10.49,0.00647169
8943ae52a73ffff,Families,Night,Weekday,5.329,0.002887
8943ae52a73ffff,Families,Night,Weekend,7.153,0.00387531
8943ae52a73ffff,Families,Noon,Weekday,19.168,0.012113
8943ae52a73ffff,Families,Noon,Weekend,23.536,0.0148733
8943ae52a73ffff,Families,Other,Weekday,23.248,0.014833
8943ae52a73ffff,Families,Other,Weekend,24.013,0.0153211
8943ae52a73ffff,HNWI,After noon,Weekday,18.361,0.011575
8943ae52a73ffff,HNWI,After noon,Weekend,25.265,0.0159272
8943ae52a73ffff,HNWI,Morning,Weekday,20.842,0.013229
8943ae52a73ffff,HNWI,Morning,Weekend,14.826,0.00941074
8943ae52a73ffff,HNWI,Night,Weekday,23.242,0.014829
8943ae52a73ffff,HNWI,Night,Weekend,28.939,0.018464
8943ae52a73ffff,HNWI,Noon,Weekday,17.092,0.010729
8943ae52a73ffff,HNWI,Noon,Weekend,10.605,0.00665716
8943ae52a73ffff,HNWI,Other,Weekday,5.545,0.003031
8943ae52a73ffff,HNWI,Other,Weekend,4.212,0.00230237
8943ae52a73ffff,Potential Car Buyers,After noon,Weekday,1.027,1.9e-05
8943ae52a73ffff,Potential Car Buyers,After noon,Weekend,1.201,2.22207e-05
8943ae52a73ffff,Potential Car Buyers,Morning,Weekday,17.881,0.011255
8943ae52a73ffff,Potential Car Buyers,Morning,Weekend,14.14,0.0089005
8943ae52a73ffff,Potential Car Buyers,Night,Weekday,30.292,0.019529
8943ae52a73ffff,Potential Car Buyers,Night,Weekend,36.181,0.0233256
8943ae52a73ffff,Potential Car Buyers,Noon,Weekday,8.515,0.005011
8943ae52a73ffff,Potential Car Buyers,Noon,Weekend,8.553,0.00503353
8943ae52a73ffff,Potential Car Buyers,Other,Weekday,18.211,0.011475
8943ae52a73ffff,Potential Car Buyers,Other,Weekend,12.307,0.00775459
8943ae52aabffff,Families,After noon,Weekday,21.157,0.013439
8943ae52aabffff,Families,After noon,Weekend,23.965,0.0152225
8943ae52aabffff,Families,Morning,Weekday,28.486,0.018325
8943ae52aabffff,Families,Morning,Weekend,28.938,0.0186159
8943ae52aabffff,Families,Night,Weekday,10.897,0.006599
8943ae52aabffff,Families,Night,Weekend,10.845,0.00656723
8943ae52aabffff,Families,Noon,Weekday,24.736,0.015825
8943ae52aabffff,Families,Noon,Weekend,25.547,0.0163437
8943ae52aabffff,Families,Other,Weekday,28.816,0.018545
8943ae52aabffff,Families,Other,Weekend,25.129,0.016172
8943ae52aabffff,HNWI,After noon,Weekday,29.545,0.019031
8943ae52aabffff,HNWI,After noon,Weekend,38.424,0.0247505
8943ae52aabffff,HNWI,Morning,Weekday,16.399,0.010267
8943ae52aabffff,HNWI,Morning,Weekend,19.096,0.0119553
8943ae52aabffff,HNWI,Night,Weekday,28.81,0.018541
8943ae52aabffff,HNWI,Night,Weekend,34.497,0.022201
8943ae52aabffff,HNWI,Noon,Weekday,2.185,0.000791
8943ae52aabffff,HNWI,Noon,Weekend,1.306,0.000472887
8943ae52aabffff,HNWI,Other,Weekday,16.729,0.010487
8943ae52aabffff,HNWI,Other,Weekend,12.019,0.00753421
8943ae52aabffff,Potential Car Buyers,After noon,Weekday,27.355,0.017571
8943ae52aabffff,Potential Car Buyers,After noon,Weekend,37.137,0.023854
8943ae52aabffff,Potential Car Buyers,Morning,Weekday,29.836,0.019225
8943ae52aabffff,Potential Car Buyers,Morning,Weekend,40.086,0.0258298
8943ae52aabffff,Potential Car Buyers,Night,Weekday,2.236,0.000825
8943ae52aabffff,Potential Car Buyers,Night,Weekend,3.175,0.0011714
8943ae52aabffff,Potential Car Buyers,Noon,Weekday,26.086,0.016725
8943ae52aabffff,Potential Car Buyers,Noon,Weekend,35.597,0.0228229
8943ae52aabffff,Potential Car Buyers,Other,Weekday,20.155,0.012771
8943ae52aabffff,Potential Car Buyers,Other,Weekend,17.973,0.0113886
8943ae52b53ffff,Families,After noon,Weekday,25.342,0.016229
8943ae52b53ffff,Families,After noon,Weekend,13.999,0.00896515
8943ae52b53ffff,Families,Morning,Weekday,12.196,0.007465
8943ae52b53ffff,Families,Morning,Weekend,10.16,0.00621874
8943ae52b53ffff,Families,Night,Weekday,24.607,0.015739
8943ae52b53ffff,Families,Night,Weekend,19.958,0.0127655
8943ae52b53ffff,Families,Noon,Weekday,3.598,0.001733
8943ae52b53ffff,Families,Noon,Weekend,2.633,0.00126817
8943ae52b53ffff,Families,Other,Weekday,12.526,0.007685
8943ae52b53ffff,Families,Other,Weekend,11.787,0.00723163
8943ae52b53ffff,HNWI,After noon,Weekday,2.791,0.001195
8943ae52b53ffff,HNWI,After noon,Weekend,3.046,0.00130397
8943ae52b53ffff,HNWI,Morning,Weekday,10.12,0.006081
8943ae52b53ffff,HNWI,Morning,Weekend,10.704,0.00643187
8943ae52b53ffff,HNWI,Night,Weekday,2.056,0.000705
8943ae52b53ffff,HNWI,Night,Weekend,1.667,0.000571518
8943ae52b53ffff,HNWI,Noon,Weekday,15.895,0.009931
8943ae52b53ffff,HNWI,Noon,Weekend,19.028,0.0118882
8943ae52b53ffff,HNWI,Other,Weekday,19.975,0.012651
8943ae52b53ffff,HNWI,Other,Weekend,24.11,0.0152699
8943ae52b53ffff,Potential Car Buyers,After noon,Weekday,24.214,0.015477
8943ae52b53ffff,Potential Car Buyers,After noon,Weekend,13.508,0.00863409
8943ae52b53ffff,Potential Car Buyers,Morning,Weekday,26.695,0.017131
8943ae52b53ffff,Potential Car Buyers,Morning,Weekend,16.438,0.0105487
8943ae52b53ffff,Potential Car Buyers,Night,Weekday,19.57,0.012381
8943ae52b53ffff,Potential Car Buyers,Night,Weekend,24.802,0.0156909
8943ae52b53ffff,Potential Car Buyers,Noon,Weekday,22.945,0.014631
8943ae52b53ffff,Potential Car Buyers,Noon,Weekend,15.369,0.00980004
8943ae52b53ffff,Potential Car Buyers,Other,Weekday,7.489,0.004327
8943ae52b53ffff,Potential Car Buyers,Other,Weekend,7.03,0.0040618
8943ae52b7bffff,Families,After noon,Weekday,13.762,0.008509
8943ae52b7bffff,Families,After noon,Weekend,14.742,0.00911494
8943ae52b7bffff,Families,Morning,Weekday,16.243,0.010163
8943ae52b7bffff,Families,Morning,Weekend,17.634,0.0110335
8943ae52b7bffff,Families,Night,Weekday,4.27,0.002181
8943ae52b7bffff,Families,Night,Weekend,3.757,0.00191879
8943ae52b7bffff,Families,Noon,Weekday,12.493,0.007663
8943ae52b7bffff,Families,Noon,Weekend,14.605,0.00895841
8943ae52b7bffff,Families,Other,Weekday,22.189,0.014127
8943ae52b7bffff,Families,Other,Weekend,23.632,0.015046
8943ae52b7bffff,HNWI,After noon,Weekday,25.408,0.016273
8943ae52b7bffff,HNWI,After noon,Weekend,17.864,0.0114415
8943ae52b7bffff,HNWI,Morning,Weekday,27.889,0.017927
8943ae52b7bffff,HNWI,Morning,Weekend,19.403,0.0124723
8943ae52b7bffff,HNWI,Night,Weekday,24.673,0.015783
8943ae52b7bffff,HNWI,Night,Weekend,22.635,0.0144793
8943ae52b7bffff,HNWI,Noon,Weekday,3.664,0.001777
8943ae52b7bffff,HNWI,Noon,Weekend,3.347,0.00162311
8943ae52b7bffff,HNWI,Other,Weekday,12.592,0.007729
8943ae52b7bffff,HNWI,Other,Weekend,16.979,0.010422
8943ae52b7bffff,Potential Car Buyers,After noon,Weekday,11.983,0.007323
8943ae52b7bffff,Potential Car Buyers,After noon,Weekend,7.708,0.00471024
8943ae52b7bffff,Potential Car Buyers,Morning,Weekday,19.312,0.012209
8943ae52b7bffff,Potential Car Buyers,Morning,Weekend,22.732,0.0143712
8943ae52b7bffff,Potential Car Buyers,Night,Weekday,1.723,0.000483
8943ae52b7bffff,Potential Car Buyers,Night,Weekend,1.094,0.000306657
8943ae52b7bffff,Potential Car Buyers,Noon,Weekday,10.714,0.006477
8943ae52b7bffff,Potential Car Buyers,Noon,Weekend,13.255,0.00801317
8943ae52b7bffff,Potential Car Buyers,Other,Weekday,19.642,0.012429
8943ae52b7bffff,Potential Car Buyers,Other,Weekend,22.392,0.0141688
8943ae52c67ffff,Families,After noon,Weekday,1.531,0.000355
8943ae52c67ffff,Families,After noon,Weekend,1.588,0.000368118
8943ae52c67ffff,Families,Morning,Weekday,4.012,0.002009
8943ae52c67ffff,Families,Morning,Weekend,4.066,0.00203586
8943ae52c67ffff,Families,Night,Weekday,16.423,0.010283
8943ae52c67ffff,Families,Night,Weekend,22.581,0.0141385
8943ae52c67ffff,Families,Noon,Weekday,24.646,0.015765
8943ae52c67ffff,Families,Noon,Weekend,19.261,0.0123202
8943ae52c67ffff,Families,Other,Weekday,4.342,0.002229
8943ae52c67ffff,Families,Other,Weekend,4.106,0.00210781
8943ae52c67ffff,HNWI,After noon,Weekday,12.604,0.007737
8943ae52c67ffff,HNWI,After noon,Weekend,11.234,0.0068958
8943ae52c67ffff,HNWI,Morning,Weekday,19.933,0.012623
8943ae52c67ffff,HNWI,Morning,Weekend,23.243,0.0147194
8943ae52c67ffff,HNWI,Night,Weekday,11.869,0.007247
8943ae52c67ffff,HNWI,Night,Weekend,11.828,0.0072218
8943ae52c67ffff,HNWI,Noon,Weekday,25.708,0.016473
8943ae52c67ffff,HNWI,Noon,Weekend,30.346,0.0194446
8943ae52c67ffff,HNWI,Other,Weekday,29.788,0.019193
8943ae52c67ffff,HNWI,Other,Weekend,32.432,0.0208967
8943ae52c67ffff,Potential Car Buyers,After noon,Weekday,16.03,0.010021
8943ae52c67ffff,Potential Car Buyers,After noon,Weekend,20.833,0.0130233
8943ae52c67ffff,Potential Car Buyers,Morning,Weekday,23.359,0.014907
8943ae52c67ffff,Potential Car Buyers,Morning,Weekend,28.782,0.0183675
8943ae52c67ffff,Potential Car Buyers,Night,Weekday,15.295,0.009531
8943ae52c67ffff,Potential Car Buyers,Night,Weekend,17.899,0.011154
8943ae52c67ffff,Potential Car Buyers,Noon,Weekday,14.761,0.009175
8943ae52c67ffff,Potential Car Buyers,Noon,Weekend,14.221,0.00883923
8943ae52c67ffff,Potential Car Buyers,Other,Weekday,3.214,0.001477
8943ae52c67ffff,Potential Car Buyers,Other,Weekend,3.968,0.00182328
8943ae52e73ffff,Families,After noon,Weekday,10.87,0.006581
8943ae52e73ffff,Families,After noon,Weekend,13.548,0.00820246
8943ae52e73ffff,Families,Morning,Weekday,18.199,0.011467
8943ae52e73ffff,Families,Morning,Weekend,13.176,0.00830214
8943ae52e73ffff,Families,Night,Weekday,30.61,0.019741
8943ae52e73ffff,Families,Night,Weekend,20.192,0.0130225
8943ae52e73ffff,Families,Noon,Weekday,14.449,0.008967
8943ae52e73ffff,Families,Noon,Weekend,13.32,0.00826652
8943ae52e73ffff,Families,Other,Weekday,18.529,0.011687
8943ae52e73ffff,Families,Other,Weekend,15.313,0.00965866
8943ae52e73ffff,HNWI,After noon,Weekday,16.9,0.010601
8943ae52e73ffff,HNWI,After noon,Weekend,11.049,0.0069306
8943ae52e73ffff,HNWI,Morning,Weekday,24.229,0.015487
8943ae52e73ffff,HNWI,Morning,Weekend,28.742,0.0183717
8943ae52e73ffff,HNWI,Night,Weekday,21.781,0.013855
8943ae52e73ffff,HNWI,Night,Weekend,19.184,0.0122033
8943ae52e73ffff,HNWI,Noon,Weekday,30.004,0.019337
8943ae52e73ffff,HNWI,Noon,Weekend,19.169,0.0123543
8943ae52e73ffff,HNWI,Other,Weekday,9.7,0.005801
8943ae52e73ffff,HNWI,Other,Weekend,12.598,0.0075339
8943ae52e73ffff,Potential Car Buyers,After noon,Weekday,13.939,0.008627
8943ae52e73ffff,Potential Car Buyers,After noon,Weekend,15.36,0.00950619
8943ae52e73ffff,Potential Car Buyers,Morning,Weekday,16.42,0.010281
8943ae52e73ffff,Potential Car Buyers,Morning,Weekend,21.959,0.0137494
8943ae52e73ffff,Potential Car Buyers,Night,Weekday,3.679,0.001787
8943ae52e73ffff,Potential Car Buyers,Night,Weekend,2.977,0.00144616
8943ae52e73ffff,Potential Car Buyers,Noon,Weekday,7.054,0.004037
8943ae52e73ffff,Potential Car Buyers,Noon,Weekend,6.382,0.00365237
8943ae52e73ffff,Potential Car Buyers,Other,Weekday,16.75,0.010501
8943ae52e73ffff,Potential Car Buyers,Other,Weekend,19.149,0.0120052
8943ae57633ffff,Families,After noon,Weekday,18.634,0.011757
8943ae57633ffff,Families,After noon,Weekend,26.567,0.016762
8943ae57633ffff,Families,Morning,Weekday,25.963,0.016643
8943ae57633ffff,Families,Morning,Weekend,15.454,0.0099066
8943ae57633ffff,Families,Night,Weekday,17.899,0.011267
8943ae57633ffff,Families,Night,Weekend,23.731,0.0149383
8943ae57633ffff,Families,Noon,Weekday,17.365,0.010911
8943ae57633ffff,Families,Noon,Weekend,17.693,0.0111173
8943ae57633ffff,Families,Other,Weekday,5.818,0.003213
8943ae57633ffff,Families,Other,Weekend,5.578,0.00308068
8943ae57633ffff,HNWI,After noon,Weekday,9.805,0.005871
8943ae57633ffff,HNWI,After noon,Weekend,11.293,0.00676177
8943ae57633ffff,HNWI,Morning,Weekday,11.518,0.007013
8943ae57633ffff,HNWI,Morning,Weekend,9.32,0.0056746
8943ae57633ffff,HNWI,Night,Weekday,29.545,0.019031
8943ae57633ffff,HNWI,Night,Weekend,21.882,0.014095
8943ae57633ffff,HNWI,Noon,Weekday,2.92,0.001281
8943ae57633ffff,HNWI,Noon,Weekend,3.329,0.00146055
8943ae57633ffff,HNWI,Other,Weekday,17.464,0.010977
8943ae57633ffff,HNWI,Other,Weekend,21.261,0.0133639
8943ae57633ffff,Potential Car Buyers,After noon,Weekday,13.597,0.008399
8943ae57633ffff,Potential Car Buyers,After noon,Weekend,19.507,0.0120494
8943ae57633ffff,Potential Car Buyers,Morning,Weekday,30.451,0.019635
8943ae57633ffff,Potential Car Buyers,Morning,Weekend,24.116,0.0155503
8943ae57633ffff,Potential Car Buyers,Night,Weekday,12.862,0.007909
8943ae57633ffff,Potential Car Buyers,Night,Weekend,11.797,0.00725436
8943ae57633ffff,Potential Car Buyers,Noon,Weekday,16.237,0.010159
8943ae57633ffff,Potential Car Buyers,Noon,Weekend,11.414,0.00714114
8943ae57633ffff,Potential Car Buyers,Other,Weekday,30.781,0.019855
8943ae57633ffff,Potential Car Buyers,Other,Weekend,20.621,0.0133014
8943aeb29afffff,Families,After noon,Weekday,10.591,0.006395
8943aeb29afffff,Families,After noon,Weekend,9.08,0.00548259
8943aeb29afffff,Families,Morning,Weekday,13.072,0.008049
8943aeb29afffff,Families,Morning,Weekend,15.659,0.00964215
8943aeb29afffff,Families,Night,Weekday,30.331,0.019555
8943aeb29afffff,Families,Night,Weekend,40.991,0.0264278
8943aeb29afffff,Families,Noon,Weekday,9.322,0.005549
8943aeb29afffff,Families,Noon,Weekend,12.246,0.00728981
8943aeb29afffff,Families,Other,Weekday,13.402,0.008269
8943aeb29afffff,Families,Other,Weekend,8.868,0.00547165
8943aeb29afffff,HNWI,After noon,Weekday,22.237,0.014159
8943aeb29afffff,HNWI,After noon,Weekend,16.465,0.010484
8943aeb29afffff,HNWI,Morning,Weekday,9.091,0.005395
8943aeb29afffff,HNWI,Morning,Weekend,6.128,0.00363681
8943aeb29afffff,HNWI,Night,Weekday,21.502,0.013669
8943aeb29afffff,HNWI,Night,Weekend,29.592,0.0188122
8943aeb29afffff,HNWI,Noon,Weekday,24.877,0.015919
8943aeb29afffff,HNWI,Noon,Weekend,24.822,0.0158837
8943aeb29afffff,HNWI,Other,Weekday,9.421,0.005615
8943aeb29afffff,HNWI,Other,Weekend,11.804,0.00703549
8943aeb29afffff,Potential Car Buyers,After noon,Weekday,11.941,0.007295
8943aeb29afffff,Potential Car Buyers,After noon,Weekend,16.787,0.0102557
8943aeb29afffff,Potential Car Buyers,Morning,Weekday,28.795,0.018531
8943aeb29afffff,Potential Car Buyers,Morning,Weekend,40.168,0.02585
8943aeb29afffff,Potential Car Buyers,Night,Weekday,11.206,0.006805
8943aeb29afffff,Potential Car Buyers,Night,Weekend,14.804,0.00898965
8943aeb29afffff,Potential Car Buyers,Noon,Weekday,25.045,0.016031
8943aeb29afffff,Potential Car Buyers,Noon,Weekend,20.873,0.0133607
8943aeb29afffff,Potential Car Buyers,Other,Weekday,29.125,0.018751
8943aeb29afffff,Potential Car Buyers,Other,Weekend,17.031,0.0109646
8943aeb2ba3ffff,Families,After noon,Weekday,22.858,0.014573
8943aeb2ba3ffff,Families,After noon,Weekend,31.196,0.0198886
8943aeb2ba3ffff,Families,Morning,Weekday,25.339,0.016227
8943aeb2ba3ffff,Families,Morning,Weekend,22.359,0.0143189
8943aeb2ba3ffff,Families,Night,Weekday,7.75,0.004501
8943aeb2ba3ffff,Families,Night,Weekend,10.915,0.00633912
8943aeb2ba3ffff,Families,Noon,Weekday,21.589,0.013727
8943aeb2ba3ffff,Families,Noon,Weekend,27.115,0.0172406
8943aeb2ba3ffff,Families,Other,Weekday,25.669,0.016447
8943aeb2ba3ffff,Families,Other,Weekend,16.831,0.010784
8943aeb2ba3ffff,HNWI,After noon,Weekday,24.04,0.015361
8943aeb2ba3ffff,HNWI,After noon,Weekend,32.087,0.0205028
8943aeb2ba3ffff,HNWI,Morning,Weekday,1.369,0.000247
8943aeb2ba3ffff,HNWI,Morning,Weekend,1.883,0.000339654
8943aeb2ba3ffff,HNWI,Night,Weekday,3.769,0.001847
8943aeb2ba3ffff,HNWI,Night,Weekend,3.869,0.00189582
8943aeb2ba3ffff,HNWI,Noon,Weekday,7.144,0.004097
8943aeb2ba3ffff,HNWI,Noon,Weekend,7.68,0.00440467
8943aeb2ba3ffff,HNWI,Other,Weekday,21.688,0.013793
8943aeb2ba3ffff,HNWI,Other,Weekend,26.67,0.0169612
8943aeb2ba3ffff,Potential Car Buyers,After noon,Weekday,21.079,0.013387
8943aeb2ba3ffff,Potential Car Buyers,After noon,Weekend,16.626,0.0105591
8943aeb2ba3ffff,Potential Car Buyers,Morning,Weekday,28.408,0.018273
8943aeb2ba3ffff,Potential Car Buyers,Morning,Weekend,19.599,0.0126069
8943aeb2ba3ffff,Potential Car Buyers,Night,Weekday,10.819,0.006547
8943aeb2ba3ffff,Potential Car Buyers,Night,Weekend,13.202,0.00798934
8943aeb2ba3ffff,Potential Car Buyers,Noon,Weekday,14.194,0.008797
8943aeb2ba3ffff,Potential Car Buyers,Noon,Weekend,8.617,0.00534049
8943aeb2ba3ffff,Potential Car Buyers,Other,Weekday,28.738,0.018493
8943aeb2ba3ffff,Potential Car Buyers,Other,Weekend,29.751,0.0191447
8943aeb626fffff,Families,After noon,Weekday,13.3,0.008201
8943aeb626fffff,Families,After noon,Weekend,18.679,0.0115179
8943aeb626fffff,Families,Morning,Weekday,30.154,0.019437
8943aeb626fffff,Families,Morning,Weekend,38.962,0.0251147
8943aeb626fffff,Families,Night,Weekday,12.565,0.007711
8943aeb626fffff,Families,Night,Weekend,11.942,0.00732842
8943aeb626fffff,Families,Noon,Weekday,21.556,0.013705
8943aeb626fffff,Families,Noon,Weekend,26.476,0.0168331
8943aeb626fffff,Families,Other,Weekday,30.484,0.019657
8943aeb626fffff,Families,Other,Weekend,31.725,0.0204575
8943aeb626fffff,HNWI,After noon,Weekday,28.855,0.018571
8943aeb626fffff,HNWI,After noon,Weekend,20.734,0.0133441
8943aeb626fffff,HNWI,Morning,Weekday,1.336,0.000225
8943aeb626fffff,HNWI,Morning,Weekend,1.845,0.000310782
8943aeb626fffff,HNWI,Night,Weekday,3.736,0.001825
8943aeb626fffff,HNWI,Night,Weekend,5.294,0.00258608
8943aeb626fffff,HNWI,Noon,Weekday,27.586,0.017725
8943aeb626fffff,HNWI,Noon,Weekend,35.44,0.0227712
8943aeb626fffff,HNWI,Other,Weekday,16.039,0.010027
8943aeb626fffff,HNWI,Other,Weekend,13.916,0.00870008
8943aeb626fffff,Potential Car Buyers,After noon,Weekday,24.175,0.015451
8943aeb626fffff,Potential Car Buyers,After noon,Weekend,19.882,0.012707
8943aeb626fffff,Potential Car Buyers,Morning,Weekday,1.504,0.000337
8943aeb626fffff,Potential Car Buyers,Morning,Weekend,1.583,0.000354606
8943aeb626fffff,Potential Car Buyers,Night,Weekday,23.44,0.014961
8943aeb626fffff,Potential Car Buyers,Night,Weekend,18.817,0.0120105
8943aeb626fffff,Potential Car Buyers,Noon,Weekday,22.906,0.014605
8943aeb626fffff,Potential Car Buyers,Noon,Weekend,32.929,0.0209956
8943aeb626fffff,Potential Car Buyers,Other,Weekday,11.359,0.006907
8943aeb626fffff,Potential Car Buyers,Other,Weekend,9.529,0.00579453
8943aeb63d7ffff,Families,After noon,Weekday,24.55,0.015701
8943aeb63d7ffff,Families,After noon,Weekend,25.024,0.0160041
8943aeb63d7ffff,Families,Morning,Weekday,1.879,0.000587
8943aeb63d7ffff,Families,Morning,Weekend,1.637,0.00051133
8943aeb63d7ffff,Families,Night,Weekday,23.815,0.015211
8943aeb63d7ffff,Families,Night,Weekend,18.168,0.0116043
8943aeb63d7ffff,Families,Noon,Weekday,7.654,0.004437
8943aeb63d7ffff,Families,Noon,Weekend,6.657,0.00385891
8943aeb63d7ffff,Families,Other,Weekday,11.734,0.007157
8943aeb63d7ffff,Families,Other,Weekend,9.39,0.00572709
8943aeb63d7ffff,HNWI,After noon,Weekday,1.999,0.000667
8943aeb63d7ffff,HNWI,After noon,Weekend,2.217,0.000739773
8943aeb63d7ffff,HNWI,Morning,Weekday,9.328,0.005553
8943aeb63d7ffff,HNWI,Morning,Weekend,13.205,0.0078611
8943aeb63d7ffff,HNWI,Night,Weekday,6.112,0.003409
8943aeb63d7ffff,HNWI,Night,Weekend,8.573,0.00478181
8943aeb63d7ffff,HNWI,Noon,Weekday,5.578,0.003053
8943aeb63d7ffff,HNWI,Noon,Weekend,5.54,0.00303213
8943aeb63d7ffff,HNWI,Other,Weekday,19.183,0.012123
8943aeb63d7ffff,HNWI,Other,Weekend,14.399,0.00909964
8943aeb63d7ffff,Potential Car Buyers,After noon,Weekday,23.422,0.014949
8943aeb63d7ffff,Potential Car Buyers,After noon,Weekend,12.966,0.00827562
8943aeb63d7ffff,Potential Car Buyers,Morning,Weekday,30.751,0.019835
8943aeb63d7ffff,Potential Car Buyers,Morning,Weekend,44.185,0.0285004
8943aeb63d7ffff,Potential Car Buyers,Night,Weekday,18.778,0.011853
8943aeb63d7ffff,Potential Car Buyers,Night,Weekend,20.078,0.0126736
8943aeb63d7ffff,Potential Car Buyers,Noon,Weekday,22.153,0.014103
8943aeb63d7ffff,Potential Car Buyers,Noon,Weekend,29.436,0.0187397
8943aeb63d7ffff,Potential Car Buyers,Other,Weekday,6.697,0.003799
8943aeb63d7ffff,Potential Car Buyers,Other,Weekend,9.064,0.00514151
8943aeb6627ffff,Families,After noon,Weekday,12.331,0.007555
8943aeb6627ffff,Families,After noon,Weekend,11.951,0.00732246
8943aeb6627ffff,Families,Morning,Weekday,19.66,0.012441
8943aeb6627ffff,Families,Morning,Weekend,25.445,0.0161021
8943aeb6627ffff,Families,Night,Weekday,11.596,0.007065
8943aeb6627ffff,Families,Night,Weekend,10.973,0.00668567
8943aeb6627ffff,Families,Noon,Weekday,25.435,0.016291
8943aeb6627ffff,Families,Noon,Weekend,14.881,0.00953142
8943aeb6627ffff,Families,Other,Weekday,29.515,0.019011
8943aeb6627ffff,Families,Other,Weekend,29.72,0.019143
8943aeb6627ffff,HNWI,After noon,Weekday,21.499,0.013667
8943aeb6627ffff,HNWI,After noon,Weekend,21.614,0.0137402
8943aeb6627ffff,HNWI,Morning,Weekday,28.828,0.018553
8943aeb6627ffff,HNWI,Morning,Weekend,37.663,0.0242392
8943aeb6627ffff,HNWI,Night,Weekday,11.239,0.006827
8943aeb6627ffff,HNWI,Night,Weekend,7.035,0.00427344
8943aeb6627ffff,HNWI,Noon,Weekday,20.23,0.012821
8943aeb6627ffff,HNWI,Noon,Weekend,14.36,0.00910108
8943aeb6627ffff,HNWI,Other,Weekday,29.158,0.018773
8943aeb6627ffff,HNWI,Other,Weekend,31.726,0.0204261
8943aeb6627ffff,Potential Car Buyers,After noon,Weekday,21.667,0.013779
8943aeb6627ffff,Potential Car Buyers,After noon,Weekend,19.763,0.0125682
8943aeb6627ffff,Potential Car Buyers,Morning,Weekday,24.148,0.015433
8943aeb6627ffff,Potential Car Buyers,Morning,Weekend,34.283,0.02191
8943aeb6627ffff,Potential Car Buyers,Night,Weekday,6.559,0.003707
8943aeb6627ffff,Potential Car Buyers,Night,Weekend,6.991,0.00395132
8943aeb6627ffff,Potential Car Buyers,Noon,Weekday,20.398,0.012933
8943aeb6627ffff,Potential Car Buyers,Noon,Weekend,28.439,0.0180312
8943aeb6627ffff,Potential Car Buyers,Other,Weekday,24.478,0.015653
8943aeb6627ffff,Potential Car Buyers,Other,Weekend,35.166,0.0224877
8943aeb669bffff,Families,After noon,Weekday,5.602,0.003069
8943aeb669bffff,Families,After noon,Weekend,7.762,0.00425232
8943aeb669bffff,Families,Morning,Weekday,8.083,0.004723
8943aeb669bffff,Families,Morning,Weekend,9.842,0.00575081
8943aeb669bffff,Families,Night,Weekday,4.867,0.002579
8943aeb669bffff,Families,Night,Weekend,6.332,0.0033553
8943aeb669bffff,Families,Noon,Weekday,28.717,0.018479
8943aeb669bffff,Families,Noon,Weekend,32.381,0.0208369
8943aeb669bffff,Families,Other,Weekday,22.786,0.014525
8943aeb669bffff,Families,Other,Weekend,21.235,0.0135364
8943aeb669bffff,HNWI,After noon,Weekday,21.157,0.013439
8943aeb669bffff,HNWI,After noon,Weekend,24.077,0.0152937
8943aeb669bffff,HNWI,Morning,Weekday,28.486,0.018325
8943aeb669bffff,HNWI,Morning,Weekend,33.915,0.0218173
8943aeb669bffff,HNWI,Night,Weekday,10.897,0.006599
8943aeb669bffff,HNWI,Night,Weekend,8.164,0.00494409
8943aeb669bffff,HNWI,Noon,Weekday,19.888,0.012593
8943aeb669bffff,HNWI,Noon,Weekend,26.289,0.0166458
8943aeb669bffff,HNWI,Other,Weekday,28.816,0.018545
8943aeb669bffff,HNWI,Other,Weekend,22.554,0.0145148
8943aeb669bffff,Potential Car Buyers,After noon,Weekday,20.101,0.012735
8943aeb669bffff,Potential Car Buyers,After noon,Weekend,21.729,0.0137662
8943aeb669bffff,Potential Car Buyers,Morning,Weekday,27.43,0.017621
8943aeb669bffff,Potential Car Buyers,Morning,Weekend,31.151,0.0200112
8943aeb669bffff,Potential Car Buyers,Night,Weekday,24.214,0.015477
8943aeb669bffff,Potential Car Buyers,Night,Weekend,24.107,0.0154086
8943aeb669bffff,Potential Car Buyers,Noon,Weekday,3.205,0.001471
8943aeb669bffff,Potential Car Buyers,Noon,Weekend,3.882,0.00178167
8943aeb669bffff,Potential Car Buyers,Other,Weekday,12.133,0.007423
8943aeb669bffff,Potential Car Buyers,Other,Weekend,14.73,0.00901167
8943aeb66abffff,Families,After noon,Weekday,28.696,0.018465
8943aeb66abffff,Families,After noon,Weekend,26.275,0.0169071
8943aeb66abffff,Families,Morning,Weekday,9.934,0.005957
8943aeb66abffff,Families,Morning,Weekend,8.297,0.00497528
8943aeb66abffff,Families,Night,Weekday,27.961,0.017975
8943aeb66abffff,Families,Night,Weekend,26.537,0.0170598
8943aeb66abffff,Families,Noon,Weekday,6.184,0.003457
8943aeb66abffff,Families,Noon,Weekend,5.728,0.00320182
8943aeb66abffff,Families,Other,Weekday,15.88,0.009921
8943aeb66abffff,Families,Other,Weekend,17.516,0.0109429
8943aeb66abffff,HNWI,After noon,Weekday,14.251,0.008835
8943aeb66abffff,HNWI,After noon,Weekend,18.113,0.0112293
8943aeb66abffff,HNWI,Morning,Weekday,21.58,0.013721
8943aeb66abffff,HNWI,Morning,Weekend,28.323,0.0180084
8943aeb66abffff,HNWI,Night,Weekday,13.516,0.008345
8943aeb66abffff,HNWI,Night,Weekend,11.259,0.00695158
8943aeb66abffff,HNWI,Noon,Weekday,17.83,0.011221
8943aeb66abffff,HNWI,Noon,Weekend,20.744,0.0130551
8943aeb66abffff,HNWI,Other,Weekday,1.435,0.000291
8943aeb66abffff,HNWI,Other,Weekend,1.187,0.00024073
8943aeb66abffff,Potential Car Buyers,After noon,Weekday,27.568,0.017713
8943aeb66abffff,Potential Car Buyers,After noon,Weekend,30.71,0.0197321
8943aeb66abffff,Potential Car Buyers,Morning,Weekday,4.897,0.002599
8943aeb66abffff,Potential Car Buyers,Morning,Weekend,6.126,0.00325126
8943aeb66abffff,Potential Car Buyers,Night,Weekday,17.308,0.010873
8943aeb66abffff,Potential Car Buyers,Night,Weekend,24.691,0.0155113
8943aeb66abffff,Potential Car Buyers,Noon,Weekday,26.299,0.016867
8943aeb66abffff,Potential Car Buyers,Noon,Weekend,29.672,0.0190304
8943aeb66abffff,Potential Car Buyers,Other,Weekday,5.227,0.002819
8943aeb66abffff,Potential Car Buyers,Other,Weekend,6.938,0.00374152
8943aeb7033ffff,Families,After noon,Weekday,19.516,0.012345
8943aeb7033ffff,Families,After noon,Weekend,23.285,0.0147294
8943aeb7033ffff,Families,Morning,Weekday,21.997,0.013999
8943aeb7033ffff,Families,Morning,Weekend,25.366,0.0161432
8943aeb7033ffff,Families,Night,Weekday,4.408,0.002273
8943aeb7033ffff,Families,Night,Weekend,4.943,0.00254873
8943aeb7033ffff,Families,Noon,Weekday,12.631,0.007755
8943aeb7033ffff,Families,Noon,Weekend,9.144,0.00561389
8943aeb7033ffff,Families,Other,Weekday,22.327,0.014219
8943aeb7033ffff,Families,Other,Weekend,14.117,0.00899054
8943aeb7033ffff,HNWI,After noon,Weekday,14.311,0.008875
8943aeb7033ffff,HNWI,After noon,Weekend,18.184,0.0112765
8943aeb7033ffff,HNWI,Morning,Weekday,21.64,0.013761
8943aeb7033ffff,HNWI,Morning,Weekend,30.458,0.0193684
8943aeb7033ffff,HNWI,Night,Weekday,13.576,0.008385
8943aeb7033ffff,HNWI,Night,Weekend,18.404,0.0113669
8943aeb7033ffff,HNWI,Noon,Weekday,7.426,0.004285
8943aeb7033ffff,HNWI,Noon,Weekend,7.353,0.00424271
8943aeb7033ffff,HNWI,Other,Weekday,1.495,0.000331
8943aeb7033ffff,HNWI,Other,Weekend,1.151,0.000254734
8943aeb7033ffff,Potential Car Buyers,After noon,Weekday,17.737,0.011159
8943aeb7033ffff,Potential Car Buyers,After noon,Weekend,10.194,0.00641356
8943aeb7033ffff,Potential Car Buyers,Morning,Weekday,25.066,0.016045
8943aeb7033ffff,Potential Car Buyers,Morning,Weekend,19.014,0.0121711
8943aeb7033ffff,Potential Car Buyers,Night,Weekday,7.477,0.004319
8943aeb7033ffff,Potential Car Buyers,Night,Weekend,9.69,0.00559707
8943aeb7033ffff,Potential Car Buyers,Noon,Weekday,10.852,0.006569
8943aeb7033ffff,Potential Car Buyers,Noon,Weekend,7.953,0.00481403
8943aeb7033ffff,Potential Car Buyers,Other,Weekday,25.396,0.016265
8943aeb7033ffff,Potential Car Buyers,Other,Weekend,22.853,0.0146362
8943aeb708fffff,Families,After noon,Weekday,3.247,0.001499
8943aeb708fffff,Families,After noon,Weekend,2.186,0.00100913
8943aeb708fffff,Families,Morning,Weekday,10.576,0.006385
8943aeb708fffff,Families,Morning,Weekend,13.649,0.00824009
8943aeb708fffff,Families,Night,Weekday,2.512,0.001009
8943aeb708fffff,Families,Night,Weekend,3.327,0.00133638
8943aeb708fffff,Families,Noon,Weekday,16.351,0.010235
8943aeb708fffff,Families,Noon,Weekend,20.438,0.0127936
8943aeb708fffff,Families,Other,Weekday,20.431,0.012955
8943aeb708fffff,Families,Other,Weekend,26.617,0.0168775
8943aeb708fffff,HNWI,After noon,Weekday,12.415,0.007611
8943aeb708fffff,HNWI,After noon,Weekend,9.582,0.00587401
8943aeb708fffff,HNWI,Morning,Weekday,14.896,0.009265
8943aeb708fffff,HNWI,Morning,Weekend,14.433,0.00897685
8943aeb708fffff,HNWI,Night,Weekday,27.307,0.017539
8943aeb708fffff,HNWI,Night,Weekend,23.647,0.0151883
8943aeb708fffff,HNWI,Noon,Weekday,11.146,0.006765
8943aeb708fffff,HNWI,Noon,Weekend,8.398,0.00509725
8943aeb708fffff,HNWI,Other,Weekday,15.226,0.009485
8943aeb708fffff,HNWI,Other,Weekend,20.026,0.0124752
8943aeb708fffff,Potential Car Buyers,After noon,Weekday,22.594,0.014397
8943aeb708fffff,Potential Car Buyers,After noon,Weekend,14.929,0.00951266
8943aeb708fffff,Potential Car Buyers,Morning,Weekday,9.448,0.005633
8943aeb708fffff,Potential Car Buyers,Morning,Weekend,6.246,0.00372394
8943aeb708fffff,Potential Car Buyers,Night,Weekday,27.475,0.017651
8943aeb708fffff,Potential Car Buyers,Night,Weekend,33.187,0.0213209
8943aeb708fffff,Potential Car Buyers,Noon,Weekday,30.85,0.019901
8943aeb708fffff,Potential Car Buyers,Noon,Weekend,19.191,0.0123801
8943aeb708fffff,Potential Car Buyers,Other,Weekday,15.394,0.009597
8943aeb708fffff,Potential Car Buyers,Other,Weekend,13.676,0.00852587
8943aeb7133ffff,Families,After noon,Weekday,20.455,0.012971
8943aeb7133ffff,Families,After noon,Weekend,23.416,0.0148484
8943aeb7133ffff,Families,Morning,Weekday,7.309,0.004207
8943aeb7133ffff,Families,Morning,Weekend,9.038,0.00520236
8943aeb7133ffff,Families,Night,Weekday,19.72,0.012481
8943aeb7133ffff,Families,Night,Weekend,12.74,0.00806308
8943aeb7133ffff,Families,Noon,Weekday,3.559,0.001707
8943aeb7133ffff,Families,Noon,Weekend,4.058,0.00194643
8943aeb7133ffff,Families,Other,Weekday,7.639,0.004427
8943aeb7133ffff,Families,Other,Weekend,5.232,0.00303218
8943aeb7133ffff,HNWI,After noon,Weekday,16.474,0.010317
8943aeb7133ffff,HNWI,After noon,Weekend,9.661,0.00605048
8943aeb7133ffff,HNWI,Morning,Weekday,18.955,0.011971
8943aeb7133ffff,HNWI,Morning,Weekend,12.229,0.00772323
8943aeb7133ffff,HNWI,Night,Weekday,15.739,0.009827
8943aeb7133ffff,HNWI,Night,Weekend,17.125,0.0106923
8943aeb7133ffff,HNWI,Noon,Weekday,15.205,0.009471
8943aeb7133ffff,HNWI,Noon,Weekend,21.161,0.0131812
8943aeb7133ffff,HNWI,Other,Weekday,3.658,0.001773
8943aeb7133ffff,HNWI,Other,Weekend,4.987,0.00241694
8943aeb7133ffff,Potential Car Buyers,After noon,Weekday,23.524,0.015017
8943aeb7133ffff,Potential Car Buyers,After noon,Weekend,29.01,0.0185192
8943aeb7133ffff,Potential Car Buyers,Morning,Weekday,10.378,0.006253
8943aeb7133ffff,Potential Car Buyers,Morning,Weekend,8.895,0.00535971
8943aeb7133ffff,Potential Car Buyers,Night,Weekday,22.789,0.014527
8943aeb7133ffff,Potential Car Buyers,Night,Weekend,15.929,0.0101542
8943aeb7133ffff,Potential Car Buyers,Noon,Weekday,6.628,0.003753
8943aeb7133ffff,Potential Car Buyers,Noon,Weekend,7.13,0.00403732
8943aeb7133ffff,Potential Car Buyers,Other,Weekday,10.708,0.006473
8943aeb7133ffff,Potential Car Buyers,Other,Weekend,5.966,0.00360633
8943aeb7163ffff,Families,After noon,Weekday,18.454,0.011637
8943aeb7163ffff,Families,After noon,Weekend,21.63,0.0136398
8943aeb7163ffff,Families,Morning,Weekday,5.308,0.002873
8943aeb7163ffff,Families,Morning,Weekend,6.962,0.00376801
8943aeb7163ffff,Families,Night,Weekday,17.719,0.011147
8943aeb7163ffff,Families,Night,Weekend,19.597,0.0123283
8943aeb7163ffff,Families,Noon,Weekday,1.558,0.000373
8943aeb7163ffff,Families,Noon,Weekend,1.434,0.000343426
8943aeb7163ffff,Families,Other,Weekday,5.638,0.003093
8943aeb7163ffff,Families,Other,Weekend,3.229,0.00177132
8943aeb7163ffff,HNWI,After noon,Weekday,9.625,0.005751
8943aeb7163ffff,HNWI,After noon,Weekend,10.811,0.00645986
8943aeb7163ffff,HNWI,Morning,Weekday,16.954,0.010637
8943aeb7163ffff,HNWI,Morning,Weekend,21.502,0.0134902
8943aeb7163ffff,HNWI,Night,Weekday,8.89,0.005261
8943aeb7163ffff,HNWI,Night,Weekend,5.427,0.00321141
8943aeb7163ffff,HNWI,Noon,Weekday,13.204,0.008137
8943aeb7163ffff,HNWI,Noon,Weekend,12.87,0.00793089
8943aeb7163ffff,HNWI,Other,Weekday,26.809,0.017207
8943aeb7163ffff,HNWI,Other,Weekend,16.925,0.010863
8943aeb7163ffff,Potential Car Buyers,After noon,Weekday,21.523,0.013683
8943aeb7163ffff,Potential Car Buyers,After noon,Weekend,16.457,0.0104626
8943aeb7163ffff,Potential Car Buyers,Morning,Weekday,8.377,0.004919
8943aeb7163ffff,Potential Car Buyers,Morning,Weekend,12.012,0.00705371
8943aeb7163ffff,Potential Car Buyers,Night,Weekday,20.788,0.013193
8943aeb7163ffff,Potential Car Buyers,Night,Weekend,24.556,0.0155844
8943aeb7163ffff,Potential Car Buyers,Noon,Weekday,29.779,0.019187
8943aeb7163ffff,Potential Car Buyers,Noon,Weekend,29.404,0.0189454
8943aeb7163ffff,Potential Car Buyers,Other,Weekday,8.707,0.005139
8943aeb7163ffff,Potential Car Buyers,Other,Weekend,12.054,0.00711417
8943aeb7283ffff,Families,After noon,Weekday,28.435,0.018291
8943aeb7283ffff,Families,After noon,Weekend,34.479,0.0221791
8943aeb7283ffff,Families,Morning,Weekday,30.916,0.019945
8943aeb7283ffff,Families,Morning,Weekend,18.674,0.0120471
8943aeb7283ffff,Families,Night,Weekday,3.316,0.001545
8943aeb7283ffff,Families,Night,Weekend,2.641,0.0012303
8943aeb7283ffff,Families,Noon,Weekday,27.166,0.017445
8943aeb7283ffff,Families,Noon,Weekend,32.273,0.0207247
8943aeb7283ffff,Families,Other,Weekday,11.71,0.007141
8943aeb7283ffff,Families,Other,Weekend,11.266,0.00687044
8943aeb7283ffff,HNWI,After noon,Weekday,10.081,0.006055
8943aeb7283ffff,HNWI,After noon,Weekend,5.831,0.00350207
8943aeb7283ffff,HNWI,Morning,Weekday,26.935,0.017291
8943aeb7283ffff,HNWI,Morning,Weekend,38.317,0.0245977
8943aeb7283ffff,HNWI,Night,Weekday,9.346,0.005565
8943aeb7283ffff,HNWI,Night,Weekend,5.281,0.00314443
8943aeb7283ffff,HNWI,Noon,Weekday,18.337,0.011559
8943aeb7283ffff,HNWI,Noon,Weekend,12.382,0.00780507
8943aeb7283ffff,HNWI,Other,Weekday,27.265,0.017511
8943aeb7283ffff,HNWI,Other,Weekend,31.521,0.0202445
8943aeb7283ffff,Potential Car Buyers,After noon,Weekday,26.656,0.017105
8943aeb7283ffff,Potential Car Buyers,After noon,Weekend,22.96,0.0147333
8943aeb7283ffff,Potential Car Buyers,Morning,Weekday,3.985,0.001991
8943aeb7283ffff,Potential Car Buyers,Morning,Weekend,4.308,0.00215215
8943aeb7283ffff,Potential Car Buyers,Night,Weekday,25.921,0.016615
8943aeb7283ffff,Potential Car Buyers,Night,Weekend,24.565,0.0157457
8943aeb7283ffff,Potential Car Buyers,Noon,Weekday,30.235,0.019491
8943aeb7283ffff,Potential Car Buyers,Noon,Weekend,37.536,0.0241975
8943aeb7283ffff,Potential Car Buyers,Other,Weekday,13.84,0.008561
8943aeb7283ffff,Potential Car Buyers,Other,Weekend,9.333,0.00577293
8943aeb72abffff,Families,After noon,Weekday,22.363,0.014243
8943aeb72abffff,Families,After noon,Weekend,31.027,0.0197611
8943aeb72abffff,Families,Morning,Weekday,29.692,0.019129
8943aeb72abffff,Families,Morning,Weekend,26.334,0.0169656
8943aeb72abffff,Families,Night,Weekday,21.628,0.013753
8943aeb72abffff,Families,Night,Weekend,12.877,0.0081883
8943aeb72abffff,Families,Noon,Weekday,5.467,0.002979
8943aeb72abffff,Families,Noon,Weekend,4.485,0.00244367
8943aeb72abffff,Families,Other,Weekday,9.547,0.005699
8943aeb72abffff,Families,Other,Weekend,10.22,0.00610103
8943aeb72abffff,HNWI,After noon,Weekday,7.918,0.004613
8943aeb72abffff,HNWI,After noon,Weekend,5.098,0.00297014
8943aeb72abffff,HNWI,Morning,Weekday,15.247,0.009499
8943aeb72abffff,HNWI,Morning,Weekend,10.86,0.00676609
8943aeb72abffff,HNWI,Night,Weekday,17.647,0.011099
8943aeb72abffff,HNWI,Night,Weekend,11.882,0.00747305
8943aeb72abffff,HNWI,Noon,Weekday,11.497,0.006999
8943aeb72abffff,HNWI,Noon,Weekend,8.14,0.00495555
8943aeb72abffff,HNWI,Other,Weekday,29.95,0.019301
8943aeb72abffff,HNWI,Other,Weekend,39.242,0.0252893
8943aeb72abffff,Potential Car Buyers,After noon,Weekday,25.432,0.016289
8943aeb72abffff,Potential Car Buyers,After noon,Weekend,14.765,0.00945712
8943aeb72abffff,Potential Car Buyers,Morning,Weekday,2.761,0.001175
8943aeb72abffff,Potential Car Buyers,Morning,Weekend,3.132,0.00133292
8943aeb72abffff,Potential Car Buyers,Night,Weekday,24.697,0.015799
8943aeb72abffff,Potential Car Buyers,Night,Weekend,29.794,0.0190599
8943aeb72abffff,Potential Car Buyers,Noon,Weekday,28.072,0.018049
8943aeb72abffff,Potential Car Buyers,Noon,Weekend,16.047,0.0103176
8943aeb72abffff,Potential Car Buyers,Other,Weekday,12.616,0.007745
8943aeb72abffff,Potential Car Buyers,Other,Weekend,13.019,0.00799242
8943aeb737bffff,Families,After noon,Weekday,24.22,0.015481
8943aeb737bffff,Families,After noon,Weekend,33.179,0.0212074
8943aeb737bffff,Families,Morning,Weekday,26.701,0.017135
8943aeb737bffff,Families,Morning,Weekend,19.218,0.0123326
8943aeb737bffff,Families,Night,Weekday,13.96,0.008641
8943aeb737bffff,Families,Night,Weekend,14.262,0.00882817
8943aeb737bffff,Families,Noon,Weekday,22.951,0.014635
8943aeb737bffff,Families,Noon,Weekend,13.923,0.00887796
8943aeb737bffff,Families,Other,Weekday,1.879,0.000587
8943aeb737bffff,Families,Other,Weekend,1.752,0.000547209
8943aeb737bffff,HNWI,After noon,Weekday,5.866,0.003245
8943aeb737bffff,HNWI,After noon,Weekend,7.741,0.0042824
8943aeb737bffff,HNWI,Morning,Weekday,8.347,0.004899
8943aeb737bffff,HNWI,Morning,Weekend,9.811,0.00575846
8943aeb737bffff,HNWI,Night,Weekday,5.131,0.002755
8943aeb737bffff,HNWI,Night,Weekend,5.673,0.00304606
8943aeb737bffff,HNWI,Noon,Weekday,18.97,0.011981
8943aeb737bffff,HNWI,Noon,Weekend,10.947,0.00691408
8943aeb737bffff,HNWI,Other,Weekday,23.05,0.014701
8943aeb737bffff,HNWI,Other,Weekend,16.603,0.010589
8943aeb737bffff,Potential Car Buyers,After noon,Weekday,1.186,0.000125
8943aeb737bffff,Potential Car Buyers,After noon,Weekend,0.914,9.63627e-05
8943aeb737bffff,Potential Car Buyers,Morning,Weekday,8.515,0.005011
8943aeb737bffff,Potential Car Buyers,Morning,Weekend,12.346,0.00726539
8943aeb737bffff,Potential Car Buyers,Night,Weekday,30.451,0.019635
8943aeb737bffff,Potential Car Buyers,Night,Weekend,42.904,0.0276648
8943aeb737bffff,Potential Car Buyers,Noon,Weekday,8.674,0.005117
8943aeb737bffff,Potential Car Buyers,Noon,Weekend,7.075,0.00417399
8943aeb737bffff,Potential Car Buyers,Other,Weekday,18.37,0.011581
8943aeb737bffff,Potential Car Buyers,Other,Weekend,14.222,0.00896606
8943aeb7437ffff,Families,After noon,Weekday,6.43,0.003621
8943aeb7437ffff,Families,After noon,Weekend,8.905,0.00501474
8943aeb7437ffff,Families,Morning,Weekday,8.911,0.005275
8943aeb7437ffff,Families,Morning,Weekend,7.161,0.00423892
8943aeb7437ffff,Families,Night,Weekday,21.322,0.013549
8943aeb7437ffff,Families,Night,Weekend,20.947,0.0133105
8943aeb7437ffff,Families,Noon,Weekday,29.545,0.019031
8943aeb7437ffff,Families,Noon,Weekend,39.087,0.0251772
8943aeb7437ffff,Families,Other,Weekday,9.241,0.005495
8943aeb7437ffff,Families,Other,Weekend,12.185,0.0072456
8943aeb7437ffff,HNWI,After noon,Weekday,12.46,0.007641
8943aeb7437ffff,HNWI,After noon,Weekend,11.729,0.00719257
8943aeb7437ffff,HNWI,Morning,Weekday,14.941,0.009295
8943aeb7437ffff,HNWI,Morning,Weekend,20.043,0.0124689
8943aeb7437ffff,HNWI,Night,Weekday,11.725,0.007151
8943aeb7437ffff,HNWI,Night,Weekend,13.502,0.00823473
8943aeb7437ffff,HNWI,Noon,Weekday,20.716,0.013145
8943aeb7437ffff,HNWI,Noon,Weekend,21.734,0.0137912
8943aeb7437ffff,HNWI,Other,Weekday,29.644,0.019097
8943aeb7437ffff,HNWI,Other,Weekend,37.803,0.0243529
8943aeb7437ffff,Potential Car Buyers,After noon,Weekday,20.929,0.013287
8943aeb7437ffff,Potential Car Buyers,After noon,Weekend,24.049,0.015268
8943aeb7437ffff,Potential Car Buyers,Morning,Weekday,28.258,0.018173
8943aeb7437ffff,Potential Car Buyers,Morning,Weekend,26.254,0.0168845
8943aeb7437ffff,Potential Car Buyers,Night,Weekday,25.042,0.016029
8943aeb7437ffff,Potential Car Buyers,Night,Weekend,23.392,0.0149728
8943aeb7437ffff,Potential Car Buyers,Noon,Weekday,24.508,0.015673
8943aeb7437ffff,Potential Car Buyers,Noon,Weekend,19.762,0.0126381
8943aeb7437ffff,Potential Car Buyers,Other,Weekday,8.113,0.004743
8943aeb7437ffff,Potential Car Buyers,Other,Weekend,5.435,0.00317766
8943aeb7463ffff,Families,After noon,Weekday,26.569,0.017047
8943aeb7463ffff,Families,After noon,Weekend,37.022,0.0237541
8943aeb7463ffff,Families,Morning,Weekday,29.05,0.018701
8943aeb7463ffff,Families,Morning,Weekend,39.329,0.0253182
8943aeb7463ffff,Families,Night,Weekday,11.461,0.006975
8943aeb7463ffff,Families,Night,Weekend,15.614,0.00950224
8943aeb7463ffff,Families,Noon,Weekday,19.684,0.012457
8943aeb7463ffff,Families,Noon,Weekend,24.395,0.0154383
8943aeb7463ffff,Families,Other,Weekday,29.38,0.018921
8943aeb7463ffff,Families,Other,Weekend,35.242,0.0226962
8943aeb7463ffff,HNWI,After noon,Weekday,27.751,0.017835
8943aeb7463ffff,HNWI,After noon,Weekend,38.667,0.0248503
8943aeb7463ffff,HNWI,Morning,Weekday,5.08,0.002721
8943aeb7463ffff,HNWI,Morning,Weekend,6.401,0.00342863
8943aeb7463ffff,HNWI,Night,Weekday,27.016,0.017345
8943aeb7463ffff,HNWI,Night,Weekend,31.751,0.0203851
8943aeb7463ffff,HNWI,Noon,Weekday,1.33,0.000221
8943aeb7463ffff,HNWI,Noon,Weekend,1.487,0.000247118
8943aeb7463ffff,HNWI,Other,Weekday,14.935,0.009291
8943aeb7463ffff,HNWI,Other,Weekend,20.643,0.0128417
8943aeb7463ffff,Potential Car Buyers,After noon,Weekday,19.174,0.012117
8943aeb7463ffff,Potential Car Buyers,After noon,Weekend,18.005,0.0113783
8943aeb7463ffff,Potential Car Buyers,Morning,Weekday,26.503,0.017003
8943aeb7463ffff,Potential Car Buyers,Morning,Weekend,28.054,0.0179979
8943aeb7463ffff,Potential Car Buyers,Night,Weekday,14.53,0.009021
8943aeb7463ffff,Potential Car Buyers,Night,Weekend,8.166,0.00506999
8943aeb7463ffff,Potential Car Buyers,Noon,Weekday,17.905,0.011271
8943aeb7463ffff,Potential Car Buyers,Noon,Weekend,18.749,0.0118023
8943aeb7463ffff,Potential Car Buyers,Other,Weekday,2.449,0.000967
8943aeb7463ffff,Potential Car Buyers,Other,Weekend,2.898,0.00114422
8943aeb7517ffff,Families,After noon,Weekday,11.662,0.007109
8943aeb7517ffff,Families,After noon,Weekend,14.074,0.00857957
8943aeb7517ffff,Families,Morning,Weekday,14.143,0.008763
8943aeb7517ffff,Families,Morning,Weekend,19.28,0.0119459
8943aeb7517ffff,Families,Night,Weekday,10.927,0.006619
8943aeb7517ffff,Families,Night,Weekend,13.074,0.00791977
8943aeb7517ffff,Families,Noon,Weekday,14.302,0.008869
8943aeb7517ffff,Families,Noon,Weekend,9.37,0.00581071
8943aeb7517ffff,Families,Other,Weekday,28.846,0.018565
8943aeb7517ffff,Families,Other,Weekend,23.31,0.0150024
8943aeb7517ffff,HNWI,After noon,Weekday,19.111,0.012075
8943aeb7517ffff,HNWI,After noon,Weekend,17.249,0.0108987
8943aeb7517ffff,HNWI,Morning,Weekday,26.44,0.016961
8943aeb7517ffff,HNWI,Morning,Weekend,19.248,0.0123476
8943aeb7517ffff,HNWI,Night,Weekday,18.376,0.011585
8943aeb7517ffff,HNWI,Night,Weekend,23.722,0.0149551
8943aeb7517ffff,HNWI,Noon,Weekday,2.215,0.000811
8943aeb7517ffff,HNWI,Noon,Weekend,2.56,0.00093739
8943aeb7517ffff,HNWI,Other,Weekday,6.295,0.003531
8943aeb7517ffff,HNWI,Other,Weekend,7.755,0.00435002
8943aeb7517ffff,Potential Car Buyers,After noon,Weekday,22.537,0.014359
8943aeb7517ffff,Potential Car Buyers,After noon,Weekend,18.564,0.0118274
8943aeb7517ffff,Potential Car Buyers,Morning,Weekday,29.866,0.019245
8943aeb7517ffff,Potential Car Buyers,Morning,Weekend,24.858,0.0160178
8943aeb7517ffff,Potential Car Buyers,Night,Weekday,12.277,0.007519
8943aeb7517ffff,Potential Car Buyers,Night,Weekend,11.497,0.00704123
8943aeb7517ffff,Potential Car Buyers,Noon,Weekday,26.116,0.016745
8943aeb7517ffff,Potential Car Buyers,Noon,Weekend,27.788,0.017817
8943aeb7517ffff,Potential Car Buyers,Other,Weekday,30.196,0.019465
8943aeb7517ffff,Potential Car Buyers,Other,Weekend,43.284,0.0279021
8943aeb7537ffff,Families,After noon,Weekday,17.005,0.010671
8943aeb7537ffff,Families,After noon,Weekend,17.987,0.0112869
8943aeb7537ffff,Families,Morning,Weekday,19.486,0.012325
8943aeb7537ffff,Families,Morning,Weekend,14.274,0.00902854
8943aeb7537ffff,Families,Night,Weekday,1.897,0.000599
8943aeb7537ffff,Families,Night,Weekend,1.405,0.000443555
8943aeb7537ffff,Families,Noon,Weekday,15.736,0.009825
8943aeb7537ffff,Families,Noon,Weekend,22.651,0.0141425
8943aeb7537ffff,Families,Other,Weekday,19.816,0.012545
8943aeb7537ffff,Families,Other,Weekend,25.7,0.0162699
8943aeb7537ffff,HNWI,After noon,Weekday,28.651,0.018435
8943aeb7537ffff,HNWI,After noon,Weekend,18.119,0.011658
8943aeb7537ffff,HNWI,Morning,Weekday,15.505,0.009671
8943aeb7537ffff,HNWI,Morning,Weekend,21.035,0.01312
8943aeb7537ffff,HNWI,Night,Weekday,27.916,0.017945
8943aeb7537ffff,HNWI,Night,Weekend,28.171,0.0181091
8943aeb7537ffff,HNWI,Noon,Weekday,6.907,0.003939
8943aeb7537ffff,HNWI,Noon,Weekend,5.219,0.00297661
8943aeb7537ffff,HNWI,Other,Weekday,15.835,0.009891
8943aeb7537ffff,HNWI,Other,Weekend,15.255,0.00952872
8943aeb7537ffff,Potential Car Buyers,After noon,Weekday,11.968,0.007313
8943aeb7537ffff,Potential Car Buyers,After noon,Weekend,14.073,0.00859943
8943aeb7537ffff,Potential Car Buyers,Morning,Weekday,14.449,0.008967
8943aeb7537ffff,Potential Car Buyers,Morning,Weekend,14.028,0.00870557
8943aeb7537ffff,Potential Car Buyers,Night,Weekday,11.233,0.006823
8943aeb7537ffff,Potential Car Buyers,Night,Weekend,8.758,0.00531963
8943aeb7537ffff,Potential Car Buyers,Noon,Weekday,10.699,0.006467
8943aeb7537ffff,Potential Car Buyers,Noon,Weekend,13.384,0.00808997
8943aeb7537ffff,Potential Car Buyers,Other,Weekday,29.152,0.018769
8943aeb7537ffff,Potential Car Buyers,Other,Weekend,37.919,0.0244134
8943aeb7557ffff,Families,After noon,Weekday,14.059,0.008707
8943aeb7557ffff,Families,After noon,Weekend,10.457,0.0064762
8943aeb7557ffff,Families,Morning,Weekday,30.913,0.019943
8943aeb7557ffff,Families,Morning,Weekend,39.057,0.0251969
8943aeb7557ffff,Families,Night,Weekday,18.94,0.011961
8943aeb7557ffff,Families,Night,Weekend,23.002,0.0145263
8943aeb7557ffff,Families,Noon,Weekday,22.315,0.014211
8943aeb7557ffff,Families,Noon,Weekend,16.005,0.0101924
8943aeb7557ffff,Families,Other,Weekday,6.859,0.003907
8943aeb7557ffff,Families,Other,Weekend,7.253,0.00413142
8943aeb7557ffff,HNWI,After noon,Weekday,5.23,0.002821
8943aeb7557ffff,HNWI,After noon,Weekend,7.202,0.00388453
8943aeb7557ffff,HNWI,Morning,Weekday,12.559,0.007707
8943aeb7557ffff,HNWI,Morning,Weekend,7.201,0.004419
8943aeb7557ffff,HNWI,Night,Weekday,4.495,0.002331
8943aeb7557ffff,HNWI,Night,Weekend,4.052,0.00210103
8943aeb7557ffff,HNWI,Noon,Weekday,3.961,0.001975
8943aeb7557ffff,HNWI,Noon,Weekend,3.703,0.00184621
8943aeb7557ffff,HNWI,Other,Weekday,22.414,0.014277
8943aeb7557ffff,HNWI,Other,Weekend,17.438,0.0111076
8943aeb7557ffff,Potential Car Buyers,After noon,Weekday,12.28,0.007521
8943aeb7557ffff,Potential Car Buyers,After noon,Weekend,10.664,0.00653141
8943aeb7557ffff,Potential Car Buyers,Morning,Weekday,29.134,0.018757
8943aeb7557ffff,Potential Car Buyers,Morning,Weekend,31.773,0.0204559
8943aeb7557ffff,Potential Car Buyers,Night,Weekday,11.545,0.007031
8943aeb7557ffff,Potential Car Buyers,Night,Weekend,8.984,0.00547122
8943aeb7557ffff,Potential Car Buyers,Noon,Weekday,25.384,0.016257
8943aeb7557ffff,Potential Car Buyers,Noon,Weekend,20.991,0.0134438
8943aeb7557ffff,Potential Car Buyers,Other,Weekday,29.464,0.018977
8943aeb7557ffff,Potential Car Buyers,Other,Weekend,35.196,0.022669
8943aeb756fffff,Families,After noon,Weekday,19.954,0.012637
8943aeb756fffff,Families,After noon,Weekend,25.754,0.0163104
8943aeb756fffff,Families,Morning,Weekday,22.435,0.014291
8943aeb756fffff,Families,Morning,Weekend,28.025,0.0178521
8943aeb756fffff,Families,Night,Weekday,4.846,0.002565
8943aeb756fffff,Families,Night,Weekend,4.367,0.00231148
8943aeb756fffff,Families,Noon,Weekday,18.685,0.011791
8943aeb756fffff,Families,Noon,Weekend,15.595,0.00984133
8943aeb756fffff,Families,Other,Weekday,22.765,0.014511
8943aeb756fffff,Families,Other,Weekend,23.203,0.0147905
8943aeb756fffff,HNWI,After noon,Weekday,1.6,0.000401
8943aeb756fffff,HNWI,After noon,Weekend,1.615,0.000404863
8943aeb756fffff,HNWI,Morning,Weekday,4.081,0.002055
8943aeb756fffff,HNWI,Morning,Weekend,3.985,0.00200659
8943aeb756fffff,HNWI,Night,Weekday,30.865,0.019911
8943aeb756fffff,HNWI,Night,Weekend,43.61,0.0281326
8943aeb756fffff,HNWI,Noon,Weekday,9.856,0.005905
8943aeb756fffff,HNWI,Noon,Weekend,12.533,0.00750898
8943aeb756fffff,HNWI,Other,Weekday,18.784,0.011857
8943aeb756fffff,HNWI,Other,Weekend,21.547,0.0136013
8943aeb756fffff,Potential Car Buyers,After noon,Weekday,18.175,0.011451
8943aeb756fffff,Potential Car Buyers,After noon,Weekend,21.286,0.0134109
8943aeb756fffff,Potential Car Buyers,Morning,Weekday,25.504,0.016337
8943aeb756fffff,Potential Car Buyers,Morning,Weekend,21.885,0.0140188
8943aeb756fffff,Potential Car Buyers,Night,Weekday,7.915,0.004611
8943aeb756fffff,Potential Car Buyers,Night,Weekend,11.17,0.00650726
8943aeb756fffff,Potential Car Buyers,Noon,Weekday,21.754,0.013837
8943aeb756fffff,Potential Car Buyers,Noon,Weekend,14.321,0.00910923
8943aeb756fffff,Potential Car Buyers,Other,Weekday,25.834,0.016557
8943aeb756fffff,Potential Car Buyers,Other,Weekend,30.029,0.0192454
8943aeb7673ffff,Families,After noon,Weekday,1.354,0.000237
8943aeb7673ffff,Families,After noon,Weekend,1.148,0.000200886
8943aeb7673ffff,Families,Morning,Weekday,3.835,0.001891
8943aeb7673ffff,Families,Morning,Weekend,3.24,0.00159757
8943aeb7673ffff,Families,Night,Weekday,16.246,0.010165
8943aeb7673ffff,Families,Night,Weekend,10.224,0.00639714
8943aeb7673ffff,Families,Noon,Weekday,24.469,0.015647
8943aeb7673ffff,Families,Noon,Weekend,32.67,0.0208915
8943aeb7673ffff,Families,Other,Weekday,4.165,0.002111
8943aeb7673ffff,Families,Other,Weekend,4.554,0.0023084
8943aeb7673ffff,HNWI,After noon,Weekday,2.536,0.001025
8943aeb7673ffff,HNWI,After noon,Weekend,1.619,0.000654336
8943aeb7673ffff,HNWI,Morning,Weekday,9.865,0.005911
8943aeb7673ffff,HNWI,Morning,Weekend,10.099,0.00605097
8943aeb7673ffff,HNWI,Night,Weekday,1.801,0.000535
8943aeb7673ffff,HNWI,Night,Weekend,1.063,0.000315904
8943aeb7673ffff,HNWI,Noon,Weekday,15.64,0.009761
8943aeb7673ffff,HNWI,Noon,Weekend,8.886,0.00554604
8943aeb7673ffff,HNWI,Other,Weekday,19.72,0.012481
8943aeb7673ffff,HNWI,Other,Weekend,25.703,0.0162679
8943aeb7673ffff,Potential Car Buyers,After noon,Weekday,15.853,0.009903
8943aeb7673ffff,Potential Car Buyers,After noon,Weekend,22.837,0.0142656
8943aeb7673ffff,Potential Car Buyers,Morning,Weekday,23.182,0.014789
8943aeb7673ffff,Potential Car Buyers,Morning,Weekend,15.79,0.0100732
8943aeb7673ffff,Potential Car Buyers,Night,Weekday,25.582,0.016389
8943aeb7673ffff,Potential Car Buyers,Night,Weekend,34.381,0.0220259
8943aeb7673ffff,Potential Car Buyers,Noon,Weekday,19.432,0.012289
8943aeb7673ffff,Potential Car Buyers,Noon,Weekend,26.161,0.0165442
8943aeb7673ffff,Potential Car Buyers,Other,Weekday,3.037,0.001359
8943aeb7673ffff,Potential Car Buyers,Other,Weekend,2.164,0.000968262
