h3_id,segment,hour_bucket,overall_index,volume_index,exclusivity_index
8943a020057ffff,Families,0,28.381278,0.018128,1.419064
8943a020057ffff,Families,2,25.859987,0.016518,1.292999
8943a020057ffff,Families,4,22.55334,0.014406,1.127667
8943a020057ffff,Families,6,22.49346,0.014359,1.124673
8943a020057ffff,Families,8,27.543368,0.017582,1.377168
8943a020057ffff,Families,10,11.118176,0.006616,0.555909
8943a020057ffff,Families,12,8.414597,0.005007,0.42073
8943a020057ffff,Families,14,15.042746,0.00941,0.752184
8943a020057ffff,Families,16,19.291916,0.012068,0.964655
8943a020057ffff,Families,18,6.404836,0.00355,0.320188
8943a020057ffff,Families,20,6.990976,0.003875,0.34949
8943a020057ffff,Families,22,6.357274,0.003524,0.31781
8943a020057ffff,HNWI,0,10.980488,0.006542,0.548966
8943a020057ffff,HNWI,2,9.650625,0.00575,0.48248
8943a020057ffff,HNWI,4,8.421122,0.005018,0.421011
8943a020057ffff,HNWI,6,27.449245,0.017681,1.372462
8943a020057ffff,HNWI,8,28.389862,0.018287,1.419493
8943a020057ffff,HNWI,10,5.793244,0.003137,0.289608
8943a020057ffff,HNWI,12,5.836365,0.00316,0.291763
8943a020057ffff,HNWI,14,20.579678,0.013103,1.028938
8943a020057ffff,HNWI,16,18.110037,0.011531,0.905461
8943a020057ffff,HNWI,18,22.926476,0.014574,1.146324
8943a020057ffff,HNWI,20,17.944869,0.011407,0.897243
8943a020057ffff,HNWI,22,25.57364,0.016256,1.278682
8943a020057ffff,Potential Car Buyers,0,18.260239,0.011638,0.913012
8943a020057ffff,Potential Car Buyers,2,20.986827,0.013376,1.049341
8943a020057ffff,Potential Car Buyers,4,20.169123,0.012855,1.008456
8943a020057ffff,Potential Car Buyers,6,14.038813,0.008632,0.701995
8943a020057ffff,Potential Car Buyers,8,15.234572,0.009368,0.761788
8943a020057ffff,Potential Car Buyers,10,3.821307,0.001951,0.19111
8943a020057ffff,Potential Car Buyers,12,3.88731,0.001984,0.194411
8943a020057ffff,Potential Car Buyers,14,4.632758,0.002531,0.231638
8943a020057ffff,Potential Car Buyers,16,6.511741,0.003557,0.325587
8943a020057ffff,Potential Car Buyers,18,4.767669,0.002517,0.238433
8943a020057ffff,Potential Car Buyers,20,4.680447,0.002471,0.234071
8943a020057ffff,Potential Car Buyers,22,5.566899,0.002938,0.278403
8943a0200bbffff,Families,0,27.896494,0.017916,1.394825
8943a0200bbffff,Families,2,27.862439,0.017894,1.393122
8943a0200bbffff,Families,4,24.224003,0.015557,1.2112
8943a0200bbffff,Families,6,29.679683,0.019052,1.483984
8943a0200bbffff,Families,8,22.794005,0.014632,1.1397
8943a0200bbffff,Families,10,22.161462,0.014137,1.108073
8943a0200bbffff,Families,12,23.826722,0.0152,1.191336
8943a0200bbffff,Families,14,15.866984,0.010039,0.79339
8943a0200bbffff,Families,16,18.414405,0.01165,0.920767
8943a0200bbffff,Families,18,8.445932,0.005028,0.422251
8943a0200bbffff,Families,20,8.960952,0.005334,0.448
8943a0200bbffff,Families,22,9.333299,0.005556,0.466615
8943a0200bbffff,HNWI,0,21.985853,0.013862,1.099352
8943a0200bbffff,HNWI,2,18.83744,0.011877,0.941923
8943a0200bbffff,HNWI,4,16.686384,0.010521,0.834365
8943a0200bbffff,HNWI,6,9.522058,0.005608,0.476103
8943a0200bbffff,HNWI,8,6.99917,0.004122,0.349958
8943a0200bbffff,HNWI,10,13.593307,0.008431,0.679618
8943a0200bbffff,HNWI,12,14.359513,0.008906,0.717926
8943a0200bbffff,HNWI,14,1.048615,0.000132,0.052473
8943a0200bbffff,HNWI,16,1.344683,0.000169,0.067289
8943a0200bbffff,HNWI,18,27.127107,0.017493,1.356355
8943a0200bbffff,HNWI,20,35.292411,0.022758,1.764621
8943a0200bbffff,HNWI,22,30.022702,0.01936,1.501135
8943a0200bbffff,Potential Car Buyers,0,20.550255,0.013163,1.027472
8943a0200bbffff,Potential Car Buyers,2,22.137998,0.01418,1.106856
8943a0200bbffff,Potential Car Buyers,4,22.358015,0.014321,1.117857
8943a0200bbffff,Potential Car Buyers,6,24.309818,0.015563,1.215539
8943a0200bbffff,Potential Car Buyers,8,24.999522,0.016004,1.250026
8943a0200bbffff,Potential Car Buyers,10,20.725487,0.013172,1.036323
8943a0200bbffff,Potential Car Buyers,12,23.624437,0.015014,1.181277
8943a0200bbffff,Potential Car Buyers,14,22.643126,0.01443,1.132156
8943a0200bbffff,Potential Car Buyers,16,19.440304,0.012389,0.972015
8943a0200bbffff,Potential Car Buyers,18,10.332258,0.006333,0.516613
8943a0200bbffff,Potential Car Buyers,20,12.794326,0.007842,0.639716
8943a0200bbffff,Potential Car Buyers,22,9.985846,0.006121,0.499292
8943a0200c3ffff,Families,0,17.268093,0.010845,0.863405
8943a0200c3ffff,Families,2,20.06286,0.0126,1.003143
8943a0200c3ffff,Families,4,14.546012,0.009135,0.727301
8943a0200c3ffff,Families,6,10.312942,0.006267,0.515647
8943a0200c3ffff,Families,8,13.029925,0.007918,0.651496
8943a0200c3ffff,Families,10,3.171566,0.001327,0.158578
8943a0200c3ffff,Families,12,2.598019,0.001087,0.129901
8943a0200c3ffff,Families,14,8.24283,0.004922,0.412098
8943a0200c3ffff,Families,16,9.030316,0.005392,0.451469
8943a0200c3ffff,Families,18,31.927798,0.02056,1.596335
8943a0200c3ffff,Families,20,34.523341,0.022231,1.726108
8943a0200c3ffff,Families,22,29.989272,0.019312,1.499412
8943a0200c3ffff,HNWI,0,31.018518,0.019897,1.550926
8943a0200c3ffff,HNWI,2,28.819272,0.018486,1.440964
8943a0200c3ffff,HNWI,4,27.515507,0.01765,1.375775
8943a0200c3ffff,HNWI,6,7.270778,0.00405,0.363479
8943a0200c3ffff,HNWI,8,6.919394,0.003854,0.345913
8943a0200c3ffff,HNWI,10,2.56954,0.000977,0.128532
8943a0200c3ffff,HNWI,12,2.75394,0.001047,0.137756
8943a0200c3ffff,HNWI,14,9.564073,0.005685,0.478204
8943a0200c3ffff,HNWI,16,8.737195,0.005193,0.43686
8943a0200c3ffff,HNWI,18,9.27624,0.005455,0.463757
8943a0200c3ffff,HNWI,20,7.215692,0.004244,0.360742
8943a0200c3ffff,HNWI,22,9.776571,0.00575,0.488771
8943a0200c3ffff,Potential Car Buyers,0,21.457412,0.013601,1.072923
8943a0200c3ffff,Potential Car Buyers,2,22.310327,0.014142,1.115571
8943a0200c3ffff,Potential Car Buyers,4,22.028052,0.013963,1.101457
8943a0200c3ffff,Potential Car Buyers,6,8.200107,0.004892,0.409962
8943a0200c3ffff,Potential Car Buyers,8,8.142068,0.004857,0.407061
8943a0200c3ffff,Potential Car Buyers,10,6.775082,0.003732,0.338695
8943a0200c3ffff,Potential Car Buyers,12,5.358183,0.002952,0.267863
8943a0200c3ffff,Potential Car Buyers,14,5.913718,0.003382,0.295686
8943a0200c3ffff,Potential Car Buyers,16,5.640507,0.003225,0.282025
8943a0200c3ffff,Potential Car Buyers,18,2.474895,0.000956,0.123745
8943a0200c3ffff,Potential Car Buyers,20,2.498754,0.000965,0.124938
8943a0200c3ffff,Potential Car Buyers,22,2.118558,0.000818,0.105928
8943a020157ffff,Families,0,13.257435,0.008048,0.662931
8943a020157ffff,Families,2,10.189441,0.006186,0.509518
8943a020157ffff,Families,4,9.662969,0.005866,0.483192
8943a020157ffff,Families,6,17.899197,0.011361,0.89496
8943a020157ffff,Families,8,21.136363,0.013416,1.056818
8943a020157ffff,Families,10,19.546793,0.01227,0.97734
8943a020157ffff,Families,12,16.028158,0.010062,0.801408
8943a020157ffff,Families,14,14.750763,0.009299,0.737498
8943a020157ffff,Families,16,15.703771,0.0099,0.785146
8943a020157ffff,Families,18,23.812096,0.015193,1.190605
8943a020157ffff,Families,20,25.641721,0.01636,1.282086
8943a020157ffff,Families,22,24.808995,0.015829,1.24045
8943a020157ffff,HNWI,0,9.299681,0.005519,0.464933
8943a020157ffff,HNWI,2,8.433556,0.005005,0.421631
8943a020157ffff,HNWI,4,9.77127,0.005799,0.48851
8943a020157ffff,HNWI,6,7.25329,0.004285,0.362706
8943a020157ffff,HNWI,8,8.06038,0.004762,0.403065
8943a020157ffff,HNWI,10,4.754812,0.002539,0.237693
8943a020157ffff,HNWI,12,4.085544,0.002182,0.204236
8943a020157ffff,HNWI,14,1.288865,0.000263,0.064443
8943a020157ffff,HNWI,16,1.443191,0.000294,0.07216
8943a020157ffff,HNWI,18,26.803105,0.017288,1.340199
8943a020157ffff,HNWI,20,28.792045,0.01857,1.439649
8943a020157ffff,HNWI,22,36.394722,0.023474,1.819795
8943a020157ffff,Potential Car Buyers,0,34.460437,0.022222,1.723022
8943a020157ffff,Potential Car Buyers,2,33.589396,0.02166,1.67947
8943a020157ffff,Potential Car Buyers,4,31.402638,0.02025,1.570132
8943a020157ffff,Potential Car Buyers,6,16.145045,0.010084,0.807303
8943a020157ffff,Potential Car Buyers,8,16.221124,0.010131,0.811107
8943a020157ffff,Potential Car Buyers,10,21.698449,0.013797,1.084922
8943a020157ffff,Potential Car Buyers,12,22.159006,0.01409,1.10795
8943a020157ffff,Potential Car Buyers,14,13.65193,0.00842,0.682596
8943a020157ffff,Potential Car Buyers,16,14.434353,0.008902,0.721718
8943a020157ffff,Potential Car Buyers,18,12.233429,0.007509,0.611623
8943a020157ffff,Potential Car Buyers,20,14.696672,0.009021,0.734775
8943a020157ffff,Potential Car Buyers,22,12.84735,0.007886,0.642316
8943a020197ffff,Families,0,2.075539,0.000815,0.10382
8943a020197ffff,Families,2,2.524618,0.000992,0.126283
8943a020197ffff,Families,4,2.230977,0.000876,0.111595
8943a020197ffff,Families,6,19.362344,0.012181,0.968117
8943a020197ffff,Families,8,18.188751,0.011443,0.909438
8943a020197ffff,Families,10,21.640152,0.013814,1.082054
8943a020197ffff,Families,12,21.915607,0.01399,1.095827
8943a020197ffff,Families,14,11.291026,0.006805,0.564606
8943a020197ffff,Families,16,11.327111,0.006826,0.56641
8943a020197ffff,Families,18,15.301017,0.009499,0.765051
8943a020197ffff,Families,20,16.434985,0.010203,0.821749
8943a020197ffff,Families,22,16.839289,0.010454,0.841964
8943a020197ffff,HNWI,0,7.916054,0.004744,0.395803
8943a020197ffff,HNWI,2,11.342042,0.006797,0.567102
8943a020197ffff,HNWI,4,11.03349,0.006612,0.551675
8943a020197ffff,HNWI,6,26.763985,0.017249,1.338155
8943a020197ffff,HNWI,8,27.471374,0.017705,1.373523
8943a020197ffff,HNWI,10,24.125088,0.015334,1.206311
8943a020197ffff,HNWI,12,20.211018,0.012846,1.010598
8943a020197ffff,HNWI,14,24.824204,0.015821,1.24121
8943a020197ffff,HNWI,16,25.426329,0.016205,1.271316
8943a020197ffff,HNWI,18,20.127037,0.012808,1.006306
8943a020197ffff,HNWI,20,20.743702,0.0132,1.037138
8943a020197ffff,HNWI,22,24.809561,0.015788,1.240422
8943a020197ffff,Potential Car Buyers,0,22.187293,0.014136,1.109365
8943a020197ffff,Potential Car Buyers,2,23.193521,0.014778,1.159676
8943a020197ffff,Potential Car Buyers,4,18.311636,0.011667,0.915582
8943a020197ffff,Potential Car Buyers,6,15.178542,0.00951,0.758927
8943a020197ffff,Potential Car Buyers,8,17.425352,0.010918,0.871268
8943a020197ffff,Potential Car Buyers,10,10.804537,0.006643,0.540227
8943a020197ffff,Potential Car Buyers,12,11.079013,0.006812,0.553951
8943a020197ffff,Potential Car Buyers,14,34.175477,0.022019,1.708774
8943a020197ffff,Potential Car Buyers,16,26.079211,0.016803,1.303961
8943a020197ffff,Potential Car Buyers,18,4.062413,0.002124,0.203165
8943a020197ffff,Potential Car Buyers,20,4.286407,0.002241,0.214367
8943a020197ffff,Potential Car Buyers,22,5.281767,0.002761,0.264145
8943a0201bbffff,Families,0,2.269379,0.00072,0.113469
8943a0201bbffff,Families,2,1.78981,0.000568,0.089491
8943a0201bbffff,Families,4,1.584972,0.000503,0.079249
8943a0201bbffff,Families,6,1.272998,0.000311,0.06365
8943a0201bbffff,Families,8,1.802976,0.00044,0.090149
8943a0201bbffff,Families,10,14.630263,0.009193,0.731513
8943a0201bbffff,Families,12,16.883677,0.010608,0.844184
8943a0201bbffff,Families,14,20.188295,0.012905,1.009456
8943a0201bbffff,Families,16,23.366834,0.014936,1.16839
8943a0201bbffff,Families,18,12.645787,0.007829,0.632335
8943a0201bbffff,Families,20,13.787126,0.008535,0.689406
8943a0201bbffff,Families,22,15.284854,0.009462,0.764297
8943a0201bbffff,HNWI,0,19.111588,0.012012,0.955525
8943a0201bbffff,HNWI,2,15.057144,0.009464,0.752814
8943a0201bbffff,HNWI,4,14.587792,0.009169,0.729348
8943a0201bbffff,HNWI,6,7.600448,0.004402,0.380022
8943a0201bbffff,HNWI,8,9.075327,0.005256,0.453766
8943a0201bbffff,HNWI,10,11.146774,0.006877,0.55738
8943a0201bbffff,HNWI,12,11.925816,0.007357,0.596335
8943a0201bbffff,HNWI,14,30.853171,0.01989,1.542608
8943a0201bbffff,HNWI,16,27.783992,0.017912,1.389154
8943a0201bbffff,HNWI,18,31.685568,0.02041,1.584278
8943a0201bbffff,HNWI,20,25.731377,0.016574,1.286569
8943a0201bbffff,HNWI,22,31.380694,0.020213,1.569035
8943a0201bbffff,Potential Car Buyers,0,13.253769,0.008146,0.66274
8943a0201bbffff,Potential Car Buyers,2,14.759371,0.009071,0.738026
8943a0201bbffff,Potential Car Buyers,4,15.117367,0.009291,0.755927
8943a0201bbffff,Potential Car Buyers,6,2.988148,0.001312,0.149407
8943a0201bbffff,Potential Car Buyers,8,2.545796,0.001118,0.12729
8943a0201bbffff,Potential Car Buyers,10,25.365323,0.016331,1.268266
8943a0201bbffff,Potential Car Buyers,12,29.819331,0.019199,1.490967
8943a0201bbffff,Potential Car Buyers,14,28.050216,0.017971,1.402456
8943a0201bbffff,Potential Car Buyers,16,28.510195,0.018265,1.425454
8943a0201bbffff,Potential Car Buyers,18,22.773343,0.014572,1.138667
8943a0201bbffff,Potential Car Buyers,20,29.015943,0.018567,1.450797
8943a0201bbffff,Potential Car Buyers,22,29.358293,0.018786,1.467915
8943a0202cbffff,Families,0,31.954099,0.020613,1.597757
8943a0202cbffff,Families,2,33.508479,0.021616,1.675478
8943a0202cbffff,Families,4,28.862304,0.018619,1.443162
8943a0202cbffff,Families,6,23.010591,0.014611,1.15053
8943a0202cbffff,Families,8,23.074826,0.014652,1.153741
8943a0202cbffff,Families,10,19.700882,0.012373,0.985044
8943a0202cbffff,Families,12,14.544662,0.009135,0.727233
8943a0202cbffff,Families,14,12.659453,0.007823,0.633019
8943a0202cbffff,Families,16,14.120164,0.008726,0.70606
8943a0202cbffff,Families,18,13.884155,0.008541,0.694208
8943a0202cbffff,Families,20,11.765514,0.007238,0.588276
8943a0202cbffff,Families,22,14.033732,0.008633,0.701687
8943a0202cbffff,HNWI,0,25.966112,0.016539,1.298306
8943a0202cbffff,HNWI,2,19.855056,0.012646,0.992753
8943a0202cbffff,HNWI,4,26.444905,0.016844,1.322245
8943a0202cbffff,HNWI,6,21.798174,0.013874,1.089909
8943a0202cbffff,HNWI,8,20.83684,0.013262,1.041842
8943a0202cbffff,HNWI,10,21.276936,0.013411,1.063847
8943a0202cbffff,HNWI,12,19.617495,0.012365,0.980875
8943a0202cbffff,HNWI,14,17.031377,0.010584,0.851627
8943a0202cbffff,HNWI,16,15.090327,0.009378,0.754568
8943a0202cbffff,HNWI,18,3.830881,0.001983,0.191587
8943a0202cbffff,HNWI,20,3.685098,0.001907,0.184296
8943a0202cbffff,HNWI,22,5.045897,0.002612,0.252351
8943a0202cbffff,Potential Car Buyers,0,23.893091,0.015312,1.194655
8943a0202cbffff,Potential Car Buyers,2,30.019353,0.019239,1.500968
8943a0202cbffff,Potential Car Buyers,4,21.586968,0.013835,1.079348
8943a0202cbffff,Potential Car Buyers,6,26.807508,0.017171,1.340375
8943a0202cbffff,Potential Car Buyers,8,20.399288,0.013067,1.019964
8943a0202cbffff,Potential Car Buyers,10,14.468277,0.009048,0.723414
8943a0202cbffff,Potential Car Buyers,12,14.41349,0.009014,0.720674
8943a0202cbffff,Potential Car Buyers,14,7.110239,0.004191,0.355512
8943a0202cbffff,Potential Car Buyers,16,10.021687,0.005908,0.501084
8943a0202cbffff,Potential Car Buyers,18,9.230103,0.005375,0.461447
8943a0202cbffff,Potential Car Buyers,20,7.988296,0.004652,0.399364
8943a0202cbffff,Potential Car Buyers,22,8.91975,0.005194,0.445931
8943a02038fffff,Families,0,9.09222,0.005413,0.454562
8943a02038fffff,Families,2,9.690523,0.005769,0.484474
8943a02038fffff,Families,4,11.031015,0.006567,0.551492
8943a02038fffff,Families,6,8.708377,0.005162,0.435467
8943a02038fffff,Families,8,10.450701,0.006194,0.522593
8943a02038fffff,Families,10,29.735046,0.019172,1.486703
8943a02038fffff,Families,12,32.679273,0.021071,1.63391
8943a02038fffff,Families,14,1.73246,0.000465,0.086623
8943a02038fffff,Families,16,1.478583,0.000397,0.073929
8943a02038fffff,Families,18,22.659463,0.014402,1.132973
8943a02038fffff,Families,20,23.839693,0.015152,1.191985
8943a02038fffff,Families,22,23.399462,0.014872,1.169973
8943a02038fffff,HNWI,0,25.427382,0.016397,1.271369
8943a02038fffff,HNWI,2,34.593233,0.022307,1.729662
8943a02038fffff,HNWI,4,27.616206,0.017808,1.38081
8943a02038fffff,HNWI,6,34.177333,0.022031,1.708867
8943a02038fffff,HNWI,8,29.33533,0.01891,1.466767
8943a02038fffff,HNWI,10,29.214013,0.01874,1.460701
8943a02038fffff,HNWI,12,30.953373,0.019856,1.547669
8943a02038fffff,HNWI,14,10.746427,0.006627,0.537321
8943a02038fffff,HNWI,16,12.188234,0.007516,0.609412
8943a02038fffff,HNWI,18,13.54409,0.008313,0.677258
8943a02038fffff,HNWI,20,14.889338,0.009139,0.744526
8943a02038fffff,HNWI,22,12.700903,0.007795,0.635096
8943a02038fffff,Potential Car Buyers,0,6.495626,0.003758,0.324781
8943a02038fffff,Potential Car Buyers,2,6.899885,0.003992,0.344994
8943a02038fffff,Potential Car Buyers,4,6.331597,0.003663,0.31658
8943a02038fffff,Potential Car Buyers,6,7.501419,0.00431,0.375071
8943a02038fffff,Potential Car Buyers,8,6.35666,0.003652,0.317833
8943a02038fffff,Potential Car Buyers,10,3.64744,0.001732,0.182372
8943a02038fffff,Potential Car Buyers,12,2.788919,0.001325,0.139446
8943a02038fffff,Potential Car Buyers,14,5.355434,0.002818,0.267715
8943a02038fffff,Potential Car Buyers,16,5.048691,0.002657,0.252381
8943a02038fffff,Potential Car Buyers,18,20.540045,0.012997,1.027055
8943a02038fffff,Potential Car Buyers,20,19.105854,0.012089,0.955341
8943a02038fffff,Potential Car Buyers,22,21.849566,0.013826,1.092534
8943a020393ffff,Families,0,4.880135,0.002458,0.244007
8943a020393ffff,Families,2,4.550189,0.002292,0.227509
8943a020393ffff,Families,4,4.364244,0.002198,0.218212
8943a020393ffff,Families,6,16.762496,0.010576,0.83808
8943a020393ffff,Families,8,16.257525,0.010257,0.812833
8943a020393ffff,Families,10,27.523321,0.017598,1.376166
8943a020393ffff,Families,12,21.475097,0.013731,1.073755
8943a020393ffff,Families,14,9.447529,0.005741,0.472376
8943a020393ffff,Families,16,12.474688,0.007581,0.623734
8943a020393ffff,Families,18,16.132023,0.01009,0.806551
8943a020393ffff,Families,20,14.216956,0.008893,0.710804
8943a020393ffff,Families,22,13.721175,0.008582,0.686016
8943a020393ffff,HNWI,0,3.64877,0.001781,0.182487
8943a020393ffff,HNWI,2,3.345802,0.001633,0.167335
8943a020393ffff,HNWI,4,3.702625,0.001807,0.185181
8943a020393ffff,HNWI,6,19.059387,0.012153,0.952928
8943a020393ffff,HNWI,8,23.405649,0.014924,1.170231
8943a020393ffff,HNWI,10,16.361948,0.01034,0.818055
8943a020393ffff,HNWI,12,21.562459,0.013627,1.078067
8943a020393ffff,HNWI,14,20.524196,0.013015,1.02621
8943a020393ffff,HNWI,16,17.832303,0.011308,0.891615
8943a020393ffff,HNWI,18,16.412814,0.010251,0.820641
8943a020393ffff,HNWI,20,18.789705,0.011735,0.939485
8943a020393ffff,HNWI,22,16.783037,0.010482,0.839152
8943a020393ffff,Potential Car Buyers,0,1.40637,0.000328,0.070364
8943a020393ffff,Potential Car Buyers,2,1.255821,0.000293,0.062832
8943a020393ffff,Potential Car Buyers,4,1.423877,0.000333,0.07124
8943a020393ffff,Potential Car Buyers,6,19.23436,0.012062,0.961718
8943a020393ffff,Potential Car Buyers,8,16.942579,0.010625,0.847129
8943a020393ffff,Potential Car Buyers,10,26.477626,0.016872,1.32394
8943a020393ffff,Potential Car Buyers,12,20.968039,0.013361,1.048448
8943a020393ffff,Potential Car Buyers,14,13.204186,0.00819,0.660255
8943a020393ffff,Potential Car Buyers,16,15.391152,0.009547,0.769611
8943a020393ffff,Potential Car Buyers,18,15.028961,0.009285,0.751448
8943a020393ffff,Potential Car Buyers,20,14.86786,0.009185,0.743393
8943a020393ffff,Potential Car Buyers,22,12.059556,0.00745,0.602978
8943a02040bffff,Families,0,3.536984,0.001788,0.176892
8943a02040bffff,Families,2,3.800703,0.001921,0.190081
8943a02040bffff,Families,4,3.952692,0.001998,0.197682
8943a02040bffff,Families,6,27.508753,0.017585,1.375438
8943a02040bffff,Families,8,19.544454,0.012494,0.977223
8943a02040bffff,Families,10,19.18604,0.012168,0.959302
8943a02040bffff,Families,12,18.382526,0.011659,0.919126
8943a02040bffff,Families,14,14.959215,0.009385,0.748005
8943a02040bffff,Families,16,17.088524,0.010721,0.854477
8943a02040bffff,Families,18,24.062977,0.015281,1.203149
8943a02040bffff,Families,20,17.425074,0.011066,0.871254
8943a02040bffff,Families,22,20.5823,0.013071,1.029115
8943a02040bffff,HNWI,0,15.578601,0.009728,0.778979
8943a02040bffff,HNWI,2,17.946902,0.011207,0.897402
8943a02040bffff,HNWI,4,15.991118,0.009986,0.799607
8943a02040bffff,HNWI,6,14.304232,0.00892,0.715165
8943a02040bffff,HNWI,8,17.883766,0.011152,0.89413
8943a02040bffff,HNWI,10,11.267197,0.00687,0.563312
8943a02040bffff,HNWI,12,11.979305,0.007304,0.598914
8943a02040bffff,HNWI,14,12.648456,0.007783,0.632423
8943a02040bffff,HNWI,16,12.249424,0.007537,0.612471
8943a02040bffff,HNWI,18,32.204322,0.0207,1.610216
8943a02040bffff,HNWI,20,26.759031,0.0172,1.337952
8943a02040bffff,HNWI,22,31.5043,0.02025,1.575215
8943a02040bffff,Potential Car Buyers,0,32.175461,0.020714,1.608773
8943a02040bffff,Potential Car Buyers,2,31.353903,0.020185,1.567695
8943a02040bffff,Potential Car Buyers,4,27.146909,0.017477,1.357345
8943a02040bffff,Potential Car Buyers,6,29.258432,0.018828,1.462922
8943a02040bffff,Potential Car Buyers,8,32.988864,0.021229,1.649443
8943a02040bffff,Potential Car Buyers,10,22.638361,0.01449,1.131918
8943a02040bffff,Potential Car Buyers,12,26.531729,0.016982,1.326586
8943a02040bffff,Potential Car Buyers,14,9.713713,0.005933,0.485686
8943a02040bffff,Potential Car Buyers,16,10.851641,0.006628,0.542582
8943a02040bffff,Potential Car Buyers,18,11.057918,0.006713,0.552945
8943a02040bffff,Potential Car Buyers,20,10.163966,0.00617,0.508244
8943a02040bffff,Potential Car Buyers,22,10.783062,0.006546,0.539201
8943a020467ffff,Families,0,8.774136,0.005051,0.438707
8943a020467ffff,Families,2,6.921291,0.003985,0.346065
8943a020467ffff,Families,4,7.736736,0.004454,0.386837
8943a020467ffff,Families,6,5.886901,0.003364,0.294345
8943a020467ffff,Families,8,8.235707,0.004706,0.411785
8943a020467ffff,Families,10,27.038347,0.017374,1.351917
8943a020467ffff,Families,12,23.378156,0.015022,1.168908
8943a020467ffff,Families,14,33.027669,0.021277,1.651328
8943a020467ffff,Families,16,27.179211,0.017509,1.358915
8943a020467ffff,Families,18,19.482998,0.01232,0.9741
8943a020467ffff,Families,20,20.746843,0.013119,1.037289
8943a020467ffff,Families,22,18.105863,0.011449,0.905246
8943a020467ffff,HNWI,0,18.595054,0.011646,0.929753
8943a020467ffff,HNWI,2,13.793177,0.008639,0.689659
8943a020467ffff,HNWI,4,17.819223,0.01116,0.890961
8943a020467ffff,HNWI,6,1.554598,0.000456,0.077773
8943a020467ffff,HNWI,8,1.687467,0.000495,0.084421
8943a020467ffff,HNWI,10,1.755607,0.000569,0.08778
8943a020467ffff,HNWI,12,2.221027,0.000719,0.111051
8943a020467ffff,HNWI,14,24.203452,0.015586,1.210173
8943a020467ffff,HNWI,16,29.129118,0.018758,1.456456
8943a020467ffff,HNWI,18,29.781955,0.019161,1.48915
8943a020467ffff,HNWI,20,26.098811,0.016791,1.304986
8943a020467ffff,HNWI,22,24.944133,0.016048,1.24725
8943a020467ffff,Potential Car Buyers,0,5.219903,0.002919,0.260995
8943a020467ffff,Potential Car Buyers,2,5.937758,0.00332,0.296888
8943a020467ffff,Potential Car Buyers,4,5.12891,0.002868,0.256446
8943a020467ffff,Potential Car Buyers,6,24.476012,0.015699,1.223847
8943a020467ffff,Potential Car Buyers,8,26.641803,0.017088,1.332141
8943a020467ffff,Potential Car Buyers,10,2.497206,0.000877,0.12486
8943a020467ffff,Potential Car Buyers,12,2.169544,0.000762,0.108477
8943a020467ffff,Potential Car Buyers,14,21.458724,0.013554,1.072936
8943a020467ffff,Potential Car Buyers,16,16.269136,0.010276,0.813457
8943a020467ffff,Potential Car Buyers,18,18.631852,0.011742,0.931644
8943a020467ffff,Potential Car Buyers,20,18.672231,0.011768,0.933663
8943a020467ffff,Potential Car Buyers,22,16.377028,0.010321,0.818896
8943a0204b7ffff,Families,0,3.898313,0.001828,0.194858
8943a0204b7ffff,Families,2,4.002622,0.001877,0.200072
8943a0204b7ffff,Families,4,3.363431,0.001577,0.168122
8943a0204b7ffff,Families,6,2.683129,0.001201,0.134112
8943a0204b7ffff,Families,8,2.6947,0.001206,0.134691
8943a0204b7ffff,Families,10,23.799788,0.015326,1.19003
8943a0204b7ffff,Families,12,24.664633,0.015882,1.233274
8943a0204b7ffff,Families,14,31.006395,0.019995,1.55032
8943a0204b7ffff,Families,16,35.910939,0.023158,1.795547
8943a0204b7ffff,Families,18,16.834612,0.010498,0.841731
8943a0204b7ffff,Families,20,15.938783,0.009939,0.796939
8943a0204b7ffff,Families,22,14.184817,0.008845,0.709241
8943a0204b7ffff,HNWI,0,24.063314,0.015497,1.203166
8943a0204b7ffff,HNWI,2,29.653706,0.019097,1.482685
8943a0204b7ffff,HNWI,4,28.8691,0.018592,1.443455
8943a0204b7ffff,HNWI,6,20.749088,0.013243,1.037454
8943a0204b7ffff,HNWI,8,22.681247,0.014477,1.134062
8943a0204b7ffff,HNWI,10,12.809833,0.007965,0.640492
8943a0204b7ffff,HNWI,12,17.382357,0.010809,0.869118
8943a0204b7ffff,HNWI,14,6.402251,0.003621,0.320113
8943a0204b7ffff,HNWI,16,7.541036,0.004265,0.377052
8943a0204b7ffff,HNWI,18,11.259906,0.006853,0.563044
8943a0204b7ffff,HNWI,20,12.842123,0.007816,0.642162
8943a0204b7ffff,HNWI,22,13.113776,0.007981,0.655746
8943a0204b7ffff,Potential Car Buyers,0,7.617199,0.00429,0.38086
8943a0204b7ffff,Potential Car Buyers,2,6.109888,0.003441,0.305494
8943a0204b7ffff,Potential Car Buyers,4,5.364792,0.003022,0.26824
8943a0204b7ffff,Potential Car Buyers,6,5.987849,0.003339,0.299392
8943a0204b7ffff,Potential Car Buyers,8,5.774444,0.00322,0.288722
8943a0204b7ffff,Potential Car Buyers,10,22.479143,0.014303,1.123957
8943a0204b7ffff,Potential Car Buyers,12,19.648289,0.012501,0.982414
8943a0204b7ffff,Potential Car Buyers,14,25.434839,0.016368,1.271698
8943a0204b7ffff,Potential Car Buyers,16,33.787363,0.021743,1.689309
8943a0204b7ffff,Potential Car Buyers,18,21.93209,0.013833,1.096664
8943a0204b7ffff,Potential Car Buyers,20,17.902976,0.011292,0.895197
8943a0204b7ffff,Potential Car Buyers,22,16.601046,0.010471,0.830097
8943a0204bbffff,Families,0,13.200362,0.008243,0.66006
8943a0204bbffff,Families,2,15.124912,0.009445,0.756294
8943a0204bbffff,Families,4,18.642895,0.011642,0.932204
8943a0204bbffff,Families,6,7.033493,0.003898,0.351675
8943a0204bbffff,Families,8,6.976246,0.003866,0.348812
8943a0204bbffff,Families,10,1.358076,0.000171,0.067959
8943a0204bbffff,Families,12,1.35234,0.00017,0.067672
8943a0204bbffff,Families,14,23.88435,0.015367,1.194259
8943a0204bbffff,Families,16,30.434548,0.019581,1.521781
8943a0204bbffff,Families,18,33.28792,0.021396,1.664396
8943a0204bbffff,Families,20,29.73823,0.019115,1.486911
8943a0204bbffff,Families,22,27.874385,0.017917,1.393719
8943a0204bbffff,HNWI,0,12.14419,0.007331,0.60721
8943a0204bbffff,HNWI,2,12.239214,0.007389,0.611961
8943a0204bbffff,HNWI,4,12.393959,0.007482,0.619698
8943a0204bbffff,HNWI,6,11.427533,0.006875,0.571377
8943a0204bbffff,HNWI,8,11.851264,0.00713,0.592563
8943a0204bbffff,HNWI,10,33.548306,0.021642,1.677415
8943a0204bbffff,HNWI,12,34.757949,0.022423,1.737897
8943a0204bbffff,HNWI,14,9.248495,0.005372,0.462365
8943a0204bbffff,HNWI,16,6.411494,0.003724,0.320533
8943a0204bbffff,HNWI,18,21.263626,0.013551,1.063134
8943a0204bbffff,HNWI,20,20.568467,0.013108,1.028378
8943a0204bbffff,HNWI,22,24.334196,0.015508,1.216656
8943a0204bbffff,Potential Car Buyers,0,17.313679,0.010931,0.865684
8943a0204bbffff,Potential Car Buyers,2,17.096596,0.010794,0.85483
8943a0204bbffff,Potential Car Buyers,4,17.789113,0.011231,0.889456
8943a0204bbffff,Potential Car Buyers,6,29.306014,0.018853,1.465352
8943a0204bbffff,Potential Car Buyers,8,23.372815,0.015036,1.168682
8943a0204bbffff,Potential Car Buyers,10,3.492116,0.001787,0.174606
8943a0204bbffff,Potential Car Buyers,12,4.342613,0.002223,0.217131
8943a0204bbffff,Potential Car Buyers,14,25.341302,0.016098,1.267065
8943a0204bbffff,Potential Car Buyers,16,25.28598,0.016063,1.264299
8943a0204bbffff,Potential Car Buyers,18,30.81367,0.019879,1.540733
8943a0204bbffff,Potential Car Buyers,20,34.289949,0.022122,1.714553
8943a0204bbffff,Potential Car Buyers,22,31.883984,0.02057,1.594251
8943a02050bffff,Families,0,13.002938,0.00791,0.650147
8943a02050bffff,Families,2,9.707367,0.005906,0.485368
8943a02050bffff,Families,4,10.105329,0.006148,0.505266
8943a02050bffff,Families,6,4.796698,0.002614,0.239835
8943a02050bffff,Families,8,5.287357,0.002881,0.264368
8943a02050bffff,Families,10,2.009218,0.000562,0.100461
8943a02050bffff,Families,12,1.545609,0.000432,0.07728
8943a02050bffff,Families,14,3.028156,0.001344,0.151357
8943a02050bffff,Families,16,2.790142,0.001239,0.13946
8943a02050bffff,Families,18,21.194294,0.013529,1.05967
8943a02050bffff,Families,20,26.86318,0.017148,1.343102
8943a02050bffff,Families,22,22.24226,0.014198,1.112066
8943a02050bffff,HNWI,0,2.109822,0.000634,0.105549
8943a02050bffff,HNWI,2,2.115188,0.000636,0.105818
8943a02050bffff,HNWI,4,2.02773,0.00061,0.101442
8943a02050bffff,HNWI,6,1.716623,0.000377,0.085889
8943a02050bffff,HNWI,8,1.276088,0.00028,0.063847
8943a02050bffff,HNWI,10,26.357613,0.016805,1.317823
8943a02050bffff,HNWI,12,18.820751,0.012,0.940996
8943a02050bffff,HNWI,14,14.357667,0.008919,0.717932
8943a02050bffff,HNWI,16,16.972795,0.010543,0.848698
8943a02050bffff,HNWI,18,15.775944,0.009762,0.788797
8943a02050bffff,HNWI,20,13.516777,0.008364,0.675839
8943a02050bffff,HNWI,22,12.047964,0.007455,0.602398
8943a02050bffff,Potential Car Buyers,0,10.495575,0.006209,0.52472
8943a02050bffff,Potential Car Buyers,2,10.319702,0.006105,0.515927
8943a02050bffff,Potential Car Buyers,4,8.716098,0.005157,0.435756
8943a02050bffff,Potential Car Buyers,6,9.625161,0.005666,0.481202
8943a02050bffff,Potential Car Buyers,8,8.776043,0.005167,0.438751
8943a02050bffff,Potential Car Buyers,10,29.61614,0.019086,1.480758
8943a02050bffff,Potential Car Buyers,12,27.42416,0.017673,1.371162
8943a02050bffff,Potential Car Buyers,14,1.327818,0.000155,0.066391
8943a02050bffff,Potential Car Buyers,16,1.439343,0.000168,0.071967
8943a02050bffff,Potential Car Buyers,18,24.438804,0.015516,1.22194
8943a02050bffff,Potential Car Buyers,20,21.428079,0.013605,1.071404
8943a02050bffff,Potential Car Buyers,22,22.119639,0.014044,1.105982
8943a020597ffff,Families,0,10.219497,0.006041,0.510917
8943a020597ffff,Families,2,9.671842,0.005717,0.483537
8943a020597ffff,Families,4,8.068075,0.004769,0.403358
8943a020597ffff,Families,6,6.807874,0.004004,0.340354
8943a020597ffff,Families,8,8.152135,0.004795,0.407559
8943a020597ffff,Families,10,5.033642,0.002647,0.251629
8943a020597ffff,Families,12,4.285231,0.002254,0.214216
8943a020597ffff,Families,14,20.467414,0.013015,1.023418
8943a020597ffff,Families,16,18.649833,0.011859,0.932535
8943a020597ffff,Families,18,19.657699,0.012479,0.982885
8943a020597ffff,Families,20,20.732072,0.013161,1.036604
8943a020597ffff,Families,22,24.218613,0.015374,1.210931
8943a020597ffff,HNWI,0,31.308114,0.020177,1.565406
8943a020597ffff,HNWI,2,26.317044,0.01696,1.315852
8943a020597ffff,HNWI,4,25.661681,0.016538,1.283084
8943a020597ffff,HNWI,6,13.613359,0.008451,0.680715
8943a020597ffff,HNWI,8,12.595843,0.007819,0.629836
8943a020597ffff,HNWI,10,5.468266,0.00303,0.27346
8943a020597ffff,HNWI,12,6.153115,0.003409,0.307708
8943a020597ffff,HNWI,14,11.500021,0.007068,0.575001
8943a020597ffff,HNWI,16,13.41571,0.008246,0.670786
8943a020597ffff,HNWI,18,14.210029,0.008689,0.71056
8943a020597ffff,HNWI,20,14.185183,0.008674,0.709318
8943a020597ffff,HNWI,22,12.807817,0.007832,0.640444
8943a020597ffff,Potential Car Buyers,0,13.335074,0.008143,0.666754
8943a020597ffff,Potential Car Buyers,2,9.634602,0.005883,0.48173
8943a020597ffff,Potential Car Buyers,4,13.64414,0.008331,0.682207
8943a020597ffff,Potential Car Buyers,6,11.846516,0.007215,0.592326
8943a020597ffff,Potential Car Buyers,8,9.467628,0.005766,0.473381
8943a020597ffff,Potential Car Buyers,10,29.414664,0.018893,1.470733
8943a020597ffff,Potential Car Buyers,12,25.972493,0.016682,1.298625
8943a020597ffff,Potential Car Buyers,14,3.76955,0.001918,0.188522
8943a020597ffff,Potential Car Buyers,16,3.511389,0.001787,0.175611
8943a020597ffff,Potential Car Buyers,18,25.19792,0.016099,1.259949
8943a020597ffff,Potential Car Buyers,20,25.749696,0.016451,1.287539
8943a020597ffff,Potential Car Buyers,22,27.896422,0.017823,1.394879
8943a0205c7ffff,Families,0,22.837885,0.014609,1.141894
8943a0205c7ffff,Families,2,29.132732,0.018636,1.456637
8943a0205c7ffff,Families,4,22.202725,0.014203,1.110136
8943a0205c7ffff,Families,6,26.507681,0.016947,1.325384
8943a0205c7ffff,Families,8,27.360035,0.017492,1.368002
8943a0205c7ffff,Families,10,20.43288,0.012962,1.021644
8943a0205c7ffff,Families,12,23.033537,0.014611,1.151677
8943a0205c7ffff,Families,14,8.646143,0.004996,0.432307
8943a0205c7ffff,Families,16,7.352724,0.004249,0.367636
8943a0205c7ffff,Families,18,7.563853,0.004297,0.378137
8943a0205c7ffff,Families,20,5.711962,0.003245,0.285556
8943a0205c7ffff,Families,22,7.259315,0.004124,0.362912
8943a0205c7ffff,HNWI,0,27.419429,0.017529,1.371028
8943a0205c7ffff,HNWI,2,25.872255,0.01654,1.293666
8943a0205c7ffff,HNWI,4,22.287634,0.014248,1.114428
8943a0205c7ffff,HNWI,6,24.196025,0.015459,1.209751
8943a0205c7ffff,HNWI,8,21.386913,0.013664,1.069301
8943a0205c7ffff,HNWI,10,13.531921,0.008436,0.67664
8943a0205c7ffff,HNWI,12,15.622019,0.009739,0.781152
8943a0205c7ffff,HNWI,14,18.686023,0.011711,0.934301
8943a0205c7ffff,HNWI,16,17.354222,0.010876,0.867711
8943a0205c7ffff,HNWI,18,6.80032,0.003826,0.340016
8943a0205c7ffff,HNWI,20,5.300928,0.002983,0.265046
8943a0205c7ffff,HNWI,22,5.642112,0.003175,0.282106
8943a0205c7ffff,Potential Car Buyers,0,18.147418,0.011483,0.907325
8943a0205c7ffff,Potential Car Buyers,2,19.275089,0.012197,0.963705
8943a0205c7ffff,Potential Car Buyers,4,18.429827,0.011662,0.921444
8943a0205c7ffff,Potential Car Buyers,6,11.533888,0.007129,0.576652
8943a0205c7ffff,Potential Car Buyers,8,11.652195,0.007202,0.582567
8943a0205c7ffff,Potential Car Buyers,10,9.815034,0.005886,0.490702
8943a0205c7ffff,Potential Car Buyers,12,8.066855,0.004838,0.403302
8943a0205c7ffff,Potential Car Buyers,14,15.622947,0.009797,0.781147
8943a0205c7ffff,Potential Car Buyers,16,13.774728,0.008638,0.688736
8943a0205c7ffff,Potential Car Buyers,18,1.777001,0.000497,0.08885
8943a0205c7ffff,Potential Car Buyers,20,1.6614,0.000465,0.08307
8943a0205c7ffff,Potential Car Buyers,22,2.051564,0.000574,0.102578
8943a0205cbffff,Families,0,28.648513,0.018305,1.432485
8943a0205cbffff,Families,2,23.11514,0.014769,1.155805
8943a0205cbffff,Families,4,27.687513,0.017691,1.384433
8943a0205cbffff,Families,6,21.243951,0.013565,1.062242
8943a0205cbffff,Families,8,21.237795,0.013561,1.061935
8943a0205cbffff,Families,10,9.469435,0.005647,0.473522
8943a0205cbffff,Families,12,11.211573,0.006686,0.560638
8943a0205cbffff,Families,14,8.168632,0.004649,0.408491
8943a0205cbffff,Families,16,7.296107,0.004152,0.364859
8943a0205cbffff,Families,18,7.125882,0.003971,0.356294
8943a0205cbffff,Families,20,7.19973,0.004013,0.359986
8943a0205cbffff,Families,22,5.165181,0.002879,0.258259
8943a0205cbffff,HNWI,0,11.404502,0.006809,0.570225
8943a0205cbffff,HNWI,2,11.435483,0.006828,0.571774
8943a0205cbffff,HNWI,4,8.835862,0.005275,0.441793
8943a0205cbffff,HNWI,6,35.180812,0.022666,1.758981
8943a0205cbffff,HNWI,8,29.199902,0.018812,1.459946
8943a0205cbffff,HNWI,10,18.354276,0.011657,0.91767
8943a0205cbffff,HNWI,12,25.187892,0.015998,1.259335
8943a0205cbffff,HNWI,14,25.005401,0.015926,1.25027
8943a0205cbffff,HNWI,16,24.370761,0.015522,1.218538
8943a0205cbffff,HNWI,18,23.833488,0.015156,1.191729
8943a0205cbffff,HNWI,20,22.480151,0.014295,1.124059
8943a0205cbffff,HNWI,22,18.235959,0.011596,0.91184
8943a0205cbffff,Potential Car Buyers,0,29.398579,0.018876,1.469929
8943a0205cbffff,Potential Car Buyers,2,22.597359,0.014509,1.129868
8943a0205cbffff,Potential Car Buyers,4,30.406619,0.019524,1.520331
8943a0205cbffff,Potential Car Buyers,6,19.374115,0.012124,0.968706
8943a0205cbffff,Potential Car Buyers,8,15.697639,0.009823,0.784882
8943a0205cbffff,Potential Car Buyers,10,12.823118,0.007868,0.641156
8943a0205cbffff,Potential Car Buyers,12,12.241383,0.007511,0.612069
8943a0205cbffff,Potential Car Buyers,14,31.787537,0.020473,1.589377
8943a0205cbffff,Potential Car Buyers,16,25.714186,0.016561,1.285709
8943a0205cbffff,Potential Car Buyers,18,8.095429,0.004808,0.404727
8943a0205cbffff,Potential Car Buyers,20,10.366548,0.006157,0.518271
8943a0205cbffff,Potential Car Buyers,22,9.374204,0.005568,0.468659
8943a020687ffff,Families,0,8.076012,0.004612,0.403801
8943a020687ffff,Families,2,6.185494,0.003532,0.309275
8943a020687ffff,Families,4,8.295586,0.004737,0.414779
8943a020687ffff,Families,6,5.782924,0.003275,0.289146
8943a020687ffff,Families,8,6.366252,0.003605,0.318313
8943a020687ffff,Families,10,26.526583,0.017037,1.326329
8943a020687ffff,Families,12,32.367116,0.020788,1.618356
8943a020687ffff,Families,14,21.341433,0.013509,1.067072
8943a020687ffff,Families,16,22.113051,0.013998,1.105653
8943a020687ffff,Families,18,22.66374,0.014317,1.133247
8943a020687ffff,Families,20,16.173776,0.010217,0.808731
8943a020687ffff,Families,22,20.358343,0.012861,1.017971
8943a020687ffff,HNWI,0,23.637744,0.01506,1.18194
8943a020687ffff,HNWI,2,24.928083,0.015882,1.246459
8943a020687ffff,HNWI,4,25.917117,0.016512,1.295913
8943a020687ffff,HNWI,6,11.15977,0.006853,0.557989
8943a020687ffff,HNWI,8,11.30414,0.006942,0.565207
8943a020687ffff,HNWI,10,8.004861,0.004739,0.400243
8943a020687ffff,HNWI,12,8.992176,0.005323,0.449609
8943a020687ffff,HNWI,14,5.260363,0.002851,0.262969
8943a020687ffff,HNWI,16,5.17511,0.002804,0.258707
8943a020687ffff,HNWI,18,4.515912,0.002357,0.225796
8943a020687ffff,HNWI,20,5.024442,0.002623,0.251222
8943a020687ffff,HNWI,22,4.907326,0.002561,0.245366
8943a020687ffff,Potential Car Buyers,0,24.522378,0.015728,1.226072
8943a020687ffff,Potential Car Buyers,2,25.637702,0.016443,1.281836
8943a020687ffff,Potential Car Buyers,4,26.566217,0.017039,1.32826
8943a020687ffff,Potential Car Buyers,6,22.00149,0.014104,1.100117
8943a020687ffff,Potential Car Buyers,8,20.862483,0.013374,1.043164
8943a020687ffff,Potential Car Buyers,10,16.646482,0.01046,0.832372
8943a020687ffff,Potential Car Buyers,12,17.852341,0.011218,0.892668
8943a020687ffff,Potential Car Buyers,14,16.074667,0.010143,0.803733
8943a020687ffff,Potential Car Buyers,16,22.0517,0.013914,1.102585
8943a020687ffff,Potential Car Buyers,18,8.350292,0.004905,0.417515
8943a020687ffff,Potential Car Buyers,20,8.014947,0.004708,0.400747
8943a020687ffff,Potential Car Buyers,22,7.502364,0.004406,0.375118
8943a0206afffff,Families,0,35.741806,0.023031,1.78709
8943a0206afffff,Families,2,33.907576,0.021849,1.695379
8943a0206afffff,Families,4,26.214499,0.016892,1.310725
8943a0206afffff,Families,6,32.354171,0.02084,1.617709
8943a0206afffff,Families,8,29.497428,0.019,1.474871
8943a0206afffff,Families,10,20.565445,0.013056,1.028272
8943a0206afffff,Families,12,21.977322,0.013952,1.098866
8943a0206afffff,Families,14,23.656319,0.015061,1.182869
8943a0206afffff,Families,16,24.674403,0.01571,1.233776
8943a0206afffff,Families,18,9.860936,0.006024,0.493088
8943a0206afffff,Families,20,12.123812,0.007406,0.606241
8943a0206afffff,Families,22,12.27467,0.007499,0.613785
8943a0206afffff,HNWI,0,24.256963,0.015403,1.212906
8943a0206afffff,HNWI,2,20.449336,0.012985,1.022515
8943a0206afffff,HNWI,4,19.542527,0.01241,0.977173
8943a0206afffff,HNWI,6,5.784061,0.003247,0.289203
8943a0206afffff,HNWI,8,6.427451,0.003608,0.321373
8943a0206afffff,HNWI,10,18.503771,0.011609,0.925243
8943a0206afffff,HNWI,12,13.866771,0.0087,0.693379
8943a0206afffff,HNWI,14,3.483941,0.001719,0.174152
8943a0206afffff,HNWI,16,3.909677,0.001929,0.195433
8943a0206afffff,HNWI,18,2.979462,0.001348,0.148973
8943a0206afffff,HNWI,20,3.037078,0.001374,0.151854
8943a0206afffff,HNWI,22,2.973187,0.001345,0.148659
8943a0206afffff,Potential Car Buyers,0,5.007585,0.002571,0.250379
8943a0206afffff,Potential Car Buyers,2,4.448422,0.002284,0.222421
8943a0206afffff,Potential Car Buyers,4,3.692003,0.001895,0.1846
8943a0206afffff,Potential Car Buyers,6,18.243453,0.011544,0.912126
8943a0206afffff,Potential Car Buyers,8,20.977398,0.013274,1.048816
8943a0206afffff,Potential Car Buyers,10,13.79626,0.00862,0.689856
8943a0206afffff,Potential Car Buyers,12,14.94996,0.00934,0.747545
8943a0206afffff,Potential Car Buyers,14,14.112112,0.008861,0.705606
8943a0206afffff,Potential Car Buyers,16,13.939674,0.008752,0.696984
8943a0206afffff,Potential Car Buyers,18,18.290952,0.011453,0.914603
8943a0206afffff,Potential Car Buyers,20,13.884497,0.008694,0.694267
8943a0206afffff,Potential Car Buyers,22,15.231676,0.009537,0.76163
8943a0206b3ffff,Families,0,34.834011,0.022439,1.741701
8943a0206b3ffff,Families,2,23.662992,0.015243,1.18315
8943a0206b3ffff,Families,4,25.517236,0.016437,1.275862
8943a0206b3ffff,Families,6,16.414072,0.010389,0.820745
8943a0206b3ffff,Families,8,22.688748,0.01436,1.134495
8943a0206b3ffff,Families,10,29.171752,0.018686,1.458588
8943a0206b3ffff,Families,12,24.535451,0.015716,1.226773
8943a0206b3ffff,Families,14,10.31156,0.006321,0.515578
8943a0206b3ffff,Families,16,10.41034,0.006381,0.520517
8943a0206b3ffff,Families,18,14.956828,0.009368,0.747887
8943a0206b3ffff,Families,20,14.33864,0.008981,0.716975
8943a0206b3ffff,Families,22,17.608842,0.011029,0.880495
8943a0206b3ffff,HNWI,0,29.122475,0.018658,1.456067
8943a0206b3ffff,HNWI,2,24.215274,0.015514,1.210716
8943a0206b3ffff,HNWI,4,21.028447,0.013472,1.051381
8943a0206b3ffff,HNWI,6,5.255041,0.002841,0.262752
8943a0206b3ffff,HNWI,8,4.788571,0.002588,0.239429
8943a0206b3ffff,HNWI,10,1.240155,0.000287,0.062008
8943a0206b3ffff,HNWI,12,1.382214,0.000319,0.069111
8943a0206b3ffff,HNWI,14,2.565436,0.0011,0.128318
8943a0206b3ffff,HNWI,16,3.1777,0.001362,0.158942
8943a0206b3ffff,HNWI,18,8.80252,0.005105,0.440126
8943a0206b3ffff,HNWI,20,6.782899,0.003934,0.339145
8943a0206b3ffff,HNWI,22,6.596554,0.003826,0.329828
8943a0206b3ffff,Potential Car Buyers,0,2.304769,0.000957,0.115195
8943a0206b3ffff,Potential Car Buyers,2,3.02748,0.001257,0.151317
8943a0206b3ffff,Potential Car Buyers,4,2.490059,0.001034,0.124456
8943a0206b3ffff,Potential Car Buyers,6,2.201683,0.000835,0.110132
8943a0206b3ffff,Potential Car Buyers,8,2.513922,0.000954,0.12575
8943a0206b3ffff,Potential Car Buyers,10,16.012647,0.010086,0.800677
8943a0206b3ffff,Potential Car Buyers,12,17.47374,0.011007,0.873735
8943a0206b3ffff,Potential Car Buyers,14,18.157428,0.011323,0.90793
8943a0206b3ffff,Potential Car Buyers,16,13.468118,0.008399,0.673449
8943a0206b3ffff,Potential Car Buyers,18,14.104122,0.008765,0.705206
8943a0206b3ffff,Potential Car Buyers,20,16.716869,0.010389,0.835843
8943a0206b3ffff,Potential Car Buyers,22,13.383186,0.008317,0.669159
8943a021593ffff,Families,0,2.954571,0.001266,0.147729
8943a021593ffff,Families,2,3.023751,0.001295,0.151188
8943a021593ffff,Families,4,2.781176,0.001192,0.139059
8943a021593ffff,Families,6,13.814566,0.008473,0.690784
8943a021593ffff,Families,8,12.133809,0.007442,0.606739
8943a021593ffff,Families,10,9.07496,0.005358,0.453696
8943a021593ffff,Families,12,10.213485,0.00603,0.510616
8943a021593ffff,Families,14,16.277328,0.010157,0.813866
8943a021593ffff,Families,16,14.053527,0.00877,0.702676
8943a021593ffff,Families,18,12.456474,0.007747,0.622866
8943a021593ffff,Families,20,16.207056,0.010079,0.810407
8943a021593ffff,Families,22,14.30142,0.008894,0.715119
8943a021593ffff,HNWI,0,26.529858,0.017046,1.326541
8943a021593ffff,HNWI,2,23.878004,0.015343,1.193943
8943a021593ffff,HNWI,4,29.544784,0.018984,1.477293
8943a021593ffff,HNWI,6,24.682326,0.015696,1.234173
8943a021593ffff,HNWI,8,25.439831,0.016177,1.27205
8943a021593ffff,HNWI,10,16.747848,0.010542,0.837439
8943a021593ffff,HNWI,12,15.364182,0.009671,0.768252
8943a021593ffff,HNWI,14,8.742281,0.005269,0.437072
8943a021593ffff,HNWI,16,12.386424,0.007465,0.619262
8943a021593ffff,HNWI,18,9.700074,0.005799,0.485004
8943a021593ffff,HNWI,20,10.946924,0.006544,0.547346
8943a021593ffff,HNWI,22,11.590462,0.006929,0.579523
8943a021593ffff,Potential Car Buyers,0,5.154808,0.002851,0.257696
8943a021593ffff,Potential Car Buyers,2,5.530802,0.003059,0.276493
8943a021593ffff,Potential Car Buyers,4,4.837034,0.002676,0.24181
8943a021593ffff,Potential Car Buyers,6,12.729603,0.007941,0.63648
8943a021593ffff,Potential Car Buyers,8,16.212858,0.010114,0.810643
8943a021593ffff,Potential Car Buyers,10,12.389597,0.00756,0.61948
8943a021593ffff,Potential Car Buyers,12,11.804733,0.007204,0.590237
8943a021593ffff,Potential Car Buyers,14,9.432299,0.005524,0.471672
8943a021593ffff,Potential Car Buyers,16,9.837134,0.005761,0.491917
8943a021593ffff,Potential Car Buyers,18,18.473348,0.01163,0.923667
8943a021593ffff,Potential Car Buyers,20,17.267691,0.010871,0.863385
8943a021593ffff,Potential Car Buyers,22,20.007022,0.012596,1.000351
8943a0215a3ffff,Families,0,19.29892,0.012252,0.964946
8943a0215a3ffff,Families,2,18.751758,0.011904,0.937588
8943a0215a3ffff,Families,4,23.724726,0.015061,1.186236
8943a0215a3ffff,Families,6,16.187837,0.010072,0.809392
8943a0215a3ffff,Families,8,14.46975,0.009003,0.723488
8943a0215a3ffff,Families,10,9.369868,0.00569,0.468493
8943a0215a3ffff,Families,12,10.460796,0.006353,0.52304
8943a0215a3ffff,Families,14,26.603941,0.017106,1.330197
8943a0215a3ffff,Families,16,32.75622,0.021062,1.637811
8943a0215a3ffff,Families,18,3.343436,0.001484,0.167116
8943a0215a3ffff,Families,20,3.506067,0.001557,0.175245
8943a0215a3ffff,Families,22,2.465895,0.001095,0.123254
8943a0215a3ffff,HNWI,0,6.771091,0.003817,0.338502
8943a0215a3ffff,HNWI,2,6.049497,0.00341,0.302428
8943a0215a3ffff,HNWI,4,6.340849,0.003574,0.316993
8943a0215a3ffff,HNWI,6,26.036194,0.016706,1.30181
8943a0215a3ffff,HNWI,8,29.047155,0.018638,1.452358
8943a0215a3ffff,HNWI,10,16.267533,0.010244,0.813377
8943a0215a3ffff,HNWI,12,16.804771,0.010582,0.840239
8943a0215a3ffff,HNWI,14,22.335493,0.014119,1.116717
8943a0215a3ffff,HNWI,16,19.492033,0.012322,0.974551
8943a0215a3ffff,HNWI,18,17.985084,0.011344,0.899254
8943a0215a3ffff,HNWI,20,19.329338,0.012192,0.966467
8943a0215a3ffff,HNWI,22,16.368232,0.010325,0.818412
8943a0215a3ffff,Potential Car Buyers,0,12.83762,0.007926,0.641929
8943a0215a3ffff,Potential Car Buyers,2,15.5763,0.009617,0.778873
8943a0215a3ffff,Potential Car Buyers,4,11.249167,0.006945,0.5625
8943a0215a3ffff,Potential Car Buyers,6,10.840513,0.00668,0.542067
8943a0215a3ffff,Potential Car Buyers,8,12.799243,0.007887,0.640011
8943a0215a3ffff,Potential Car Buyers,10,8.033143,0.004789,0.4017
8943a0215a3ffff,Potential Car Buyers,12,9.730988,0.005801,0.486601
8943a0215a3ffff,Potential Car Buyers,14,29.980042,0.019229,1.499059
8943a0215a3ffff,Potential Car Buyers,16,31.130883,0.019967,1.556603
8943a0215a3ffff,Potential Car Buyers,18,28.95526,0.01855,1.447763
8943a0215a3ffff,Potential Car Buyers,20,27.13655,0.017385,1.356828
8943a0215a3ffff,Potential Car Buyers,22,20.84964,0.013357,1.042482
8943a021c9bffff,Families,0,28.702794,0.01835,1.435199
8943a021c9bffff,Families,2,26.165801,0.016728,1.308344
8943a021c9bffff,Families,4,22.548268,0.014415,1.12746
8943a021c9bffff,Families,6,27.043367,0.017279,1.352225
8943a021c9bffff,Families,8,24.942079,0.015936,1.247156
8943a021c9bffff,Families,10,10.368837,0.006207,0.518495
8943a021c9bffff,Families,12,10.311779,0.006173,0.515642
8943a021c9bffff,Families,14,13.92062,0.008725,0.696031
8943a021c9bffff,Families,16,17.830371,0.011175,0.891519
8943a021c9bffff,Families,18,6.562297,0.003694,0.328115
8943a021c9bffff,Families,20,5.365113,0.00302,0.268256
8943a021c9bffff,Families,22,6.658285,0.003748,0.332914
8943a021c9bffff,HNWI,0,8.042162,0.00482,0.402108
8943a021c9bffff,HNWI,2,9.991978,0.005989,0.499599
8943a021c9bffff,HNWI,4,8.127973,0.004871,0.406399
8943a021c9bffff,HNWI,6,30.333412,0.01955,1.516721
8943a021c9bffff,HNWI,8,34.102002,0.021979,1.705157
8943a021c9bffff,HNWI,10,5.466581,0.003018,0.273329
8943a021c9bffff,HNWI,12,6.494011,0.003585,0.324701
8943a021c9bffff,HNWI,14,24.385807,0.015542,1.21929
8943a021c9bffff,HNWI,16,21.744657,0.013859,1.087233
8943a021c9bffff,HNWI,18,23.913276,0.015218,1.195609
8943a021c9bffff,HNWI,20,24.832595,0.015803,1.241573
8943a021c9bffff,HNWI,22,24.273315,0.015447,1.213611
8943a021c9bffff,Potential Car Buyers,0,18.542705,0.011814,0.927135
8943a021c9bffff,Potential Car Buyers,2,23.065509,0.014696,1.153275
8943a021c9bffff,Potential Car Buyers,4,26.683301,0.017001,1.334165
8943a021c9bffff,Potential Car Buyers,6,18.995603,0.011902,0.94978
8943a021c9bffff,Potential Car Buyers,8,19.070663,0.011949,0.953533
8943a021c9bffff,Potential Car Buyers,10,14.316056,0.008803,0.715803
8943a021c9bffff,Potential Car Buyers,12,13.680712,0.008412,0.684036
8943a021c9bffff,Potential Car Buyers,14,11.753695,0.007282,0.587726
8943a021c9bffff,Potential Car Buyers,16,16.933332,0.010491,0.846727
8943a021c9bffff,Potential Car Buyers,18,4.659223,0.002437,0.233011
8943a021c9bffff,Potential Car Buyers,20,4.041922,0.002114,0.20214
8943a021c9bffff,Potential Car Buyers,22,5.014064,0.002622,0.250757
8943a022013ffff,Families,0,14.891964,0.009159,0.744598
8943a022013ffff,Families,2,10.523867,0.006472,0.526193
8943a022013ffff,Families,4,11.524208,0.007087,0.57621
8943a022013ffff,Families,6,11.357781,0.00697,0.567889
8943a022013ffff,Families,8,13.817501,0.008479,0.690875
8943a022013ffff,Families,10,29.389237,0.018903,1.469462
8943a022013ffff,Families,12,30.726412,0.019763,1.536321
8943a022013ffff,Families,14,28.696797,0.018388,1.43484
8943a022013ffff,Families,16,29.326496,0.018791,1.466325
8943a022013ffff,Families,18,21.029454,0.013459,1.051515
8943a022013ffff,Families,20,29.200155,0.018688,1.460066
8943a022013ffff,Families,22,25.956942,0.016613,1.297899
8943a022013ffff,HNWI,0,28.530874,0.018353,1.426594
8943a022013ffff,HNWI,2,34.065777,0.021913,1.703349
8943a022013ffff,HNWI,4,33.049295,0.021259,1.652523
8943a022013ffff,HNWI,6,11.60806,0.007176,0.580403
8943a022013ffff,HNWI,8,13.772757,0.008514,0.688638
8943a022013ffff,HNWI,10,10.298527,0.006179,0.514926
8943a022013ffff,HNWI,12,10.317804,0.006191,0.51589
8943a022013ffff,HNWI,14,13.405624,0.008144,0.670341
8943a022013ffff,HNWI,16,9.752952,0.005925,0.487691
8943a022013ffff,HNWI,18,10.15615,0.006128,0.507808
8943a022013ffff,HNWI,20,12.151121,0.007332,0.607556
8943a022013ffff,HNWI,22,11.487393,0.006932,0.57437
8943a022013ffff,Potential Car Buyers,0,12.406963,0.007528,0.620404
8943a022013ffff,Potential Car Buyers,2,10.815886,0.006562,0.540843
8943a022013ffff,Potential Car Buyers,4,12.723291,0.00772,0.636222
8943a022013ffff,Potential Car Buyers,6,4.483051,0.00241,0.224196
8943a022013ffff,Potential Car Buyers,8,6.002501,0.003227,0.300183
8943a022013ffff,Potential Car Buyers,10,1.505974,0.000294,0.075352
8943a022013ffff,Potential Car Buyers,12,1.377503,0.000268,0.068924
8943a022013ffff,Potential Car Buyers,14,27.503861,0.017678,1.375193
8943a022013ffff,Potential Car Buyers,16,26.947499,0.01732,1.347375
8943a022013ffff,Potential Car Buyers,18,25.690449,0.016389,1.284522
8943a022013ffff,Potential Car Buyers,20,26.418552,0.016854,1.320928
8943a022013ffff,Potential Car Buyers,22,20.649842,0.013174,1.032492
8943a02204bffff,Families,0,21.186829,0.013401,1.059341
8943a02204bffff,Families,2,18.10261,0.01145,0.905131
8943a02204bffff,Families,4,19.204883,0.012147,0.960244
8943a02204bffff,Families,6,8.748179,0.005228,0.437364
8943a02204bffff,Families,8,11.299575,0.006753,0.56492
8943a02204bffff,Families,10,16.369856,0.010206,0.818493
8943a02204bffff,Families,12,12.360886,0.007707,0.618044
8943a02204bffff,Families,14,2.346336,0.000888,0.117317
8943a02204bffff,Families,16,2.557864,0.000968,0.127893
8943a02204bffff,Families,18,1.693633,0.000412,0.084628
8943a02204bffff,Families,20,1.493076,0.000364,0.074606
8943a02204bffff,Families,22,1.525259,0.000371,0.076214
8943a02204bffff,HNWI,0,1.134893,9.3e-05,0.056745
8943a02204bffff,HNWI,2,1.346869,0.00011,0.067343
8943a02204bffff,HNWI,4,1.340746,0.00011,0.067037
8943a02204bffff,HNWI,6,34.471995,0.022236,1.7236
8943a02204bffff,HNWI,8,35.575846,0.022949,1.778792
8943a02204bffff,HNWI,10,28.110015,0.018048,1.405501
8943a02204bffff,HNWI,12,28.858439,0.018529,1.442922
8943a02204bffff,HNWI,14,26.126275,0.016804,1.30636
8943a02204bffff,HNWI,16,30.714116,0.019754,1.53576
8943a02204bffff,HNWI,18,11.138594,0.006865,0.556972
8943a02204bffff,HNWI,20,12.22004,0.007531,0.611048
8943a02204bffff,HNWI,22,13.800504,0.008505,0.690077
8943a02204bffff,Potential Car Buyers,0,25.226357,0.016073,1.261262
8943a02204bffff,Potential Car Buyers,2,24.496508,0.015608,1.224771
8943a02204bffff,Potential Car Buyers,4,26.990852,0.017198,1.349483
8943a02204bffff,Potential Car Buyers,6,7.065756,0.004112,0.353288
8943a02204bffff,Potential Car Buyers,8,8.625019,0.005019,0.431251
8943a02204bffff,Potential Car Buyers,10,14.945313,0.009234,0.747211
8943a02204bffff,Potential Car Buyers,12,15.020567,0.00928,0.750973
8943a02204bffff,Potential Car Buyers,14,5.508091,0.00299,0.275353
8943a02204bffff,Potential Car Buyers,16,4.380373,0.002378,0.218978
8943a02204bffff,Potential Car Buyers,18,4.59688,0.002405,0.229844
8943a02204bffff,Potential Car Buyers,20,5.004587,0.002619,0.250229
8943a02204bffff,Potential Car Buyers,22,3.846872,0.002013,0.192344
8943a022077ffff,Families,0,28.0566,0.018051,1.40283
8943a022077ffff,Families,2,25.482314,0.016395,1.274116
8943a022077ffff,Families,4,33.460284,0.021528,1.673014
8943a022077ffff,Families,6,28.0396,0.018033,1.40198
8943a022077ffff,Families,8,33.347292,0.021446,1.667365
8943a022077ffff,Families,10,21.778419,0.013928,1.088921
8943a022077ffff,Families,12,24.642845,0.01576,1.232142
8943a022077ffff,Families,14,25.13628,0.016109,1.256863
8943a022077ffff,Families,16,30.175967,0.019338,1.508857
8943a022077ffff,Families,18,12.485875,0.007546,0.624352
8943a022077ffff,Families,20,10.640305,0.00643,0.532065
8943a022077ffff,Families,22,11.749954,0.007101,0.587553
8943a022077ffff,HNWI,0,20.753078,0.013274,1.037612
8943a022077ffff,HNWI,2,20.812656,0.013312,1.040591
8943a022077ffff,HNWI,4,24.214756,0.015488,1.210689
8943a022077ffff,HNWI,6,11.17325,0.006699,0.558662
8943a022077ffff,HNWI,8,8.940365,0.00536,0.447018
8943a022077ffff,HNWI,10,10.465205,0.006285,0.523312
8943a022077ffff,HNWI,12,10.312871,0.006194,0.515695
8943a022077ffff,HNWI,14,8.360955,0.004825,0.417992
8943a022077ffff,HNWI,16,5.951569,0.003435,0.297538
8943a022077ffff,HNWI,18,6.070736,0.003444,0.303537
8943a022077ffff,HNWI,20,7.882215,0.004472,0.394111
8943a022077ffff,HNWI,22,5.663376,0.003213,0.283169
8943a022077ffff,Potential Car Buyers,0,1.663759,0.000446,0.083138
8943a022077ffff,Potential Car Buyers,2,1.963996,0.000526,0.098141
8943a022077ffff,Potential Car Buyers,4,1.450645,0.000389,0.072489
8943a022077ffff,Potential Car Buyers,6,1.547871,0.000262,0.077451
8943a022077ffff,Potential Car Buyers,8,1.315139,0.000223,0.065806
8943a022077ffff,Potential Car Buyers,10,24.918661,0.016011,1.245978
8943a022077ffff,Potential Car Buyers,12,22.213283,0.014273,1.110704
8943a022077ffff,Potential Car Buyers,14,26.774031,0.017107,1.338702
8943a022077ffff,Potential Car Buyers,16,20.009214,0.012785,1.000461
8943a022077ffff,Potential Car Buyers,18,15.671288,0.009689,0.783564
8943a022077ffff,Potential Car Buyers,20,12.415013,0.007676,0.620751
8943a022077ffff,Potential Car Buyers,22,11.840538,0.00732,0.592027
8943a02214bffff,Families,0,14.945624,0.009322,0.747329
8943a02214bffff,Families,2,13.166202,0.008212,0.658353
8943a02214bffff,Families,4,15.279266,0.00953,0.764013
8943a02214bffff,Families,6,5.026713,0.00276,0.251336
8943a02214bffff,Families,8,4.828018,0.00265,0.241401
8943a02214bffff,Families,10,29.568221,0.019077,1.478459
8943a02214bffff,Families,12,29.080181,0.018762,1.454056
8943a02214bffff,Families,14,28.798645,0.018522,1.439983
8943a02214bffff,Families,16,25.278732,0.016258,1.263981
8943a02214bffff,Families,18,32.59443,0.020943,1.629721
8943a02214bffff,Families,20,26.52143,0.017041,1.326072
8943a02214bffff,Families,22,23.150516,0.014875,1.157526
8943a02214bffff,HNWI,0,0.871093,3.7e-05,0.043555
8943a02214bffff,HNWI,2,0.93711,4e-05,0.046855
8943a02214bffff,HNWI,4,1.257123,5.3e-05,0.062856
8943a02214bffff,HNWI,6,23.67996,0.015043,1.183942
8943a02214bffff,HNWI,8,22.492144,0.014289,1.124554
8943a02214bffff,HNWI,10,11.858238,0.00728,0.592959
8943a02214bffff,HNWI,12,14.467111,0.008881,0.723413
8943a02214bffff,HNWI,14,14.050944,0.008694,0.702547
8943a02214bffff,HNWI,16,13.86909,0.008581,0.693454
8943a02214bffff,HNWI,18,12.491491,0.007695,0.624527
8943a02214bffff,HNWI,20,12.916139,0.007957,0.645758
8943a02214bffff,HNWI,22,14.85966,0.009154,0.742926
8943a02214bffff,Potential Car Buyers,0,5.641498,0.002988,0.282075
8943a02214bffff,Potential Car Buyers,2,4.796255,0.00254,0.239813
8943a02214bffff,Potential Car Buyers,4,5.3763,0.002848,0.268815
8943a02214bffff,Potential Car Buyers,6,4.104089,0.002133,0.205204
8943a02214bffff,Potential Car Buyers,8,4.996105,0.002596,0.249805
8943a02214bffff,Potential Car Buyers,10,25.670181,0.016454,1.283509
8943a02214bffff,Potential Car Buyers,12,29.929184,0.019184,1.496459
8943a02214bffff,Potential Car Buyers,14,24.246277,0.015571,1.212269
8943a02214bffff,Potential Car Buyers,16,23.122142,0.014849,1.156065
8943a02214bffff,Potential Car Buyers,18,19.13277,0.012003,0.956695
8943a02214bffff,Potential Car Buyers,20,19.490352,0.012228,0.974575
8943a02214bffff,Potential Car Buyers,22,16.411181,0.010296,0.820607
8943a0221b7ffff,Families,0,13.708335,0.008556,0.685417
8943a0221b7ffff,Families,2,15.868467,0.009904,0.793423
8943a0221b7ffff,Families,4,13.084446,0.008166,0.654222
8943a0221b7ffff,Families,6,15.376853,0.009583,0.768843
8943a0221b7ffff,Families,8,14.783891,0.009214,0.739195
8943a0221b7ffff,Families,10,1.254245,8.3e-05,0.062712
8943a0221b7ffff,Families,12,1.294698,8.5e-05,0.064735
8943a0221b7ffff,Families,14,7.511182,0.004382,0.375606
8943a0221b7ffff,Families,16,8.476736,0.004945,0.42389
8943a0221b7ffff,Families,18,30.501031,0.019602,1.525107
8943a0221b7ffff,Families,20,25.182396,0.016184,1.259165
8943a0221b7ffff,Families,22,29.03867,0.018662,1.451986
8943a0221b7ffff,HNWI,0,1.239311,0.000143,0.062017
8943a0221b7ffff,HNWI,2,1.011961,0.000117,0.05064
8943a0221b7ffff,HNWI,4,1.037079,0.000119,0.051897
8943a0221b7ffff,HNWI,6,18.002398,0.011275,0.90012
8943a0221b7ffff,HNWI,8,18.912099,0.011845,0.945605
8943a0221b7ffff,HNWI,10,22.218178,0.014148,1.110959
8943a0221b7ffff,HNWI,12,23.642475,0.015055,1.182177
8943a0221b7ffff,HNWI,14,15.556836,0.009633,0.777897
8943a0221b7ffff,HNWI,16,15.49219,0.009593,0.774665
8943a0221b7ffff,HNWI,18,16.989403,0.010728,0.84947
8943a0221b7ffff,HNWI,20,18.833488,0.011892,0.941674
8943a0221b7ffff,HNWI,22,15.947225,0.01007,0.797361
8943a0221b7ffff,Potential Car Buyers,0,12.621794,0.007809,0.631044
8943a0221b7ffff,Potential Car Buyers,2,12.505677,0.007737,0.625239
8943a0221b7ffff,Potential Car Buyers,4,14.258531,0.008822,0.712875
8943a0221b7ffff,Potential Car Buyers,6,14.874954,0.009186,0.743803
8943a0221b7ffff,Potential Car Buyers,8,13.115583,0.008099,0.655828
8943a0221b7ffff,Potential Car Buyers,10,4.823767,0.002447,0.241131
8943a0221b7ffff,Potential Car Buyers,12,4.344539,0.002204,0.217175
8943a0221b7ffff,Potential Car Buyers,14,11.28324,0.006843,0.564162
8943a0221b7ffff,Potential Car Buyers,16,10.654365,0.006462,0.532718
8943a0221b7ffff,Potential Car Buyers,18,22.937107,0.014703,1.146855
8943a0221b7ffff,Potential Car Buyers,20,21.799284,0.013974,1.089964
8943a0221b7ffff,Potential Car Buyers,22,21.172235,0.013572,1.058612
8943a02220bffff,Families,0,11.374071,0.006855,0.568704
8943a02220bffff,Families,2,10.80059,0.00651,0.540029
8943a02220bffff,Families,4,11.770615,0.007094,0.588531
8943a02220bffff,Families,6,30.45734,0.019516,1.522926
8943a02220bffff,Families,8,25.163653,0.016124,1.258232
8943a02220bffff,Families,10,15.766481,0.009869,0.788372
8943a02220bffff,Families,12,18.159818,0.011367,0.908046
8943a02220bffff,Families,14,20.199074,0.012887,1.009954
8943a02220bffff,Families,16,21.46873,0.013697,1.073437
8943a02220bffff,Families,18,23.394857,0.014904,1.169795
8943a02220bffff,Families,20,25.922171,0.016514,1.296166
8943a02220bffff,Families,22,23.582415,0.015024,1.179173
8943a02220bffff,HNWI,0,11.360866,0.006921,0.568043
8943a02220bffff,HNWI,2,13.586146,0.008277,0.679307
8943a02220bffff,HNWI,4,13.800561,0.008408,0.690028
8943a02220bffff,HNWI,6,11.123416,0.006758,0.556171
8943a02220bffff,HNWI,8,12.311346,0.00748,0.615567
8943a02220bffff,HNWI,10,8.548333,0.004941,0.427417
8943a02220bffff,HNWI,12,6.101199,0.003527,0.30506
8943a02220bffff,HNWI,14,9.801666,0.005791,0.490027
8943a02220bffff,HNWI,16,9.585263,0.005663,0.479209
8943a02220bffff,HNWI,18,26.017506,0.016613,1.30093
8943a02220bffff,HNWI,20,28.297497,0.018069,1.414935
8943a02220bffff,HNWI,22,26.788944,0.017106,1.339504
8943a02220bffff,Potential Car Buyers,0,17.702797,0.011209,0.88514
8943a02220bffff,Potential Car Buyers,2,22.291579,0.014114,1.114579
8943a02220bffff,Potential Car Buyers,4,17.642609,0.011171,0.88213
8943a02220bffff,Potential Car Buyers,6,20.478078,0.012954,1.023904
8943a02220bffff,Potential Car Buyers,8,16.40309,0.010376,0.820155
8943a02220bffff,Potential Car Buyers,10,11.310011,0.006852,0.565501
8943a02220bffff,Potential Car Buyers,12,9.121171,0.005526,0.456059
8943a02220bffff,Potential Car Buyers,14,2.511508,0.001051,0.125575
8943a02220bffff,Potential Car Buyers,16,2.269183,0.000949,0.113459
8943a02220bffff,Potential Car Buyers,18,2.08576,0.000677,0.104342
8943a02220bffff,Potential Car Buyers,20,2.207556,0.000716,0.110435
8943a02220bffff,Potential Car Buyers,22,1.772498,0.000575,0.08867
8943a02228bffff,Families,0,16.309403,0.010242,0.81547
8943a02228bffff,Families,2,15.898552,0.009984,0.794928
8943a02228bffff,Families,4,18.965559,0.01191,0.948278
8943a02228bffff,Families,6,9.675015,0.005878,0.483751
8943a02228bffff,Families,8,9.119714,0.005541,0.455986
8943a02228bffff,Families,10,6.214905,0.003593,0.310745
8943a02228bffff,Families,12,8.541258,0.004938,0.427063
8943a02228bffff,Families,14,12.09684,0.007505,0.604884
8943a02228bffff,Families,16,17.219708,0.010684,0.861045
8943a02228bffff,Families,18,31.433732,0.020242,1.57174
8943a02228bffff,Families,20,23.708875,0.015267,1.185484
8943a02228bffff,Families,22,26.091275,0.016801,1.304608
8943a02228bffff,HNWI,0,3.172144,0.001352,0.158665
8943a02228bffff,HNWI,2,2.951172,0.001257,0.147612
8943a02228bffff,HNWI,4,2.839302,0.00121,0.142016
8943a02228bffff,HNWI,6,2.622358,0.001032,0.131064
8943a02228bffff,HNWI,8,2.41804,0.000952,0.120852
8943a02228bffff,HNWI,10,24.771511,0.01594,1.238619
8943a02228bffff,HNWI,12,32.449874,0.02088,1.62255
8943a02228bffff,HNWI,14,15.835912,0.009881,0.791846
8943a02228bffff,HNWI,16,13.427248,0.008378,0.671405
8943a02228bffff,HNWI,18,16.816102,0.010457,0.840805
8943a02228bffff,HNWI,20,13.717622,0.00853,0.685881
8943a02228bffff,HNWI,22,13.286584,0.008262,0.664329
8943a02228bffff,Potential Car Buyers,0,2.410163,0.00106,0.120467
8943a02228bffff,Potential Car Buyers,2,2.635718,0.001159,0.131741
8943a02228bffff,Potential Car Buyers,4,2.987889,0.001314,0.149344
8943a02228bffff,Potential Car Buyers,6,2.257571,0.000928,0.112922
8943a02228bffff,Potential Car Buyers,8,2.570927,0.001057,0.128596
8943a02228bffff,Potential Car Buyers,10,23.706913,0.015147,1.185395
8943a02228bffff,Potential Car Buyers,12,26.532536,0.016953,1.326682
8943a02228bffff,Potential Car Buyers,14,18.724001,0.011691,0.936259
8943a02228bffff,Potential Car Buyers,16,17.237107,0.010763,0.86191
8943a02228bffff,Potential Car Buyers,18,13.246515,0.008244,0.662326
8943a02228bffff,Potential Car Buyers,20,16.794045,0.010452,0.839702
8943a02228bffff,Potential Car Buyers,22,12.770958,0.007948,0.638548
8943a02231bffff,Families,0,21.919344,0.014061,1.096009
8943a02231bffff,Families,2,21.559638,0.01383,1.078023
8943a02231bffff,Families,4,29.493015,0.01892,1.474707
8943a02231bffff,Families,6,13.87367,0.008463,0.693684
8943a02231bffff,Families,8,10.712704,0.006535,0.535635
8943a02231bffff,Families,10,8.267144,0.004823,0.413357
8943a02231bffff,Families,12,6.781887,0.003957,0.339094
8943a02231bffff,Families,14,7.90462,0.004702,0.395188
8943a02231bffff,Families,16,8.731707,0.005194,0.436538
8943a02231bffff,Families,18,15.358029,0.009516,0.767901
8943a02231bffff,Families,20,16.572463,0.010268,0.828623
8943a02231bffff,Families,22,13.178414,0.008165,0.658921
8943a02231bffff,HNWI,0,19.249188,0.01223,0.962459
8943a02231bffff,HNWI,2,22.679882,0.014409,1.133994
8943a02231bffff,HNWI,4,22.870016,0.01453,1.143501
8943a02231bffff,HNWI,6,22.947677,0.014568,1.147384
8943a02231bffff,HNWI,8,17.352555,0.011016,0.867628
8943a02231bffff,HNWI,10,17.424893,0.010941,0.871245
8943a02231bffff,HNWI,12,18.114542,0.011374,0.905727
8943a02231bffff,HNWI,14,3.558671,0.001789,0.177934
8943a02231bffff,HNWI,16,3.502603,0.001761,0.17513
8943a02231bffff,HNWI,18,7.315794,0.004333,0.365831
8943a02231bffff,HNWI,20,7.89839,0.004678,0.394964
8943a02231bffff,HNWI,22,9.553995,0.005658,0.477753
8943a02231bffff,Potential Car Buyers,0,17.314814,0.011005,0.865741
8943a02231bffff,Potential Car Buyers,2,19.274868,0.012251,0.963743
8943a02231bffff,Potential Car Buyers,4,21.137712,0.013435,1.056886
8943a02231bffff,Potential Car Buyers,6,23.913523,0.015187,1.195676
8943a02231bffff,Potential Car Buyers,8,19.033462,0.012088,0.951673
8943a02231bffff,Potential Car Buyers,10,11.425482,0.007008,0.571274
8943a02231bffff,Potential Car Buyers,12,12.777873,0.007837,0.638894
8943a02231bffff,Potential Car Buyers,14,3.820759,0.001946,0.191038
8943a02231bffff,Potential Car Buyers,16,4.32609,0.002203,0.216304
8943a02231bffff,Potential Car Buyers,18,3.642256,0.001734,0.182061
8943a02231bffff,Potential Car Buyers,20,3.134548,0.001492,0.156683
8943a02231bffff,Potential Car Buyers,22,4.06173,0.001934,0.203028
8943a02233bffff,Families,0,18.38889,0.011535,0.919444
8943a02233bffff,Families,2,20.073482,0.012592,1.003674
8943a02233bffff,Families,4,17.898621,0.011227,0.894931
8943a02233bffff,Families,6,2.380757,0.000866,0.119092
8943a02233bffff,Families,8,1.988043,0.000723,0.099447
8943a02233bffff,Families,10,20.013426,0.012759,1.000715
8943a02233bffff,Families,12,21.295387,0.013576,1.064816
8943a02233bffff,Families,14,32.891155,0.021191,1.644558
8943a02233bffff,Families,16,29.057493,0.018721,1.452875
8943a02233bffff,Families,18,26.890311,0.017309,1.344469
8943a02233bffff,Families,20,28.010716,0.01803,1.400487
8943a02233bffff,Families,22,30.334703,0.019526,1.516683
8943a02233bffff,HNWI,0,16.605243,0.010459,0.830262
8943a02233bffff,HNWI,2,18.513437,0.011661,0.925672
8943a02233bffff,HNWI,4,15.617423,0.009837,0.780871
8943a02233bffff,HNWI,6,18.239647,0.011476,0.911982
8943a02233bffff,HNWI,8,21.089731,0.013269,1.054487
8943a02233bffff,HNWI,10,16.702846,0.010341,0.835142
8943a02233bffff,HNWI,12,16.65888,0.010314,0.832944
8943a02233bffff,HNWI,14,16.855519,0.010502,0.842831
8943a02233bffff,HNWI,16,13.227893,0.008242,0.661438
8943a02233bffff,HNWI,18,4.37781,0.002337,0.218847
8943a02233bffff,HNWI,20,5.769816,0.00308,0.288433
8943a02233bffff,HNWI,22,4.739805,0.00253,0.236943
8943a02233bffff,Potential Car Buyers,0,13.466007,0.008385,0.673345
8943a02233bffff,Potential Car Buyers,2,14.259254,0.008878,0.71301
8943a02233bffff,Potential Car Buyers,4,15.741566,0.009801,0.78713
8943a02233bffff,Potential Car Buyers,6,26.593974,0.017132,1.329699
8943a02233bffff,Potential Car Buyers,8,32.96398,0.021236,1.648199
8943a02233bffff,Potential Car Buyers,10,20.986318,0.013327,1.049316
8943a02233bffff,Potential Car Buyers,12,19.155425,0.012165,0.957771
8943a02233bffff,Potential Car Buyers,14,28.53569,0.018344,1.426836
8943a02233bffff,Potential Car Buyers,16,23.517367,0.015118,1.17591
8943a02233bffff,Potential Car Buyers,18,28.5096,0.018309,1.42548
8943a02233bffff,Potential Car Buyers,20,30.014415,0.019275,1.500721
8943a02233bffff,Potential Car Buyers,22,30.027744,0.019284,1.501387
8943a02235bffff,Families,0,4.142294,0.002044,0.207115
8943a02235bffff,Families,2,4.051922,0.002,0.202596
8943a02235bffff,Families,4,4.525157,0.002233,0.226258
8943a02235bffff,Families,6,25.05771,0.01601,1.252833
8943a02235bffff,Families,8,28.188754,0.01801,1.409379
8943a02235bffff,Families,10,10.616041,0.006354,0.530748
8943a02235bffff,Families,12,8.448728,0.005057,0.422393
8943a02235bffff,Families,14,14.984171,0.009391,0.749209
8943a02235bffff,Families,16,15.889475,0.009958,0.794474
8943a02235bffff,Families,18,15.700776,0.009811,0.785088
8943a02235bffff,Families,20,18.047165,0.011277,0.902415
8943a02235bffff,Families,22,15.592805,0.009743,0.779689
8943a02235bffff,HNWI,0,8.167674,0.004894,0.408384
8943a02235bffff,HNWI,2,9.658846,0.005788,0.482942
8943a02235bffff,HNWI,4,11.054239,0.006624,0.552712
8943a02235bffff,HNWI,6,7.725582,0.004612,0.386279
8943a02235bffff,HNWI,8,9.386047,0.005603,0.469302
8943a02235bffff,HNWI,10,6.526304,0.003601,0.326315
8943a02235bffff,HNWI,12,4.669558,0.002577,0.233478
8943a02235bffff,HNWI,14,7.83209,0.004483,0.39166
8943a02235bffff,HNWI,16,8.14717,0.004664,0.407416
8943a02235bffff,HNWI,18,25.051753,0.015942,1.252645
8943a02235bffff,HNWI,20,19.579689,0.012459,0.979029
8943a02235bffff,HNWI,22,21.36485,0.013595,1.068291
8943a02235bffff,Potential Car Buyers,0,5.598217,0.003193,0.27987
8943a02235bffff,Potential Car Buyers,2,6.548408,0.003735,0.327373
8943a02235bffff,Potential Car Buyers,4,5.695068,0.003248,0.284712
8943a02235bffff,Potential Car Buyers,6,16.389396,0.010269,0.81947
8943a02235bffff,Potential Car Buyers,8,18.836513,0.011802,0.941826
8943a02235bffff,Potential Car Buyers,10,14.459647,0.00889,0.722982
8943a02235bffff,Potential Car Buyers,12,11.040189,0.006788,0.552009
8943a02235bffff,Potential Car Buyers,14,22.348617,0.014145,1.117487
8943a02235bffff,Potential Car Buyers,16,19.610626,0.012412,0.980581
8943a02235bffff,Potential Car Buyers,18,18.111159,0.011439,0.905558
8943a02235bffff,Potential Car Buyers,20,16.728586,0.010566,0.836429
8943a02235bffff,Potential Car Buyers,22,15.422748,0.009741,0.771137
8943a0223a3ffff,Families,0,12.057804,0.007467,0.602933
8943a0223a3ffff,Families,2,16.478395,0.010205,0.823978
8943a0223a3ffff,Families,4,15.627849,0.009678,0.781448
8943a0223a3ffff,Families,6,14.094492,0.008712,0.704776
8943a0223a3ffff,Families,8,12.599476,0.007788,0.63002
8943a0223a3ffff,Families,10,24.544726,0.015809,1.227195
8943a0223a3ffff,Families,12,28.973421,0.018662,1.448622
8943a0223a3ffff,Families,14,29.551449,0.018969,1.477627
8943a0223a3ffff,Families,16,22.845101,0.014664,1.142298
8943a0223a3ffff,Families,18,29.154406,0.018693,1.45772
8943a0223a3ffff,Families,20,29.702572,0.019045,1.485129
8943a0223a3ffff,Families,22,23.522777,0.015083,1.176139
8943a0223a3ffff,HNWI,0,30.644286,0.01974,1.532214
8943a0223a3ffff,HNWI,2,26.876248,0.017313,1.343812
8943a0223a3ffff,HNWI,4,31.190443,0.020092,1.559522
8943a0223a3ffff,HNWI,6,14.33403,0.008916,0.71675
8943a0223a3ffff,HNWI,8,15.947741,0.009919,0.797441
8943a0223a3ffff,HNWI,10,11.838566,0.007186,0.591981
8943a0223a3ffff,HNWI,12,10.203899,0.006193,0.510241
8943a0223a3ffff,HNWI,14,13.283535,0.008144,0.664177
8943a0223a3ffff,HNWI,16,10.668055,0.00654,0.533403
8943a0223a3ffff,HNWI,18,11.99739,0.007315,0.599921
8943a0223a3ffff,HNWI,20,10.221807,0.006232,0.511134
8943a0223a3ffff,HNWI,22,11.658232,0.007108,0.582961
8943a0223a3ffff,Potential Car Buyers,0,12.079686,0.007398,0.603984
8943a0223a3ffff,Potential Car Buyers,2,13.761506,0.008428,0.688075
8943a0223a3ffff,Potential Car Buyers,4,14.037536,0.008597,0.701877
8943a0223a3ffff,Potential Car Buyers,6,6.909567,0.003879,0.345478
8943a0223a3ffff,Potential Car Buyers,8,7.062306,0.003965,0.353115
8943a0223a3ffff,Potential Car Buyers,10,2.504691,0.001022,0.125235
8943a0223a3ffff,Potential Car Buyers,12,2.986529,0.001218,0.149326
8943a0223a3ffff,Potential Car Buyers,14,8.404152,0.005011,0.420163
8943a0223a3ffff,Potential Car Buyers,16,10.426721,0.006217,0.521281
8943a0223a3ffff,Potential Car Buyers,18,21.12154,0.013504,1.05612
8943a0223a3ffff,Potential Car Buyers,20,25.17297,0.016094,1.2587
8943a0223a3ffff,Potential Car Buyers,22,20.058463,0.012824,1.002964
8943a022507ffff,Families,0,16.800558,0.010537,0.839978
8943a022507ffff,Families,2,19.252961,0.012075,0.962591
8943a022507ffff,Families,4,14.863245,0.009322,0.743118
8943a022507ffff,Families,6,1.877685,0.000671,0.093884
8943a022507ffff,Families,8,2.486098,0.000888,0.124305
8943a022507ffff,Families,10,25.698414,0.01653,1.284921
8943a022507ffff,Families,12,33.077537,0.021276,1.653877
8943a022507ffff,Families,14,20.249114,0.012956,1.012415
8943a022507ffff,Families,16,29.451993,0.018845,1.47254
8943a022507ffff,Families,18,32.171334,0.020707,1.608567
8943a022507ffff,Families,20,27.993265,0.018018,1.399663
8943a022507ffff,Families,22,25.155801,0.016192,1.25779
8943a022507ffff,HNWI,0,19.04374,0.01216,0.952147
8943a022507ffff,HNWI,2,21.630905,0.013812,1.0815
8943a022507ffff,HNWI,4,22.579154,0.014417,1.12891
8943a022507ffff,HNWI,6,24.243092,0.01547,1.212207
8943a022507ffff,HNWI,8,25.817162,0.016475,1.290913
8943a022507ffff,HNWI,10,16.011301,0.01013,0.800606
8943a022507ffff,HNWI,12,22.50621,0.014239,1.125368
8943a022507ffff,HNWI,14,18.669847,0.01185,0.933492
8943a022507ffff,HNWI,16,22.681098,0.014396,1.134055
8943a022507ffff,HNWI,18,9.506657,0.00574,0.475333
8943a022507ffff,HNWI,20,11.846972,0.007153,0.592349
8943a022507ffff,HNWI,22,9.999143,0.006037,0.499957
8943a022507ffff,Potential Car Buyers,0,6.957663,0.003974,0.347883
8943a022507ffff,Potential Car Buyers,2,5.702645,0.003257,0.285132
8943a022507ffff,Potential Car Buyers,4,5.791164,0.003308,0.289558
8943a022507ffff,Potential Car Buyers,6,22.072152,0.014173,1.103648
8943a022507ffff,Potential Car Buyers,8,30.244342,0.01942,1.512273
8943a022507ffff,Potential Car Buyers,10,2.336709,0.00102,0.116835
8943a022507ffff,Potential Car Buyers,12,2.980688,0.001301,0.149034
8943a022507ffff,Potential Car Buyers,14,23.09877,0.014622,1.154938
8943a022507ffff,Potential Car Buyers,16,15.898842,0.010064,0.794942
8943a022507ffff,Potential Car Buyers,18,19.814755,0.012517,0.99079
8943a022507ffff,Potential Car Buyers,20,19.61872,0.012394,0.980987
8943a022507ffff,Potential Car Buyers,22,18.106642,0.011438,0.90538
8943a0228a3ffff,Families,0,17.873123,0.011188,0.893656
8943a0228a3ffff,Families,2,17.072922,0.010687,0.853646
8943a0228a3ffff,Families,4,16.679608,0.010441,0.83398
8943a0228a3ffff,Families,6,1.398314,0.000368,0.069958
8943a0228a3ffff,Families,8,1.901126,0.000501,0.095114
8943a0228a3ffff,Families,10,23.222084,0.014788,1.161052
8943a0228a3ffff,Families,12,19.535031,0.01244,0.976708
8943a0228a3ffff,Families,14,31.442343,0.020244,1.572117
8943a0228a3ffff,Families,16,24.958727,0.01607,1.247936
8943a0228a3ffff,Families,18,33.076445,0.021277,1.65388
8943a0228a3ffff,Families,20,28.791006,0.01852,1.439601
8943a0228a3ffff,Families,22,24.799585,0.015952,1.240023
8943a0228a3ffff,HNWI,0,25.64893,0.016337,1.282447
8943a0228a3ffff,HNWI,2,21.442529,0.013657,1.072126
8943a0228a3ffff,HNWI,4,23.318308,0.014852,1.165915
8943a0228a3ffff,HNWI,6,24.255651,0.015438,1.212783
8943a0228a3ffff,HNWI,8,17.787874,0.011322,0.889394
8943a0228a3ffff,HNWI,10,11.44056,0.007061,0.572028
8943a0228a3ffff,HNWI,12,12.448953,0.007683,0.622448
8943a0228a3ffff,HNWI,14,15.675646,0.009742,0.783836
8943a0228a3ffff,HNWI,16,16.994564,0.010561,0.849786
8943a0228a3ffff,HNWI,18,3.645449,0.001887,0.182313
8943a0228a3ffff,HNWI,20,5.024598,0.002601,0.251286
8943a0228a3ffff,HNWI,22,4.883638,0.002528,0.244237
8943a0228a3ffff,Potential Car Buyers,0,13.736646,0.00853,0.686879
8943a0228a3ffff,Potential Car Buyers,2,15.16587,0.009418,0.758346
8943a0228a3ffff,Potential Car Buyers,4,14.968962,0.009296,0.748499
8943a0228a3ffff,Potential Car Buyers,6,27.07516,0.017431,1.353758
8943a0228a3ffff,Potential Car Buyers,8,34.562746,0.022251,1.728137
8943a0228a3ffff,Potential Car Buyers,10,18.620883,0.011809,0.931044
8943a0228a3ffff,Potential Car Buyers,12,22.128025,0.014034,1.106401
8943a0228a3ffff,Potential Car Buyers,14,22.857435,0.01454,1.142924
8943a0228a3ffff,Potential Car Buyers,16,18.582349,0.01182,0.92916
8943a0228a3ffff,Potential Car Buyers,18,25.672127,0.016474,1.283606
8943a0228a3ffff,Potential Car Buyers,20,24.517656,0.015733,1.225883
8943a0228a3ffff,Potential Car Buyers,22,25.117416,0.016118,1.255871
8943a022a87ffff,Families,0,18.206681,0.0116,0.910334
8943a022a87ffff,Families,2,26.679693,0.016999,1.333985
8943a022a87ffff,Families,4,20.460753,0.013037,1.023038
8943a022a87ffff,Families,6,12.730901,0.00782,0.636595
8943a022a87ffff,Families,8,12.461471,0.007654,0.623123
8943a022a87ffff,Families,10,10.378341,0.006147,0.518975
8943a022a87ffff,Families,12,7.627139,0.004517,0.3814
8943a022a87ffff,Families,14,5.466073,0.002966,0.273304
8943a022a87ffff,Families,16,4.417596,0.002397,0.22088
8943a022a87ffff,Families,18,4.608074,0.00241,0.230453
8943a022a87ffff,Families,20,5.001972,0.002616,0.250153
8943a022a87ffff,Families,22,5.288708,0.002766,0.264493
8943a022a87ffff,HNWI,0,4.140278,0.002104,0.207014
8943a022a87ffff,HNWI,2,3.809979,0.001936,0.190499
8943a022a87ffff,HNWI,4,4.890796,0.002485,0.24454
8943a022a87ffff,HNWI,6,3.869895,0.001914,0.193495
8943a022a87ffff,HNWI,8,4.571551,0.002261,0.228578
8943a022a87ffff,HNWI,10,24.263596,0.015517,1.21318
8943a022a87ffff,HNWI,12,28.648228,0.018321,1.432411
8943a022a87ffff,HNWI,14,1.147077,0.000214,0.057312
8943a022a87ffff,HNWI,16,1.282906,0.00024,0.064099
8943a022a87ffff,HNWI,18,18.744943,0.01173,0.93719
8943a022a87ffff,HNWI,20,18.137573,0.01135,0.906823
8943a022a87ffff,HNWI,22,17.035648,0.01066,0.85173
8943a022a87ffff,Potential Car Buyers,0,27.138788,0.017387,1.356992
8943a022a87ffff,Potential Car Buyers,2,22.478328,0.014402,1.12396
8943a022a87ffff,Potential Car Buyers,4,28.186175,0.018058,1.409364
8943a022a87ffff,Potential Car Buyers,6,16.5934,0.010362,0.82967
8943a022a87ffff,Potential Car Buyers,8,16.159677,0.010091,0.807984
8943a022a87ffff,Potential Car Buyers,10,7.319747,0.0042,0.365987
8943a022a87ffff,Potential Car Buyers,12,8.382116,0.00481,0.419106
8943a022a87ffff,Potential Car Buyers,14,7.288977,0.004284,0.364492
8943a022a87ffff,Potential Car Buyers,16,8.109054,0.004766,0.405501
8943a022a87ffff,Potential Car Buyers,18,6.789005,0.003939,0.33945
8943a022a87ffff,Potential Car Buyers,20,8.922536,0.005177,0.446127
8943a022a87ffff,Potential Car Buyers,22,7.667341,0.004449,0.383367
8943a022aabffff,Families,0,21.560279,0.013639,1.078014
8943a022aabffff,Families,2,21.287863,0.013466,1.064393
8943a022aabffff,Families,4,20.019715,0.012664,1.000986
8943a022aabffff,Families,6,28.368657,0.018266,1.418481
8943a022aabffff,Families,8,33.672427,0.021681,1.683679
8943a022aabffff,Families,10,5.450951,0.002906,0.272548
8943a022aabffff,Families,12,4.598338,0.002451,0.229917
8943a022aabffff,Families,14,28.430314,0.018265,1.421516
8943a022aabffff,Families,16,25.185236,0.01618,1.259262
8943a022aabffff,Families,18,1.898121,0.00048,0.094847
8943a022aabffff,Families,20,1.566313,0.000396,0.078267
8943a022aabffff,Families,22,1.637672,0.000414,0.081833
8943a022aabffff,HNWI,0,12.744892,0.007904,0.637289
8943a022aabffff,HNWI,2,13.584363,0.008425,0.679266
8943a022aabffff,HNWI,4,11.788259,0.007311,0.589454
8943a022aabffff,HNWI,6,9.263705,0.00544,0.463241
8943a022aabffff,HNWI,8,7.494986,0.004401,0.374794
8943a022aabffff,HNWI,10,25.85115,0.016656,1.292601
8943a022aabffff,HNWI,12,30.106271,0.019398,1.505364
8943a022aabffff,HNWI,14,6.027321,0.003416,0.301366
8943a022aabffff,HNWI,16,6.679794,0.003786,0.33399
8943a022aabffff,HNWI,18,26.92099,0.017269,1.34605
8943a022aabffff,HNWI,20,29.007962,0.018607,1.450398
8943a022aabffff,HNWI,22,21.905022,0.014051,1.095251
8943a022aabffff,Potential Car Buyers,0,14.495902,0.008869,0.724855
8943a022aabffff,Potential Car Buyers,2,10.594172,0.006482,0.529752
8943a022aabffff,Potential Car Buyers,4,12.4413,0.007612,0.622116
8943a022aabffff,Potential Car Buyers,6,23.898388,0.015352,1.194919
8943a022aabffff,Potential Car Buyers,8,25.240812,0.016215,1.262041
8943a022aabffff,Potential Car Buyers,10,7.448139,0.00435,0.372453
8943a022aabffff,Potential Car Buyers,12,9.046579,0.005283,0.452385
8943a022aabffff,Potential Car Buyers,14,26.080188,0.016691,1.303957
8943a022aabffff,Potential Car Buyers,16,26.113619,0.016712,1.305629
8943a022aabffff,Potential Car Buyers,18,32.34974,0.020845,1.617487
8943a022aabffff,Potential Car Buyers,20,24.471339,0.015768,1.223567
8943a022aabffff,Potential Car Buyers,22,33.823342,0.021794,1.691167
8943a022acfffff,Families,0,23.348947,0.014914,1.167447
8943a022acfffff,Families,2,26.311078,0.016806,1.315554
8943a022acfffff,Families,4,27.380868,0.017489,1.369043
8943a022acfffff,Families,6,21.191836,0.013528,1.059592
8943a022acfffff,Families,8,27.414992,0.0175,1.37075
8943a022acfffff,Families,10,15.007213,0.009335,0.750361
8943a022acfffff,Families,12,17.323804,0.010776,0.86619
8943a022acfffff,Families,14,5.797254,0.003285,0.289863
8943a022acfffff,Families,16,6.260517,0.003548,0.313026
8943a022acfffff,Families,18,5.863,0.00325,0.293101
8943a022acfffff,Families,20,5.978202,0.003314,0.29886
8943a022acfffff,Families,22,6.718755,0.003724,0.335881
8943a022acfffff,HNWI,0,12.866591,0.008007,0.643372
8943a022acfffff,HNWI,2,13.562594,0.00844,0.678175
8943a022acfffff,HNWI,4,13.463959,0.008379,0.673243
8943a022acfffff,HNWI,6,5.374842,0.00289,0.268742
8943a022acfffff,HNWI,8,4.362894,0.002346,0.218145
8943a022acfffff,HNWI,10,23.032745,0.014623,1.151637
8943a022acfffff,HNWI,12,19.901408,0.012635,0.99507
8943a022acfffff,HNWI,14,26.820477,0.017239,1.341072
8943a022acfffff,HNWI,16,24.060953,0.015465,1.203091
8943a022acfffff,HNWI,18,30.038576,0.019288,1.501929
8943a022acfffff,HNWI,20,29.562263,0.018982,1.478113
8943a022acfffff,HNWI,22,26.35027,0.016919,1.317513
8943a022acfffff,Potential Car Buyers,0,22.478005,0.014307,1.123951
8943a022acfffff,Potential Car Buyers,2,20.67281,0.013158,1.033687
8943a022acfffff,Potential Car Buyers,4,21.100612,0.01343,1.055078
8943a022acfffff,Potential Car Buyers,6,17.934289,0.011407,0.896756
8943a022acfffff,Potential Car Buyers,8,23.827844,0.015155,1.191447
8943a022acfffff,Potential Car Buyers,10,21.083449,0.013275,1.054231
8943a022acfffff,Potential Car Buyers,12,16.487174,0.010381,0.824405
8943a022acfffff,Potential Car Buyers,14,5.636026,0.002988,0.281859
8943a022acfffff,Potential Car Buyers,16,5.029322,0.002667,0.251518
8943a022acfffff,Potential Car Buyers,18,4.136126,0.002093,0.206806
8943a022acfffff,Potential Car Buyers,20,3.366254,0.001703,0.168313
8943a022acfffff,Potential Car Buyers,22,4.773018,0.002415,0.238651
8943a022c0fffff,Families,0,7.385138,0.004331,0.369212
8943a022c0fffff,Families,2,7.095045,0.004161,0.35471
8943a022c0fffff,Families,4,9.004779,0.005281,0.450185
8943a022c0fffff,Families,6,2.766564,0.001064,0.13827
8943a022c0fffff,Families,8,2.18533,0.00084,0.10922
8943a022c0fffff,Families,10,26.228105,0.016751,1.31146
8943a022c0fffff,Families,12,27.148368,0.017338,1.357476
8943a022c0fffff,Families,14,21.024199,0.013457,1.05121
8943a022c0fffff,Families,16,29.204503,0.018693,1.460225
8943a022c0fffff,Families,18,23.384781,0.014826,1.169239
8943a022c0fffff,Families,20,17.955581,0.011384,0.897779
8943a022c0fffff,Families,22,20.724815,0.01314,1.036241
8943a022c0fffff,HNWI,0,20.663237,0.013199,1.033162
8943a022c0fffff,HNWI,2,27.127627,0.017328,1.356381
8943a022c0fffff,HNWI,4,19.738424,0.012608,0.986921
8943a022c0fffff,HNWI,6,26.05171,0.016631,1.302586
8943a022c0fffff,HNWI,8,22.312793,0.014244,1.11564
8943a022c0fffff,HNWI,10,18.620299,0.011787,0.931015
8943a022c0fffff,HNWI,12,17.658397,0.011178,0.88292
8943a022c0fffff,HNWI,14,5.395543,0.003059,0.269777
8943a022c0fffff,HNWI,16,5.660247,0.003209,0.283012
8943a022c0fffff,HNWI,18,6.323838,0.003507,0.316245
8943a022c0fffff,HNWI,20,6.486621,0.003598,0.324386
8943a022c0fffff,HNWI,22,5.335137,0.002959,0.266802
8943a022c0fffff,Potential Car Buyers,0,23.075224,0.014821,1.153761
8943a022c0fffff,Potential Car Buyers,2,31.48859,0.020224,1.574429
8943a022c0fffff,Potential Car Buyers,4,24.280993,0.015595,1.21405
8943a022c0fffff,Potential Car Buyers,6,20.644056,0.012974,1.032262
8943a022c0fffff,Potential Car Buyers,8,16.967858,0.010664,0.848442
8943a022c0fffff,Potential Car Buyers,10,16.202545,0.010013,0.810186
8943a022c0fffff,Potential Car Buyers,12,14.192122,0.008771,0.709658
8943a022c0fffff,Potential Car Buyers,14,11.999358,0.007209,0.599968
8943a022c0fffff,Potential Car Buyers,16,8.890164,0.005341,0.444508
8943a022c0fffff,Potential Car Buyers,18,9.1406,0.005444,0.456981
8943a022c0fffff,Potential Car Buyers,20,9.256657,0.005513,0.462783
8943a022c0fffff,Potential Car Buyers,22,8.580078,0.00511,0.428958
8943a022cc3ffff,Families,0,16.116647,0.010026,0.805832
8943a022cc3ffff,Families,2,12.60247,0.00784,0.630123
8943a022cc3ffff,Families,4,14.923015,0.009283,0.746151
8943a022cc3ffff,Families,6,10.512976,0.006229,0.525649
8943a022cc3ffff,Families,8,10.111839,0.005992,0.505592
8943a022cc3ffff,Families,10,4.880636,0.002633,0.244032
8943a022cc3ffff,Families,12,6.121977,0.003302,0.306099
8943a022cc3ffff,Families,14,1.719764,0.000453,0.08604
8943a022cc3ffff,Families,16,1.697509,0.000447,0.084927
8943a022cc3ffff,Families,18,11.060222,0.006727,0.553011
8943a022cc3ffff,Families,20,12.113896,0.007367,0.605695
8943a022cc3ffff,Families,22,10.822494,0.006582,0.541125
8943a022cc3ffff,HNWI,0,33.666265,0.021709,1.683368
8943a022cc3ffff,HNWI,2,32.760979,0.021125,1.638103
8943a022cc3ffff,HNWI,4,35.795058,0.023082,1.789812
8943a022cc3ffff,HNWI,6,30.450399,0.019628,1.522469
8943a022cc3ffff,HNWI,8,27.636708,0.017814,1.38179
8943a022cc3ffff,HNWI,10,31.619686,0.020283,1.580924
8943a022cc3ffff,HNWI,12,21.698454,0.013919,1.084882
8943a022cc3ffff,HNWI,14,15.024147,0.009264,0.751264
8943a022cc3ffff,HNWI,16,11.282106,0.006957,0.564148
8943a022cc3ffff,HNWI,18,12.206747,0.007491,0.610337
8943a022cc3ffff,HNWI,20,13.461565,0.008261,0.673078
8943a022cc3ffff,HNWI,22,13.694339,0.008404,0.684717
8943a022cc3ffff,Potential Car Buyers,0,18.460034,0.011746,0.923002
8943a022cc3ffff,Potential Car Buyers,2,20.248496,0.012884,1.012425
8943a022cc3ffff,Potential Car Buyers,4,24.116085,0.015344,1.205804
8943a022cc3ffff,Potential Car Buyers,6,11.489444,0.007025,0.57452
8943a022cc3ffff,Potential Car Buyers,8,12.172743,0.007443,0.608688
8943a022cc3ffff,Potential Car Buyers,10,4.097683,0.001941,0.204825
8943a022cc3ffff,Potential Car Buyers,12,3.038295,0.001439,0.151871
8943a022cc3ffff,Potential Car Buyers,14,4.359062,0.002291,0.217953
8943a022cc3ffff,Potential Car Buyers,16,3.991515,0.002098,0.199576
8943a022cc3ffff,Potential Car Buyers,18,3.552428,0.001775,0.177577
8943a022cc3ffff,Potential Car Buyers,20,4.430403,0.002214,0.221465
8943a022cc3ffff,Potential Car Buyers,22,3.909245,0.001953,0.195413
8943a022e1bffff,Families,0,15.054615,0.009299,0.752786
8943a022e1bffff,Families,2,12.013357,0.007421,0.600712
8943a022e1bffff,Families,4,13.99873,0.008647,0.699988
8943a022e1bffff,Families,6,4.117819,0.002012,0.205891
8943a022e1bffff,Families,8,2.998626,0.001465,0.149931
8943a022e1bffff,Families,10,24.263172,0.015637,1.213159
8943a022e1bffff,Families,12,27.817113,0.017927,1.390856
8943a022e1bffff,Families,14,28.699128,0.018409,1.435011
8943a022e1bffff,Families,16,26.720979,0.01714,1.3361
8943a022e1bffff,Families,18,23.926304,0.01533,1.196315
8943a022e1bffff,Families,20,27.379188,0.017543,1.368959
8943a022e1bffff,Families,22,22.716126,0.014555,1.135806
8943a022e1bffff,HNWI,0,21.526656,0.013783,1.07629
8943a022e1bffff,HNWI,2,21.694735,0.013891,1.084694
8943a022e1bffff,HNWI,4,29.696126,0.019014,1.484747
8943a022e1bffff,HNWI,6,29.445304,0.018843,1.472324
8943a022e1bffff,HNWI,8,29.469215,0.018859,1.47352
8943a022e1bffff,HNWI,10,15.276181,0.00953,0.763858
8943a022e1bffff,HNWI,12,16.178803,0.010093,0.808992
8943a022e1bffff,HNWI,14,22.673359,0.014443,1.133668
8943a022e1bffff,HNWI,16,20.429862,0.013013,1.021493
8943a022e1bffff,HNWI,18,6.456379,0.003717,0.322819
8943a022e1bffff,HNWI,20,8.319761,0.00479,0.415988
8943a022e1bffff,HNWI,22,7.596596,0.004373,0.37983
8943a022e1bffff,Potential Car Buyers,0,7.583891,0.004466,0.379195
8943a022e1bffff,Potential Car Buyers,2,9.806733,0.005775,0.490337
8943a022e1bffff,Potential Car Buyers,4,8.213722,0.004837,0.410686
8943a022e1bffff,Potential Car Buyers,6,26.014783,0.01674,1.300694
8943a022e1bffff,Potential Car Buyers,8,26.455886,0.017024,1.322748
8943a022e1bffff,Potential Car Buyers,10,26.438257,0.017016,1.321913
8943a022e1bffff,Potential Car Buyers,12,31.665306,0.02038,1.583265
8943a022e1bffff,Potential Car Buyers,14,22.227151,0.014126,1.111358
8943a022e1bffff,Potential Car Buyers,16,24.83194,0.015781,1.241597
8943a022e1bffff,Potential Car Buyers,18,23.82125,0.015112,1.191005
8943a022e1bffff,Potential Car Buyers,20,19.769774,0.012542,0.988441
8943a022e1bffff,Potential Car Buyers,22,21.787671,0.013822,1.089331
8943a022e73ffff,Families,0,7.191441,0.004108,0.359521
8943a022e73ffff,Families,2,7.808105,0.004461,0.390349
8943a022e73ffff,Families,4,7.149008,0.004084,0.357399
8943a022e73ffff,Families,6,25.466995,0.016353,1.27335
8943a022e73ffff,Families,8,26.086236,0.016751,1.304312
8943a022e73ffff,Families,10,3.030151,0.001324,0.151455
8943a022e73ffff,Families,12,2.723031,0.00119,0.136105
8943a022e73ffff,Families,14,16.39699,0.01038,0.819808
8943a022e73ffff,Families,16,19.30349,0.01222,0.965126
8943a022e73ffff,Families,18,23.498695,0.015012,1.174935
8943a022e73ffff,Families,20,23.898676,0.015267,1.194934
8943a022e73ffff,Families,22,19.719797,0.012597,0.98599
8943a022e73ffff,HNWI,0,19.211315,0.012121,0.960617
8943a022e73ffff,HNWI,2,16.381991,0.010336,0.819144
8943a022e73ffff,HNWI,4,18.046694,0.011386,0.902383
8943a022e73ffff,HNWI,6,11.505305,0.007066,0.575311
8943a022e73ffff,HNWI,8,14.285556,0.008774,0.714334
8943a022e73ffff,HNWI,10,10.383802,0.006148,0.519132
8943a022e73ffff,HNWI,12,9.503849,0.005627,0.475139
8943a022e73ffff,HNWI,14,16.026066,0.010009,0.801303
8943a022e73ffff,HNWI,16,18.872269,0.011787,0.943613
8943a022e73ffff,HNWI,18,17.249924,0.010738,0.862553
8943a022e73ffff,HNWI,20,17.263947,0.010747,0.863255
8943a022e73ffff,HNWI,22,14.900766,0.009276,0.745088
8943a022e73ffff,Potential Car Buyers,0,8.670721,0.005206,0.433536
8943a022e73ffff,Potential Car Buyers,2,8.672529,0.005207,0.433626
8943a022e73ffff,Potential Car Buyers,4,10.148781,0.006094,0.507439
8943a022e73ffff,Potential Car Buyers,6,25.223836,0.01626,1.26115
8943a022e73ffff,Potential Car Buyers,8,32.694792,0.021076,1.634685
8943a022e73ffff,Potential Car Buyers,10,28.271694,0.01811,1.413585
8943a022e73ffff,Potential Car Buyers,12,25.403259,0.016272,1.270163
8943a022e73ffff,Potential Car Buyers,14,19.629659,0.012515,0.981483
8943a022e73ffff,Potential Car Buyers,16,20.137697,0.012839,1.006885
8943a022e73ffff,Potential Car Buyers,18,23.849308,0.015182,1.192519
8943a022e73ffff,Potential Car Buyers,20,24.930974,0.015871,1.246605
8943a022e73ffff,Potential Car Buyers,22,26.472038,0.016852,1.323662
8943a022ecfffff,Families,0,5.320313,0.002945,0.266016
8943a022ecfffff,Families,2,5.051355,0.002796,0.252568
8943a022ecfffff,Families,4,6.112123,0.003383,0.305606
8943a022ecfffff,Families,6,5.463525,0.002988,0.273176
8943a022ecfffff,Families,8,5.342726,0.002921,0.267136
8943a022ecfffff,Families,10,27.155123,0.017413,1.357756
8943a022ecfffff,Families,12,28.251353,0.018116,1.412568
8943a022ecfffff,Families,14,2.82421,0.001271,0.141256
8943a022ecfffff,Families,16,2.941138,0.001324,0.147105
8943a022ecfffff,Families,18,17.437548,0.010979,0.871829
8943a022ecfffff,Families,20,18.622699,0.011725,0.931083
8943a022ecfffff,Families,22,15.158508,0.009544,0.757883
8943a022ecfffff,HNWI,0,19.610754,0.012356,0.980592
8943a022ecfffff,HNWI,2,14.649341,0.00923,0.732507
8943a022ecfffff,HNWI,4,16.50253,0.010397,0.825172
8943a022ecfffff,HNWI,6,15.202269,0.009568,0.760071
8943a022ecfffff,HNWI,8,21.418522,0.01348,1.070866
8943a022ecfffff,HNWI,10,10.950833,0.006513,0.547601
8943a022ecfffff,HNWI,12,7.660744,0.004556,0.383079
8943a022ecfffff,HNWI,14,11.307993,0.006823,0.5654
8943a022ecfffff,HNWI,16,9.726642,0.005869,0.486332
8943a022ecfffff,HNWI,18,32.805824,0.021149,1.640291
8943a022ecfffff,HNWI,20,28.955589,0.018667,1.447779
8943a022ecfffff,HNWI,22,26.031675,0.016782,1.301584
8943a022ecfffff,Potential Car Buyers,0,23.693588,0.015066,1.184625
8943a022ecfffff,Potential Car Buyers,2,23.946174,0.015226,1.197253
8943a022ecfffff,Potential Car Buyers,4,22.770321,0.014479,1.138463
8943a022ecfffff,Potential Car Buyers,6,10.896102,0.006647,0.544805
8943a022ecfffff,Potential Car Buyers,8,9.584814,0.005847,0.479241
8943a022ecfffff,Potential Car Buyers,10,17.578354,0.011051,0.878868
8943a022ecfffff,Potential Car Buyers,12,15.737318,0.009894,0.786821
8943a022ecfffff,Potential Car Buyers,14,4.800857,0.002478,0.240097
8943a022ecfffff,Potential Car Buyers,16,4.957785,0.002559,0.247945
8943a022ecfffff,Potential Car Buyers,18,3.378245,0.001642,0.168912
8943a022ecfffff,Potential Car Buyers,20,3.044038,0.00148,0.152202
8943a022ecfffff,Potential Car Buyers,22,3.129194,0.001521,0.15646
8943a022ed3ffff,Families,0,1.284373,0.000196,0.064219
8943a022ed3ffff,Families,2,1.263682,0.000192,0.063184
8943a022ed3ffff,Families,4,1.199383,0.000183,0.059969
8943a022ed3ffff,Families,6,24.79549,0.01576,1.239717
8943a022ed3ffff,Families,8,20.749093,0.013188,1.037406
8943a022ed3ffff,Families,10,24.717932,0.015874,1.235897
8943a022ed3ffff,Families,12,27.099973,0.017404,1.354999
8943a022ed3ffff,Families,14,15.211427,0.009423,0.760571
8943a022ed3ffff,Families,16,13.770655,0.008531,0.688533
8943a022ed3ffff,Families,18,15.807913,0.009752,0.790337
8943a022ed3ffff,Families,20,11.533396,0.007115,0.576627
8943a022ed3ffff,Families,22,15.160295,0.009352,0.757958
8943a022ed3ffff,HNWI,0,1.919551,0.000737,0.095978
8943a022ed3ffff,HNWI,2,2.554234,0.000981,0.127712
8943a022ed3ffff,HNWI,4,2.684756,0.001031,0.134238
8943a022ed3ffff,HNWI,6,22.996247,0.014651,1.149863
8943a022ed3ffff,HNWI,8,19.766678,0.012593,0.988378
8943a022ed3ffff,HNWI,10,16.424309,0.010163,0.821275
8943a022ed3ffff,HNWI,12,14.528635,0.00899,0.726484
8943a022ed3ffff,HNWI,14,12.76921,0.007953,0.638461
8943a022ed3ffff,HNWI,16,18.114609,0.011282,0.90573
8943a022ed3ffff,HNWI,18,13.043108,0.008094,0.652201
8943a022ed3ffff,HNWI,20,12.289785,0.007627,0.614532
8943a022ed3ffff,HNWI,22,12.688246,0.007874,0.634456
8943a022ed3ffff,Potential Car Buyers,0,24.305055,0.015587,1.215299
8943a022ed3ffff,Potential Car Buyers,2,29.428846,0.018873,1.471498
8943a022ed3ffff,Potential Car Buyers,4,23.252674,0.014912,1.162678
8943a022ed3ffff,Potential Car Buyers,6,30.655048,0.01965,1.532812
8943a022ed3ffff,Potential Car Buyers,8,21.027834,0.013479,1.051432
8943a022ed3ffff,Potential Car Buyers,10,13.079907,0.007977,0.654051
8943a022ed3ffff,Potential Car Buyers,12,11.827202,0.007213,0.591411
8943a022ed3ffff,Potential Car Buyers,14,19.344152,0.012204,0.967208
8943a022ed3ffff,Potential Car Buyers,16,17.227513,0.010868,0.861376
8943a022ed3ffff,Potential Car Buyers,18,8.049589,0.004724,0.402479
8943a022ed3ffff,Potential Car Buyers,20,7.671043,0.004502,0.383552
8943a022ed3ffff,Potential Car Buyers,22,8.749564,0.005135,0.437478
8943a02311bffff,Families,0,17.638918,0.011172,0.88199
8943a02311bffff,Families,2,17.639118,0.011172,0.882
8943a02311bffff,Families,4,19.857407,0.012577,0.99292
8943a02311bffff,Families,6,10.417482,0.006261,0.520874
8943a02311bffff,Families,8,8.973788,0.005394,0.448689
8943a02311bffff,Families,10,16.956441,0.010595,0.847875
8943a02311bffff,Families,12,14.724597,0.009201,0.736276
8943a02311bffff,Families,14,2.479734,0.001067,0.123943
8943a02311bffff,Families,16,2.737982,0.001178,0.13685
8943a02311bffff,Families,18,1.762987,0.000611,0.088149
8943a02311bffff,Families,20,2.135432,0.00074,0.106772
8943a02311bffff,Families,22,2.121122,0.000735,0.106056
8943a02311bffff,HNWI,0,20.655527,0.01307,1.032776
8943a02311bffff,HNWI,2,20.186083,0.012773,1.009304
8943a02311bffff,HNWI,4,17.721405,0.011214,0.88607
8943a02311bffff,HNWI,6,15.542877,0.009826,0.777144
8943a02311bffff,HNWI,8,18.110407,0.011449,0.90552
8943a02311bffff,HNWI,10,11.715223,0.007082,0.585761
8943a02311bffff,HNWI,12,11.251629,0.006802,0.562581
8943a02311bffff,HNWI,14,11.20794,0.006849,0.560444
8943a02311bffff,HNWI,16,12.901617,0.007884,0.645135
8943a02311bffff,HNWI,18,1.595257,0.000447,0.079809
8943a02311bffff,HNWI,20,1.982656,0.000556,0.09919
8943a02311bffff,HNWI,22,1.520496,0.000426,0.076069
8943a02311bffff,Potential Car Buyers,0,14.495335,0.009019,0.724767
8943a02311bffff,Potential Car Buyers,2,16.490967,0.01026,0.824548
8943a02311bffff,Potential Car Buyers,4,12.090194,0.007522,0.60451
8943a02311bffff,Potential Car Buyers,6,16.45383,0.010221,0.822692
8943a02311bffff,Potential Car Buyers,8,15.69121,0.009747,0.784561
8943a02311bffff,Potential Car Buyers,10,5.393648,0.002914,0.269682
8943a02311bffff,Potential Car Buyers,12,5.102491,0.002757,0.255125
8943a02311bffff,Potential Car Buyers,14,14.30841,0.008755,0.715479
8943a02311bffff,Potential Car Buyers,16,11.509913,0.007043,0.575543
8943a02311bffff,Potential Car Buyers,18,28.696409,0.018425,1.434767
8943a02311bffff,Potential Car Buyers,20,22.157412,0.014226,1.10783
8943a02311bffff,Potential Car Buyers,22,29.256199,0.018784,1.462756
8943a02312fffff,Families,0,22.788993,0.014437,1.13945
8943a02312fffff,Families,2,16.202552,0.010265,0.810128
8943a02312fffff,Families,4,20.610714,0.013057,1.030536
8943a02312fffff,Families,6,10.979809,0.006605,0.548937
8943a02312fffff,Families,8,8.317117,0.005003,0.415815
8943a02312fffff,Families,10,15.48512,0.009679,0.774256
8943a02312fffff,Families,12,14.86608,0.009292,0.743304
8943a02312fffff,Families,14,3.270163,0.001428,0.163508
8943a02312fffff,Families,16,3.385192,0.001479,0.16926
8943a02312fffff,Families,18,14.638435,0.008987,0.73198
8943a02312fffff,Families,20,10.408555,0.00639,0.520469
8943a02312fffff,Families,22,11.177544,0.006862,0.558921
8943a02312fffff,HNWI,0,18.838818,0.011923,0.941989
8943a02312fffff,HNWI,2,19.545493,0.012371,0.977324
8943a02312fffff,HNWI,4,21.317407,0.013492,1.065924
8943a02312fffff,HNWI,6,18.008922,0.011388,0.900493
8943a02312fffff,HNWI,8,19.129061,0.012096,0.956502
8943a02312fffff,HNWI,10,12.089321,0.007314,0.604522
8943a02312fffff,HNWI,12,8.852764,0.005356,0.442679
8943a02312fffff,HNWI,14,12.527378,0.00766,0.626369
8943a02312fffff,HNWI,16,11.556347,0.007067,0.577817
8943a02312fffff,HNWI,18,8.779863,0.005066,0.438993
8943a02312fffff,HNWI,20,6.798501,0.003922,0.339925
8943a02312fffff,HNWI,22,6.363911,0.003672,0.318196
8943a02312fffff,Potential Car Buyers,0,15.891425,0.009891,0.794624
8943a02312fffff,Potential Car Buyers,2,14.074231,0.00876,0.703758
8943a02312fffff,Potential Car Buyers,4,15.957614,0.009932,0.797934
8943a02312fffff,Potential Car Buyers,6,13.101338,0.008141,0.655111
8943a02312fffff,Potential Car Buyers,8,14.099615,0.008762,0.705029
8943a02312fffff,Potential Car Buyers,10,12.669062,0.007677,0.633511
8943a02312fffff,Potential Car Buyers,12,12.382599,0.007503,0.619186
8943a02312fffff,Potential Car Buyers,14,10.535789,0.006451,0.526789
8943a02312fffff,Potential Car Buyers,16,11.964119,0.007325,0.598206
8943a02312fffff,Potential Car Buyers,18,26.475194,0.017,1.32376
8943a02312fffff,Potential Car Buyers,20,23.313349,0.01497,1.165667
8943a02312fffff,Potential Car Buyers,22,31.310589,0.020105,1.565529
8943a0231b3ffff,Families,0,6.814823,0.003888,0.34079
8943a0231b3ffff,Families,2,7.284823,0.004156,0.364294
8943a0231b3ffff,Families,4,6.932618,0.003955,0.346681
8943a0231b3ffff,Families,6,36.365319,0.023462,1.818325
8943a0231b3ffff,Families,8,28.292501,0.018254,1.414671
8943a0231b3ffff,Families,10,23.134344,0.014735,1.156769
8943a0231b3ffff,Families,12,22.464257,0.014308,1.123263
8943a0231b3ffff,Families,14,33.467134,0.02155,1.673357
8943a0231b3ffff,Families,16,28.19662,0.018156,1.409831
8943a0231b3ffff,Families,18,15.818694,0.009992,0.790935
8943a0231b3ffff,Families,20,18.144648,0.011461,0.907232
8943a0231b3ffff,Families,22,17.157096,0.010837,0.857855
8943a0231b3ffff,HNWI,0,25.575946,0.016293,1.278797
8943a0231b3ffff,HNWI,2,21.229662,0.013524,1.061483
8943a0231b3ffff,HNWI,4,24.17769,0.015403,1.208884
8943a0231b3ffff,HNWI,6,13.004886,0.007984,0.650296
8943a0231b3ffff,HNWI,8,14.762918,0.009064,0.738204
8943a0231b3ffff,HNWI,10,19.77264,0.012466,0.988632
8943a0231b3ffff,HNWI,12,21.289352,0.013423,1.064468
8943a0231b3ffff,HNWI,14,6.04639,0.003271,0.30232
8943a0231b3ffff,HNWI,16,5.504821,0.002978,0.275241
8943a0231b3ffff,HNWI,18,3.992973,0.002079,0.199605
8943a0231b3ffff,HNWI,20,3.953156,0.002058,0.197614
8943a0231b3ffff,HNWI,22,4.812813,0.002506,0.240588
8943a0231b3ffff,Potential Car Buyers,0,11.215467,0.00673,0.560773
8943a0231b3ffff,Potential Car Buyers,2,11.180188,0.006709,0.559009
8943a0231b3ffff,Potential Car Buyers,4,8.641912,0.005186,0.432096
8943a0231b3ffff,Potential Car Buyers,6,25.799368,0.016611,1.289968
8943a0231b3ffff,Potential Car Buyers,8,33.093528,0.021308,1.654676
8943a0231b3ffff,Potential Car Buyers,10,25.183284,0.01613,1.259164
8943a0231b3ffff,Potential Car Buyers,12,23.142194,0.014823,1.15711
8943a0231b3ffff,Potential Car Buyers,14,29.227647,0.018757,1.461328
8943a0231b3ffff,Potential Car Buyers,16,30.570009,0.019618,1.528443
8943a0231b3ffff,Potential Car Buyers,18,20.076992,0.012779,1.003895
8943a0231b3ffff,Potential Car Buyers,20,17.903487,0.011396,0.895215
8943a0231b3ffff,Potential Car Buyers,22,26.443642,0.016832,1.322242
8943a0231d7ffff,Families,0,24.575781,0.015597,1.228789
8943a0231d7ffff,Families,2,23.076759,0.014646,1.153838
8943a0231d7ffff,Families,4,18.991917,0.012053,0.949596
8943a0231d7ffff,Families,6,10.072573,0.006102,0.503675
8943a0231d7ffff,Families,8,11.178883,0.006772,0.558995
8943a0231d7ffff,Families,10,5.710263,0.003198,0.285513
8943a0231d7ffff,Families,12,6.351459,0.003557,0.317573
8943a0231d7ffff,Families,14,3.474797,0.001675,0.17374
8943a0231d7ffff,Families,16,3.058571,0.001474,0.152929
8943a0231d7ffff,Families,18,2.651788,0.001153,0.132636
8943a0231d7ffff,Families,20,2.583764,0.001123,0.129233
8943a0231d7ffff,Families,22,2.599429,0.00113,0.130017
8943a0231d7ffff,HNWI,0,6.309002,0.003544,0.3154
8943a0231d7ffff,HNWI,2,5.312389,0.002984,0.265578
8943a0231d7ffff,HNWI,4,5.543972,0.003114,0.277155
8943a0231d7ffff,HNWI,6,29.061309,0.018644,1.453065
8943a0231d7ffff,HNWI,8,22.609362,0.014505,1.130468
8943a0231d7ffff,HNWI,10,21.305559,0.013411,1.065278
8943a0231d7ffff,HNWI,12,14.445996,0.009093,0.7223
8943a0231d7ffff,HNWI,14,16.865285,0.010658,0.84322
8943a0231d7ffff,HNWI,16,22.680616,0.014332,1.133972
8943a0231d7ffff,HNWI,18,18.528833,0.011683,0.926442
8943a0231d7ffff,HNWI,20,21.513705,0.013565,1.075685
8943a0231d7ffff,HNWI,22,19.997594,0.012609,0.99988
8943a0231d7ffff,Potential Car Buyers,0,21.88331,0.013978,1.094211
8943a0231d7ffff,Potential Car Buyers,2,27.169306,0.017355,1.358522
8943a0231d7ffff,Potential Car Buyers,4,23.43831,0.014972,1.171965
8943a0231d7ffff,Potential Car Buyers,6,3.200652,0.001532,0.160033
8943a0231d7ffff,Potential Car Buyers,8,3.799777,0.001818,0.189989
8943a0231d7ffff,Potential Car Buyers,10,7.45785,0.004439,0.372933
8943a0231d7ffff,Potential Car Buyers,12,10.12677,0.006027,0.506393
8943a0231d7ffff,Potential Car Buyers,14,5.419277,0.003072,0.270923
8943a0231d7ffff,Potential Car Buyers,16,7.820222,0.004433,0.390953
8943a0231d7ffff,Potential Car Buyers,18,5.90546,0.003275,0.295273
8943a0231d7ffff,Potential Car Buyers,20,5.320448,0.002951,0.266022
8943a0231d7ffff,Potential Car Buyers,22,5.257683,0.002916,0.262884
8943a0233c7ffff,Families,0,30.590737,0.019632,1.529537
8943a0233c7ffff,Families,2,27.691471,0.017772,1.384574
8943a0233c7ffff,Families,4,27.066952,0.017371,1.353348
8943a0233c7ffff,Families,6,27.178894,0.017434,1.358945
8943a0233c7ffff,Families,8,31.250128,0.020046,1.562506
8943a0233c7ffff,Families,10,13.782879,0.00865,0.689144
8943a0233c7ffff,Families,12,20.038013,0.012576,1.001901
8943a0233c7ffff,Families,14,8.961506,0.00535,0.448075
8943a0233c7ffff,Families,16,10.407185,0.006214,0.520359
8943a0233c7ffff,Families,18,9.913162,0.005861,0.495714
8943a0233c7ffff,Families,20,9.408523,0.005563,0.470479
8943a0233c7ffff,Families,22,9.734504,0.005756,0.48678
8943a0233c7ffff,HNWI,0,27.264323,0.017488,1.363268
8943a0233c7ffff,HNWI,2,25.69365,0.016481,1.284731
8943a0233c7ffff,HNWI,4,22.679762,0.014548,1.134031
8943a0233c7ffff,HNWI,6,21.492421,0.013779,1.074662
8943a0233c7ffff,HNWI,8,21.67301,0.013895,1.083692
8943a0233c7ffff,HNWI,10,13.680501,0.008352,0.684083
8943a0233c7ffff,HNWI,12,9.827323,0.005999,0.491408
8943a0233c7ffff,HNWI,14,18.993157,0.011987,0.949658
8943a0233c7ffff,HNWI,16,15.1359,0.009553,0.756795
8943a0233c7ffff,HNWI,18,14.862071,0.009358,0.743145
8943a0233c7ffff,HNWI,20,21.280887,0.0134,1.064103
8943a0233c7ffff,HNWI,22,18.841485,0.011864,0.942127
8943a0233c7ffff,Potential Car Buyers,0,29.954236,0.019301,1.497762
8943a0233c7ffff,Potential Car Buyers,2,32.331088,0.020832,1.616609
8943a0233c7ffff,Potential Car Buyers,4,26.37256,0.016993,1.318672
8943a0233c7ffff,Potential Car Buyers,6,27.372989,0.017631,1.368696
8943a0233c7ffff,Potential Car Buyers,8,29.39743,0.018935,1.469921
8943a0233c7ffff,Potential Car Buyers,10,17.495679,0.010901,0.874841
8943a0233c7ffff,Potential Car Buyers,12,17.342664,0.010806,0.86719
8943a0233c7ffff,Potential Car Buyers,14,20.270524,0.012905,1.013526
8943a0233c7ffff,Potential Car Buyers,16,25.061095,0.015954,1.253055
8943a0233c7ffff,Potential Car Buyers,18,13.656251,0.00834,0.682813
8943a0233c7ffff,Potential Car Buyers,20,10.116358,0.006178,0.505818
8943a0233c7ffff,Potential Car Buyers,22,13.865621,0.008468,0.693281
8943a1224d3ffff,Families,0,2.707545,0.001132,0.135327
8943a1224d3ffff,Families,2,2.91611,0.001219,0.145751
8943a1224d3ffff,Families,4,2.826136,0.001181,0.141254
8943a1224d3ffff,Families,6,2.127368,0.000815,0.106414
8943a1224d3ffff,Families,8,2.567477,0.000983,0.128429
8943a1224d3ffff,Families,10,26.287966,0.016764,1.314455
8943a1224d3ffff,Families,12,27.240069,0.017371,1.362063
8943a1224d3ffff,Families,14,26.002236,0.016755,1.300112
8943a1224d3ffff,Families,16,30.750631,0.019815,1.537532
8943a1224d3ffff,Families,18,15.811721,0.009828,0.790586
8943a1224d3ffff,Families,20,16.126214,0.010023,0.806311
8943a1224d3ffff,Families,22,12.795481,0.007953,0.639774
8943a1224d3ffff,HNWI,0,14.912135,0.009397,0.745607
8943a1224d3ffff,HNWI,2,21.343291,0.01345,1.067165
8943a1224d3ffff,HNWI,4,16.23122,0.010228,0.811561
8943a1224d3ffff,HNWI,6,16.356162,0.010296,0.817808
8943a1224d3ffff,HNWI,8,16.833251,0.010596,0.841663
8943a1224d3ffff,HNWI,10,14.042039,0.008701,0.702102
8943a1224d3ffff,HNWI,12,14.182993,0.008788,0.70915
8943a1224d3ffff,HNWI,14,1.131085,3.6e-05,0.056554
8943a1224d3ffff,HNWI,16,1.116602,3.5e-05,0.05583
8943a1224d3ffff,HNWI,18,34.695047,0.022368,1.734695
8943a1224d3ffff,HNWI,20,26.185885,0.016882,1.309251
8943a1224d3ffff,HNWI,22,30.205086,0.019473,1.510204
8943a1224d3ffff,Potential Car Buyers,0,27.381493,0.017567,1.369075
8943a1224d3ffff,Potential Car Buyers,2,31.424188,0.02016,1.571209
8943a1224d3ffff,Potential Car Buyers,4,22.069691,0.014159,1.103485
8943a1224d3ffff,Potential Car Buyers,6,14.033885,0.008564,0.701635
8943a1224d3ffff,Potential Car Buyers,8,12.217403,0.007456,0.610818
8943a1224d3ffff,Potential Car Buyers,10,7.9314,0.004632,0.396619
8943a1224d3ffff,Potential Car Buyers,12,7.681837,0.004486,0.38414
8943a1224d3ffff,Potential Car Buyers,14,8.503994,0.005062,0.4252
8943a1224d3ffff,Potential Car Buyers,16,8.953501,0.00533,0.447675
8943a1224d3ffff,Potential Car Buyers,18,10.10999,0.005956,0.505558
8943a1224d3ffff,Potential Car Buyers,20,8.763291,0.005163,0.438216
8943a1224d3ffff,Potential Car Buyers,22,9.970366,0.005874,0.498576
8943a130153ffff,Families,0,16.038188,0.009906,0.801909
8943a130153ffff,Families,2,11.589205,0.007158,0.57946
8943a130153ffff,Families,4,11.246788,0.006947,0.562339
8943a130153ffff,Families,6,15.217135,0.009381,0.760857
8943a130153ffff,Families,8,11.749505,0.007243,0.587475
8943a130153ffff,Families,10,4.580454,0.002399,0.229023
8943a130153ffff,Families,12,5.508213,0.002885,0.275411
8943a130153ffff,Families,14,24.695925,0.015841,1.234796
8943a130153ffff,Families,16,25.556168,0.016393,1.277808
8943a130153ffff,Families,18,27.05949,0.017338,1.352922
8943a130153ffff,Families,20,25.065779,0.01606,1.25324
8943a130153ffff,Families,22,20.548034,0.013166,1.027362
8943a130153ffff,HNWI,0,9.74004,0.00572,0.48706
8943a130153ffff,HNWI,2,8.722847,0.005123,0.436194
8943a130153ffff,HNWI,4,6.714867,0.003943,0.335783
8943a130153ffff,HNWI,6,9.572279,0.00559,0.478673
8943a130153ffff,HNWI,8,7.980684,0.004661,0.399084
8943a130153ffff,HNWI,10,5.13378,0.002628,0.256749
8943a130153ffff,HNWI,12,4.231914,0.002167,0.211645
8943a130153ffff,HNWI,14,5.751196,0.003147,0.28756
8943a130153ffff,HNWI,16,5.109357,0.002796,0.255468
8943a130153ffff,HNWI,18,17.33751,0.010994,0.866876
8943a130153ffff,HNWI,20,20.524164,0.013015,1.026208
8943a130153ffff,HNWI,22,22.150234,0.014046,1.107512
8943a130153ffff,Potential Car Buyers,0,11.852929,0.007234,0.592697
8943a130153ffff,Potential Car Buyers,2,12.050022,0.007354,0.602552
8943a130153ffff,Potential Car Buyers,4,13.177545,0.008042,0.658933
8943a130153ffff,Potential Car Buyers,6,13.581379,0.008267,0.679128
8943a130153ffff,Potential Car Buyers,8,12.562158,0.007646,0.628163
8943a130153ffff,Potential Car Buyers,10,6.843102,0.003973,0.342199
8943a130153ffff,Potential Car Buyers,12,8.245529,0.004787,0.41233
8943a130153ffff,Potential Car Buyers,14,22.672484,0.014502,1.133578
8943a130153ffff,Potential Car Buyers,16,26.599432,0.017014,1.329918
8943a130153ffff,Potential Car Buyers,18,24.060575,0.01537,1.203029
8943a130153ffff,Potential Car Buyers,20,28.446779,0.018172,1.422339
8943a130153ffff,Potential Car Buyers,22,24.561309,0.01569,1.228065
8943a130237ffff,Families,0,2.540524,0.001072,0.127026
8943a130237ffff,Families,2,2.816317,0.001189,0.140816
8943a130237ffff,Families,4,2.603185,0.001099,0.130159
8943a130237ffff,Families,6,2.76929,0.001076,0.138465
8943a130237ffff,Families,8,2.500716,0.000971,0.125036
8943a130237ffff,Families,10,24.897918,0.01602,1.244896
8943a130237ffff,Families,12,32.201055,0.020719,1.610053
8943a130237ffff,Families,14,26.547209,0.017107,1.327316
8943a130237ffff,Families,16,29.366919,0.018924,1.468297
8943a130237ffff,Families,18,16.478346,0.010427,0.823959
8943a130237ffff,Families,20,21.894358,0.013855,1.094774
8943a130237ffff,Families,22,18.172262,0.011499,0.908659
8943a130237ffff,HNWI,0,23.82399,0.015331,1.191158
8943a130237ffff,HNWI,2,28.743299,0.018496,1.437115
8943a130237ffff,HNWI,4,29.218963,0.018803,1.460897
8943a130237ffff,HNWI,6,14.240849,0.008819,0.712042
8943a130237ffff,HNWI,8,16.35048,0.010125,0.817524
8943a130237ffff,HNWI,10,13.367327,0.008285,0.668413
8943a130237ffff,HNWI,12,12.356501,0.007658,0.617869
8943a130237ffff,HNWI,14,13.811308,0.008412,0.690506
8943a130237ffff,HNWI,16,12.692129,0.00773,0.634552
8943a130237ffff,HNWI,18,9.661232,0.005847,0.483062
8943a130237ffff,HNWI,20,12.979474,0.007855,0.648974
8943a130237ffff,HNWI,22,11.449892,0.006929,0.572495
8943a130237ffff,Potential Car Buyers,0,4.728062,0.002609,0.236444
8943a130237ffff,Potential Car Buyers,2,6.690979,0.003692,0.334607
8943a130237ffff,Potential Car Buyers,4,4.663492,0.002573,0.233215
8943a130237ffff,Potential Car Buyers,6,6.221717,0.003389,0.311143
8943a130237ffff,Potential Car Buyers,8,5.547502,0.003022,0.277426
8943a130237ffff,Potential Car Buyers,10,1.996823,0.000554,0.099899
8943a130237ffff,Potential Car Buyers,12,1.959916,0.000544,0.098053
8943a130237ffff,Potential Car Buyers,14,29.117745,0.018723,1.455887
8943a130237ffff,Potential Car Buyers,16,30.176634,0.019404,1.508832
8943a130237ffff,Potential Car Buyers,18,16.578782,0.010435,0.828939
8943a130237ffff,Potential Car Buyers,20,21.032842,0.013238,1.051642
8943a130237ffff,Potential Car Buyers,22,16.319102,0.010272,0.815955
8943a130327ffff,Families,0,9.769752,0.005965,0.488488
8943a130327ffff,Families,2,11.29311,0.006895,0.564655
8943a130327ffff,Families,4,11.774394,0.007189,0.58872
8943a130327ffff,Families,6,2.390918,0.000803,0.119605
8943a130327ffff,Families,8,2.236695,0.000751,0.11189
8943a130327ffff,Families,10,30.541945,0.019642,1.527043
8943a130327ffff,Families,12,28.780155,0.018509,1.438957
8943a130327ffff,Families,14,25.050255,0.016025,1.252513
8943a130327ffff,Families,16,29.466359,0.01885,1.473318
8943a130327ffff,Families,18,20.394702,0.01303,1.019778
8943a130327ffff,Families,20,27.131233,0.017333,1.356618
8943a130327ffff,Families,22,25.118966,0.016048,1.256001
8943a130327ffff,HNWI,0,21.319976,0.01361,1.065999
8943a130327ffff,HNWI,2,25.182763,0.016076,1.259138
8943a130327ffff,HNWI,4,25.776676,0.016455,1.288834
8943a130327ffff,HNWI,6,27.634335,0.017629,1.381717
8943a130327ffff,HNWI,8,22.913784,0.014618,1.145689
8943a130327ffff,HNWI,10,20.26777,0.012818,1.013389
8943a130327ffff,HNWI,12,22.724752,0.014371,1.136238
8943a130327ffff,HNWI,14,18.280225,0.011599,0.914055
8943a130327ffff,HNWI,16,21.104462,0.013391,1.055274
8943a130327ffff,HNWI,18,5.720912,0.003133,0.286097
8943a130327ffff,HNWI,20,6.399007,0.003504,0.320008
8943a130327ffff,HNWI,22,6.594874,0.003612,0.329803
8943a130327ffff,Potential Car Buyers,0,16.371448,0.010185,0.818627
8943a130327ffff,Potential Car Buyers,2,15.797048,0.009827,0.789905
8943a130327ffff,Potential Car Buyers,4,16.654765,0.010361,0.832794
8943a130327ffff,Potential Car Buyers,6,5.148936,0.002758,0.257447
8943a130327ffff,Potential Car Buyers,8,4.759604,0.002549,0.23798
8943a130327ffff,Potential Car Buyers,10,8.762156,0.005304,0.438148
8943a130327ffff,Potential Car Buyers,12,11.386135,0.006893,0.569359
8943a130327ffff,Potential Car Buyers,14,27.033914,0.017374,1.351744
8943a130327ffff,Potential Car Buyers,16,23.844214,0.015324,1.192254
8943a130327ffff,Potential Car Buyers,18,23.125426,0.014847,1.156271
8943a130327ffff,Potential Car Buyers,20,24.915506,0.015996,1.245775
8943a130327ffff,Potential Car Buyers,22,28.810943,0.018497,1.440547
8943a13036fffff,Families,0,15.815321,0.010008,0.790806
8943a13036fffff,Families,2,16.084737,0.010178,0.804278
8943a13036fffff,Families,4,21.664048,0.013709,1.083258
8943a13036fffff,Families,6,19.051279,0.012044,0.952613
8943a13036fffff,Families,8,19.153873,0.012109,0.957743
8943a13036fffff,Families,10,15.589529,0.009727,0.779527
8943a13036fffff,Families,12,16.183875,0.010097,0.809246
8943a13036fffff,Families,14,11.669775,0.007132,0.583489
8943a13036fffff,Families,16,10.414932,0.006365,0.520747
8943a13036fffff,Families,18,1.61464,0.000456,0.080732
8943a13036fffff,Families,20,1.503515,0.000424,0.075176
8943a13036fffff,Families,22,2.050844,0.000579,0.102542
8943a13036fffff,HNWI,0,9.692941,0.005866,0.484647
8943a13036fffff,HNWI,2,12.863137,0.007784,0.643157
8943a13036fffff,HNWI,4,12.001057,0.007263,0.600053
8943a13036fffff,HNWI,6,5.381251,0.002853,0.269063
8943a13036fffff,HNWI,8,4.190239,0.002221,0.209512
8943a13036fffff,HNWI,10,1.234254,9.3e-05,0.061713
8943a13036fffff,HNWI,12,1.047833,7.9e-05,0.052392
8943a13036fffff,HNWI,14,17.563701,0.01106,0.878185
8943a13036fffff,HNWI,16,20.361436,0.012822,1.018072
8943a13036fffff,HNWI,18,23.918748,0.015251,1.195885
8943a13036fffff,HNWI,20,26.511826,0.016904,1.325533
8943a13036fffff,HNWI,22,23.44374,0.014948,1.172136
8943a13036fffff,Potential Car Buyers,0,26.344522,0.016791,1.317226
8943a13036fffff,Potential Car Buyers,2,24.376061,0.015537,1.218803
8943a13036fffff,Potential Car Buyers,4,23.757622,0.015142,1.187881
8943a13036fffff,Potential Car Buyers,6,20.680971,0.013172,1.034049
8943a13036fffff,Potential Car Buyers,8,22.131172,0.014096,1.106559
8943a13036fffff,Potential Car Buyers,10,7.231018,0.004232,0.361551
8943a13036fffff,Potential Car Buyers,12,7.198723,0.004213,0.359936
8943a13036fffff,Potential Car Buyers,14,17.948043,0.011172,0.897343
8943a13036fffff,Potential Car Buyers,16,13.227624,0.008234,0.661337
8943a13036fffff,Potential Car Buyers,18,4.564839,0.00241,0.228194
8943a13036fffff,Potential Car Buyers,20,5.540162,0.002925,0.27695
8943a13036fffff,Potential Car Buyers,22,4.454656,0.002352,0.222686
8943a13039bffff,Families,0,14.019969,0.008757,0.701043
8943a13039bffff,Families,2,18.070815,0.011287,0.903598
8943a13039bffff,Families,4,13.972342,0.008727,0.698661
8943a13039bffff,Families,6,5.627526,0.003124,0.281376
8943a13039bffff,Families,8,6.127226,0.003401,0.306361
8943a13039bffff,Families,10,2.625003,0.000962,0.13125
8943a13039bffff,Families,12,1.831691,0.000671,0.091585
8943a13039bffff,Families,14,31.265483,0.020117,1.563329
8943a13039bffff,Families,16,31.102527,0.020012,1.555181
8943a13039bffff,Families,18,28.181087,0.018115,1.409054
8943a13039bffff,Families,20,24.388654,0.015677,1.219433
8943a13039bffff,Families,22,33.359511,0.021444,1.667976
8943a13039bffff,HNWI,0,15.833163,0.009874,0.791658
8943a13039bffff,HNWI,2,16.562075,0.010329,0.828104
8943a13039bffff,HNWI,4,13.08006,0.008157,0.654003
8943a13039bffff,HNWI,6,15.619141,0.009726,0.780957
8943a13039bffff,HNWI,8,17.717293,0.011032,0.885865
8943a13039bffff,HNWI,10,6.360624,0.003593,0.318031
8943a13039bffff,HNWI,12,7.366495,0.004161,0.368325
8943a13039bffff,HNWI,14,31.269145,0.02011,1.563457
8943a13039bffff,HNWI,16,32.960408,0.021198,1.64802
8943a13039bffff,HNWI,18,23.376935,0.01502,1.168889
8943a13039bffff,HNWI,20,23.859008,0.015329,1.192994
8943a13039bffff,HNWI,22,32.972106,0.021185,1.648665
8943a13039bffff,Potential Car Buyers,0,12.58737,0.007615,0.629368
8943a13039bffff,Potential Car Buyers,2,9.877603,0.005975,0.49388
8943a13039bffff,Potential Car Buyers,4,12.216763,0.007391,0.610838
8943a13039bffff,Potential Car Buyers,6,12.312881,0.007425,0.615644
8943a13039bffff,Potential Car Buyers,8,12.177371,0.007343,0.608869
8943a13039bffff,Potential Car Buyers,10,1.061224,5.9e-05,0.053061
8943a13039bffff,Potential Car Buyers,12,0.983474,5.5e-05,0.049174
8943a13039bffff,Potential Car Buyers,14,19.492184,0.012445,0.974609
8943a13039bffff,Potential Car Buyers,16,21.10184,0.013473,1.055092
8943a13039bffff,Potential Car Buyers,18,23.862629,0.015214,1.193184
8943a13039bffff,Potential Car Buyers,20,19.985072,0.012742,0.999297
8943a13039bffff,Potential Car Buyers,22,25.059717,0.015977,1.253041
8943a13091bffff,Families,0,28.41326,0.018311,1.420663
8943a13091bffff,Families,2,27.414127,0.017667,1.370706
8943a13091bffff,Families,4,32.217398,0.020763,1.61087
8943a13091bffff,Families,6,35.128439,0.02263,1.756422
8943a13091bffff,Families,8,25.80225,0.016622,1.290113
8943a13091bffff,Families,10,21.649108,0.013748,1.082455
8943a13091bffff,Families,12,20.492539,0.013013,1.024627
8943a13091bffff,Families,14,13.400956,0.008236,0.670048
8943a13091bffff,Families,16,13.897614,0.008541,0.694881
8943a13091bffff,Families,18,9.851021,0.006023,0.492592
8943a13091bffff,Families,20,11.957669,0.007311,0.597933
8943a13091bffff,Families,22,12.155875,0.007432,0.607844
8943a13091bffff,HNWI,0,12.978522,0.007989,0.648976
8943a13091bffff,HNWI,2,14.785808,0.009102,0.739347
8943a13091bffff,HNWI,4,14.208577,0.008747,0.710483
8943a13091bffff,HNWI,6,14.334954,0.008805,0.716804
8943a13091bffff,HNWI,8,10.939315,0.00672,0.547009
8943a13091bffff,HNWI,10,2.787997,0.001303,0.139358
8943a13091bffff,HNWI,12,3.855837,0.001801,0.192734
8943a13091bffff,HNWI,14,24.304264,0.015577,1.21526
8943a13091bffff,HNWI,16,21.082444,0.013512,1.054163
8943a13091bffff,HNWI,18,20.342842,0.013023,1.017142
8943a13091bffff,HNWI,20,22.027238,0.014101,1.101362
8943a13091bffff,HNWI,22,22.832393,0.014616,1.14162
8943a13091bffff,Potential Car Buyers,0,17.138925,0.010891,0.856986
8943a13091bffff,Potential Car Buyers,2,21.54436,0.01369,1.077269
8943a13091bffff,Potential Car Buyers,4,24.718251,0.015707,1.235971
8943a13091bffff,Potential Car Buyers,6,32.492467,0.020964,1.624623
8943a13091bffff,Potential Car Buyers,8,29.535283,0.019056,1.476764
8943a13091bffff,Potential Car Buyers,10,22.60754,0.014519,1.130377
8943a13091bffff,Potential Car Buyers,12,27.439834,0.017623,1.371992
8943a13091bffff,Potential Car Buyers,14,32.025972,0.020622,1.601353
8943a13091bffff,Potential Car Buyers,16,27.724303,0.017852,1.386263
8943a13091bffff,Potential Car Buyers,18,2.770063,0.001302,0.138503
8943a13091bffff,Potential Car Buyers,20,2.904194,0.001366,0.14521
8943a13091bffff,Potential Car Buyers,22,2.763727,0.001299,0.138186
8943a130a2fffff,Families,0,18.964872,0.012059,0.948244
8943a130a2fffff,Families,2,24.486915,0.015571,1.224346
8943a130a2fffff,Families,4,20.15538,0.012816,1.007769
8943a130a2fffff,Families,6,12.081767,0.007371,0.60414
8943a130a2fffff,Families,8,9.703186,0.00592,0.485201
8943a130a2fffff,Families,10,7.520026,0.004389,0.375954
8943a130a2fffff,Families,12,8.825835,0.005151,0.441237
8943a130a2fffff,Families,14,4.22613,0.002184,0.211306
8943a130a2fffff,Families,16,4.416032,0.002282,0.220802
8943a130a2fffff,Families,18,16.207898,0.010044,0.810452
8943a130a2fffff,Families,20,14.127049,0.008754,0.706402
8943a130a2fffff,Families,22,11.798561,0.007311,0.58997
8943a130a2fffff,HNWI,0,3.194012,0.001479,0.159701
8943a130a2fffff,HNWI,2,3.278752,0.001518,0.163938
8943a130a2fffff,HNWI,4,3.27983,0.001518,0.163992
8943a130a2fffff,HNWI,6,2.7314,0.001202,0.13657
8943a130a2fffff,HNWI,8,3.152827,0.001388,0.157641
8943a130a2fffff,HNWI,10,26.766272,0.017234,1.338314
8943a130a2fffff,HNWI,12,30.123475,0.019395,1.506174
8943a130a2fffff,HNWI,14,35.463522,0.022867,1.773234
8943a130a2fffff,HNWI,16,34.046053,0.021953,1.702359
8943a130a2fffff,HNWI,18,15.229431,0.009492,0.761521
8943a130a2fffff,HNWI,20,16.807155,0.010476,0.840412
8943a130a2fffff,HNWI,22,12.573594,0.007837,0.628721
8943a130a2fffff,Potential Car Buyers,0,18.341186,0.011491,0.917115
8943a130a2fffff,Potential Car Buyers,2,18.29027,0.011459,0.914569
8943a130a2fffff,Potential Car Buyers,4,16.328264,0.01023,0.816462
8943a130a2fffff,Potential Car Buyers,6,13.571137,0.008492,0.678515
8943a130a2fffff,Potential Car Buyers,8,16.654385,0.010421,0.832668
8943a130a2fffff,Potential Car Buyers,10,12.214009,0.007492,0.610749
8943a130a2fffff,Potential Car Buyers,12,10.871472,0.006669,0.543617
8943a130a2fffff,Potential Car Buyers,14,27.227678,0.017535,1.36143
8943a130a2fffff,Potential Car Buyers,16,27.616359,0.017786,1.380865
8943a130a2fffff,Potential Car Buyers,18,32.209404,0.020725,1.61047
8943a130a2fffff,Potential Car Buyers,20,31.853373,0.020496,1.592669
8943a130a2fffff,Potential Car Buyers,22,28.534996,0.018361,1.42675
8943a130ad7ffff,Families,0,26.52756,0.016998,1.32643
8943a130ad7ffff,Families,2,29.347913,0.018805,1.467453
8943a130ad7ffff,Families,4,23.288216,0.014922,1.164456
8943a130ad7ffff,Families,6,23.237664,0.014882,1.161929
8943a130ad7ffff,Families,8,27.467169,0.017591,1.373413
8943a130ad7ffff,Families,10,9.594888,0.005824,0.479787
8943a130ad7ffff,Families,12,10.185752,0.006183,0.509333
8943a130ad7ffff,Families,14,17.095878,0.010767,0.854794
8943a130ad7ffff,Families,16,16.691467,0.010512,0.834573
8943a130ad7ffff,Families,18,6.870211,0.003993,0.343511
8943a130ad7ffff,Families,20,8.773343,0.005099,0.438667
8943a130ad7ffff,Families,22,6.74361,0.003919,0.337181
8943a130ad7ffff,HNWI,0,12.331614,0.007492,0.616581
8943a130ad7ffff,HNWI,2,10.066215,0.006116,0.503311
8943a130ad7ffff,HNWI,4,10.541837,0.006405,0.527092
8943a130ad7ffff,HNWI,6,1.130351,0.000218,0.056558
8943a130ad7ffff,HNWI,8,1.603484,0.000309,0.080231
8943a130ad7ffff,HNWI,10,19.291529,0.012298,0.964534
8943a130ad7ffff,HNWI,12,21.051317,0.01342,1.05252
8943a130ad7ffff,HNWI,14,22.058672,0.014096,1.102934
8943a130ad7ffff,HNWI,16,22.567639,0.014421,1.128382
8943a130ad7ffff,HNWI,18,19.050224,0.012157,0.952552
8943a130ad7ffff,HNWI,20,25.513113,0.016281,1.27571
8943a130ad7ffff,HNWI,22,25.902208,0.016529,1.295166
8943a130ad7ffff,Potential Car Buyers,0,6.123578,0.003293,0.306238
8943a130ad7ffff,Potential Car Buyers,2,4.966946,0.002671,0.248395
8943a130ad7ffff,Potential Car Buyers,4,4.894641,0.002632,0.244779
8943a130ad7ffff,Potential Car Buyers,6,4.694524,0.002483,0.234678
8943a130ad7ffff,Potential Car Buyers,8,5.103179,0.002699,0.255106
8943a130ad7ffff,Potential Car Buyers,10,1.292249,6.6e-05,0.064672
8943a130ad7ffff,Potential Car Buyers,12,1.051089,5.3e-05,0.052603
8943a130ad7ffff,Potential Car Buyers,14,29.848746,0.019177,1.492437
8943a130ad7ffff,Potential Car Buyers,16,30.72826,0.019742,1.536413
8943a130ad7ffff,Potential Car Buyers,18,19.009822,0.011939,0.950491
8943a130ad7ffff,Potential Car Buyers,20,14.213615,0.008927,0.710681
8943a130ad7ffff,Potential Car Buyers,22,18.847575,0.011837,0.942379
8943a130bc3ffff,Families,0,6.89198,0.003832,0.344542
8943a130bc3ffff,Families,2,7.175914,0.00399,0.358736
8943a130bc3ffff,Families,4,6.692529,0.003721,0.334571
8943a130bc3ffff,Families,6,24.663981,0.015672,1.233199
8943a130bc3ffff,Families,8,22.942559,0.014578,1.147128
8943a130bc3ffff,Families,10,30.707619,0.019717,1.535438
8943a130bc3ffff,Families,12,30.73037,0.019732,1.536575
8943a130bc3ffff,Families,14,17.053425,0.010766,0.852717
8943a130bc3ffff,Families,16,20.651835,0.013038,1.032647
8943a130bc3ffff,Families,18,27.547464,0.017592,1.377373
8943a130bc3ffff,Families,20,21.356783,0.013638,1.067839
8943a130bc3ffff,Families,22,22.71418,0.014505,1.135709
8943a130bc3ffff,HNWI,0,15.022864,0.009449,0.751186
8943a130bc3ffff,HNWI,2,18.341697,0.011536,0.917137
8943a130bc3ffff,HNWI,4,17.463691,0.010984,0.873234
8943a130bc3ffff,HNWI,6,15.1426,0.009513,0.757174
8943a130bc3ffff,HNWI,8,16.48785,0.010359,0.82444
8943a130bc3ffff,HNWI,10,10.199292,0.006022,0.509906
8943a130bc3ffff,HNWI,12,7.180811,0.00424,0.358999
8943a130bc3ffff,HNWI,14,11.9926,0.007197,0.59963
8943a130bc3ffff,HNWI,16,9.172,0.005504,0.4586
8943a130bc3ffff,HNWI,18,31.425366,0.020247,1.571268
8943a130bc3ffff,HNWI,20,27.056857,0.017432,1.352843
8943a130bc3ffff,HNWI,22,26.073653,0.016799,1.303683
8943a130bc3ffff,Potential Car Buyers,0,3.612618,0.00184,0.180631
8943a130bc3ffff,Potential Car Buyers,2,3.881985,0.001978,0.194099
8943a130bc3ffff,Potential Car Buyers,4,3.852051,0.001962,0.192603
8943a130bc3ffff,Potential Car Buyers,6,24.610844,0.015735,1.230492
8943a130bc3ffff,Potential Car Buyers,8,23.089595,0.014763,1.154432
8943a130bc3ffff,Potential Car Buyers,10,35.524427,0.022899,1.776221
8943a130bc3ffff,Potential Car Buyers,12,32.81298,0.021151,1.640649
8943a130bc3ffff,Potential Car Buyers,14,14.097963,0.008848,0.704898
8943a130bc3ffff,Potential Car Buyers,16,20.372704,0.012786,1.018635
8943a130bc3ffff,Potential Car Buyers,18,14.482173,0.009064,0.724064
8943a130bc3ffff,Potential Car Buyers,20,14.971133,0.00937,0.748511
8943a130bc3ffff,Potential Car Buyers,22,14.689373,0.009194,0.734424
8943a130c13ffff,Families,0,1.617925,0.000357,0.080896
8943a130c13ffff,Families,2,1.280628,0.000282,0.064031
8943a130c13ffff,Families,4,1.518841,0.000335,0.075942
8943a130c13ffff,Families,6,12.492196,0.007584,0.624666
8943a130c13ffff,Families,8,10.968869,0.006659,0.548493
8943a130c13ffff,Families,10,8.548698,0.004933,0.427492
8943a130c13ffff,Families,12,6.649523,0.003837,0.332521
8943a130c13ffff,Families,14,16.412134,0.010178,0.820607
8943a130c13ffff,Families,16,12.566001,0.007793,0.6283
8943a130c13ffff,Families,18,13.455865,0.008311,0.672744
8943a130c13ffff,Families,20,16.049937,0.009913,0.802438
8943a130c13ffff,Families,22,14.724805,0.009094,0.736186
8943a130c13ffff,HNWI,0,6.326453,0.003658,0.316323
8943a130c13ffff,HNWI,2,6.111475,0.003533,0.305574
8943a130c13ffff,HNWI,4,6.747309,0.003901,0.337365
8943a130c13ffff,HNWI,6,5.837746,0.003352,0.291887
8943a130c13ffff,HNWI,8,5.757556,0.003305,0.287878
8943a130c13ffff,HNWI,10,31.257531,0.020111,1.562877
8943a130c13ffff,HNWI,12,24.556241,0.015799,1.227812
8943a130c13ffff,HNWI,14,26.833996,0.017291,1.341655
8943a130c13ffff,HNWI,16,29.579301,0.01906,1.478916
8943a130c13ffff,HNWI,18,19.645735,0.01243,0.982337
8943a130c13ffff,HNWI,20,16.741942,0.010593,0.83714
8943a130c13ffff,HNWI,22,21.672685,0.013713,1.08369
8943a130c13ffff,Potential Car Buyers,0,27.62456,0.017653,1.381285
8943a130c13ffff,Potential Car Buyers,2,28.477353,0.018198,1.423927
8943a130c13ffff,Potential Car Buyers,4,21.123671,0.013499,1.056227
8943a130c13ffff,Potential Car Buyers,6,11.821572,0.007329,0.591079
8943a130c13ffff,Potential Car Buyers,8,12.772938,0.007918,0.638647
8943a130c13ffff,Potential Car Buyers,10,22.307946,0.01413,1.115453
8943a130c13ffff,Potential Car Buyers,12,19.564215,0.012392,0.97826
8943a130c13ffff,Potential Car Buyers,14,6.315371,0.003602,0.315723
8943a130c13ffff,Potential Car Buyers,16,6.955377,0.003967,0.347719
8943a130c13ffff,Potential Car Buyers,18,16.622362,0.010417,0.831118
8943a130c13ffff,Potential Car Buyers,20,19.639058,0.012307,0.981953
8943a130c13ffff,Potential Car Buyers,22,19.566332,0.012262,0.978317
8943a130c3bffff,Families,0,12.735293,0.007705,0.636824
8943a130c3bffff,Families,2,8.779573,0.005312,0.439019
8943a130c3bffff,Families,4,12.006847,0.007264,0.600398
8943a130c3bffff,Families,6,35.104524,0.022648,1.755226
8943a130c3bffff,Families,8,28.656009,0.018487,1.4328
8943a130c3bffff,Families,10,6.403625,0.003634,0.320134
8943a130c3bffff,Families,12,5.564116,0.003158,0.278164
8943a130c3bffff,Families,14,19.324423,0.012338,0.96618
8943a130c3bffff,Families,16,19.641283,0.01254,0.982023
8943a130c3bffff,Families,18,3.727974,0.001742,0.186399
8943a130c3bffff,Families,20,2.799755,0.001309,0.139988
8943a130c3bffff,Families,22,2.81071,0.001314,0.140536
8943a130c3bffff,HNWI,0,18.869634,0.011828,0.943538
8943a130c3bffff,HNWI,2,14.113219,0.008846,0.705703
8943a130c3bffff,HNWI,4,16.927176,0.01061,0.846409
8943a130c3bffff,HNWI,6,2.069247,0.000691,0.103462
8943a130c3bffff,HNWI,8,1.700919,0.000568,0.085046
8943a130c3bffff,HNWI,10,23.748349,0.015273,1.187417
8943a130c3bffff,HNWI,12,30.11748,0.019369,1.505874
8943a130c3bffff,HNWI,14,31.667472,0.020398,1.583427
8943a130c3bffff,HNWI,16,30.060939,0.019363,1.503098
8943a130c3bffff,HNWI,18,34.49484,0.022199,1.724742
8943a130c3bffff,HNWI,20,25.804634,0.016606,1.290232
8943a130c3bffff,HNWI,22,33.876228,0.021801,1.693811
8943a130c3bffff,Potential Car Buyers,0,6.581452,0.003627,0.329073
8943a130c3bffff,Potential Car Buyers,2,6.565617,0.003618,0.328281
8943a130c3bffff,Potential Car Buyers,4,5.038308,0.002776,0.251915
8943a130c3bffff,Potential Car Buyers,6,5.924879,0.003223,0.296244
8943a130c3bffff,Potential Car Buyers,8,6.158012,0.00335,0.307901
8943a130c3bffff,Potential Car Buyers,10,1.371664,0.00037,0.068583
8943a130c3bffff,Potential Car Buyers,12,1.742905,0.000471,0.087145
8943a130c3bffff,Potential Car Buyers,14,3.103928,0.001368,0.155144
8943a130c3bffff,Potential Car Buyers,16,3.420995,0.001508,0.170992
8943a130c3bffff,Potential Car Buyers,18,15.468197,0.009735,0.773453
8943a130c3bffff,Potential Car Buyers,20,19.997519,0.012585,0.999932
8943a130c3bffff,Potential Car Buyers,22,14.916258,0.009388,0.745855
8943a130d4bffff,Families,0,11.032882,0.006803,0.551644
8943a130d4bffff,Families,2,13.361712,0.008239,0.668086
8943a130d4bffff,Families,4,13.514529,0.008333,0.675726
8943a130d4bffff,Families,6,13.072333,0.008044,0.653617
8943a130d4bffff,Families,8,15.28722,0.009407,0.764361
8943a130d4bffff,Families,10,8.193906,0.004871,0.409695
8943a130d4bffff,Families,12,9.386974,0.00558,0.469349
8943a130d4bffff,Families,14,10.9566,0.006609,0.547882
8943a130d4bffff,Families,16,11.655587,0.007031,0.582835
8943a130d4bffff,Families,18,22.522592,0.014424,1.126174
8943a130d4bffff,Families,20,26.283802,0.016833,1.314242
8943a130d4bffff,Families,22,28.20286,0.018062,1.410199
8943a130d4bffff,HNWI,0,8.876441,0.005284,0.443774
8943a130d4bffff,HNWI,2,9.733882,0.005794,0.486642
8943a130d4bffff,HNWI,4,9.629789,0.005732,0.481438
8943a130d4bffff,HNWI,6,26.66282,0.017054,1.333141
8943a130d4bffff,HNWI,8,21.267486,0.013603,1.063374
8943a130d4bffff,HNWI,10,33.886573,0.021849,1.694273
8943a130d4bffff,HNWI,12,26.782677,0.017268,1.33909
8943a130d4bffff,HNWI,14,24.593756,0.015656,1.229743
8943a130d4bffff,HNWI,16,25.746104,0.01639,1.287363
8943a130d4bffff,HNWI,18,24.192272,0.015376,1.209614
8943a130d4bffff,HNWI,20,22.717812,0.014439,1.135891
8943a130d4bffff,HNWI,22,22.308216,0.014178,1.115411
8943a130d4bffff,Potential Car Buyers,0,19.345339,0.012173,0.967267
8943a130d4bffff,Potential Car Buyers,2,14.522123,0.009138,0.726106
8943a130d4bffff,Potential Car Buyers,4,15.094363,0.009498,0.754718
8943a130d4bffff,Potential Car Buyers,6,7.873265,0.004588,0.393713
8943a130d4bffff,Potential Car Buyers,8,8.013679,0.00467,0.400734
8943a130d4bffff,Potential Car Buyers,10,3.735001,0.001896,0.186795
8943a130d4bffff,Potential Car Buyers,12,4.551355,0.00231,0.227622
8943a130d4bffff,Potential Car Buyers,14,34.671272,0.02236,1.733564
8943a130d4bffff,Potential Car Buyers,16,31.775521,0.020493,1.588776
8943a130d4bffff,Potential Car Buyers,18,5.434173,0.002856,0.271766
8943a130d4bffff,Potential Car Buyers,20,3.873129,0.002036,0.193697
8943a130d4bffff,Potential Car Buyers,22,4.359687,0.002291,0.218031
8943a130e07ffff,Families,0,1.147687,0.000225,0.057384
8943a130e07ffff,Families,2,1.254034,0.000246,0.062702
8943a130e07ffff,Families,4,1.436355,0.000281,0.071818
8943a130e07ffff,Families,6,17.454813,0.011098,0.872781
8943a130e07ffff,Families,8,22.050761,0.01402,1.102589
8943a130e07ffff,Families,10,7.531049,0.004338,0.376501
8943a130e07ffff,Families,12,8.136571,0.004687,0.406773
8943a130e07ffff,Families,14,14.569812,0.009032,0.728491
8943a130e07ffff,Families,16,14.622606,0.009064,0.73113
8943a130e07ffff,Families,18,14.011049,0.00865,0.700501
8943a130e07ffff,Families,20,12.800547,0.007902,0.63998
8943a130e07ffff,Families,22,14.220626,0.008779,0.710979
8943a130e07ffff,HNWI,0,21.495311,0.013784,1.074807
8943a130e07ffff,HNWI,2,25.642361,0.016444,1.282167
8943a130e07ffff,HNWI,4,24.00692,0.015395,1.200392
8943a130e07ffff,HNWI,6,25.484863,0.016334,1.274292
8943a130e07ffff,HNWI,8,25.000408,0.016024,1.250069
8943a130e07ffff,HNWI,10,18.627655,0.011668,0.931326
8943a130e07ffff,HNWI,12,17.591959,0.011019,0.879545
8943a130e07ffff,HNWI,14,8.910112,0.005283,0.445456
8943a130e07ffff,HNWI,16,8.760026,0.005194,0.437953
8943a130e07ffff,HNWI,18,9.510288,0.005577,0.475514
8943a130e07ffff,HNWI,20,7.93353,0.004652,0.396676
8943a130e07ffff,HNWI,22,8.114501,0.004758,0.405725
8943a130e07ffff,Potential Car Buyers,0,3.963241,0.002054,0.198206
8943a130e07ffff,Potential Car Buyers,2,4.698812,0.002435,0.234993
8943a130e07ffff,Potential Car Buyers,4,3.593304,0.001862,0.179705
8943a130e07ffff,Potential Car Buyers,6,11.402587,0.007066,0.570129
8943a130e07ffff,Potential Car Buyers,8,16.12713,0.009993,0.806357
8943a130e07ffff,Potential Car Buyers,10,9.198686,0.005544,0.459934
8943a130e07ffff,Potential Car Buyers,12,10.811919,0.006517,0.540596
8943a130e07ffff,Potential Car Buyers,14,17.933181,0.011265,0.896711
8943a130e07ffff,Potential Car Buyers,16,16.41035,0.010309,0.820565
8943a130e07ffff,Potential Car Buyers,18,19.191547,0.012023,0.959577
8943a130e07ffff,Potential Car Buyers,20,16.124888,0.010102,0.806244
8943a130e07ffff,Potential Car Buyers,22,15.751701,0.009868,0.787585
8943a130e2fffff,Families,0,27.93886,0.017861,1.396886
8943a130e2fffff,Families,2,28.480286,0.018207,1.423956
8943a130e2fffff,Families,4,23.587523,0.015079,1.179328
8943a130e2fffff,Families,6,14.721919,0.009136,0.736096
8943a130e2fffff,Families,8,14.764534,0.009163,0.738227
8943a130e2fffff,Families,10,9.401463,0.005683,0.470073
8943a130e2fffff,Families,12,11.99428,0.00725,0.599714
8943a130e2fffff,Families,14,8.506665,0.004875,0.425274
8943a130e2fffff,Families,16,7.281616,0.004173,0.36403
8943a130e2fffff,Families,18,6.968506,0.003919,0.348425
8943a130e2fffff,Families,20,7.582518,0.004264,0.379126
8943a130e2fffff,Families,22,5.205734,0.002928,0.260287
8943a130e2fffff,HNWI,0,13.917642,0.008693,0.695882
8943a130e2fffff,HNWI,2,14.149036,0.008838,0.707452
8943a130e2fffff,HNWI,4,16.780361,0.010482,0.839018
8943a130e2fffff,HNWI,6,17.529933,0.010934,0.876497
8943a130e2fffff,HNWI,8,17.212019,0.010736,0.860601
8943a130e2fffff,HNWI,10,1.269673,0.000193,0.063484
8943a130e2fffff,HNWI,12,1.181668,0.00018,0.059083
8943a130e2fffff,HNWI,14,9.167187,0.005365,0.458303
8943a130e2fffff,HNWI,16,8.557197,0.005008,0.427808
8943a130e2fffff,HNWI,18,24.370774,0.015666,1.218582
8943a130e2fffff,HNWI,20,30.076301,0.019334,1.503869
8943a130e2fffff,HNWI,22,28.343927,0.01822,1.417247
8943a130e2fffff,Potential Car Buyers,0,22.15649,0.014005,1.107824
8943a130e2fffff,Potential Car Buyers,2,20.359736,0.01287,1.017987
8943a130e2fffff,Potential Car Buyers,4,21.597063,0.013652,1.079853
8943a130e2fffff,Potential Car Buyers,6,22.472954,0.014192,1.123648
8943a130e2fffff,Potential Car Buyers,8,16.205043,0.010234,0.810252
8943a130e2fffff,Potential Car Buyers,10,10.171645,0.006073,0.508582
8943a130e2fffff,Potential Car Buyers,12,8.479257,0.005063,0.423963
8943a130e2fffff,Potential Car Buyers,14,1.812824,0.000628,0.090641
8943a130e2fffff,Potential Car Buyers,16,1.72484,0.000598,0.086242
8943a130e2fffff,Potential Car Buyers,18,1.253809,0.000215,0.062737
8943a130e2fffff,Potential Car Buyers,20,1.558963,0.000268,0.078006
8943a130e2fffff,Potential Car Buyers,22,1.148253,0.000197,0.057455
8943a130e4fffff,Families,0,19.942923,0.012497,0.997206
8943a130e4fffff,Families,2,13.341006,0.00836,0.66709
8943a130e4fffff,Families,4,15.560877,0.009751,0.778091
8943a130e4fffff,Families,6,18.983723,0.01188,0.949244
8943a130e4fffff,Families,8,13.526184,0.008465,0.676351
8943a130e4fffff,Families,10,6.3101,0.003661,0.315464
8943a130e4fffff,Families,12,8.991354,0.005217,0.449509
8943a130e4fffff,Families,14,8.551616,0.005066,0.427581
8943a130e4fffff,Families,16,7.184354,0.004256,0.359218
8943a130e4fffff,Families,18,29.096706,0.018723,1.454835
8943a130e4fffff,Families,20,29.841105,0.019202,1.492055
8943a130e4fffff,Families,22,28.039391,0.018043,1.40197
8943a130e4fffff,HNWI,0,7.800651,0.004535,0.390033
8943a130e4fffff,HNWI,2,7.709259,0.004481,0.385463
8943a130e4fffff,HNWI,4,9.138632,0.005312,0.456932
8943a130e4fffff,HNWI,6,6.40157,0.003697,0.320078
8943a130e4fffff,HNWI,8,8.190156,0.00473,0.409508
8943a130e4fffff,HNWI,10,21.552272,0.013751,1.077614
8943a130e4fffff,HNWI,12,26.899762,0.017163,1.344988
8943a130e4fffff,HNWI,14,20.715215,0.013141,1.035761
8943a130e4fffff,HNWI,16,16.894822,0.010718,0.844741
8943a130e4fffff,HNWI,18,20.178775,0.012777,1.00899
8943a130e4fffff,HNWI,20,18.586666,0.011769,0.92938
8943a130e4fffff,HNWI,22,22.79187,0.014431,1.139651
8943a130e4fffff,Potential Car Buyers,0,23.719535,0.015065,1.185921
8943a130e4fffff,Potential Car Buyers,2,24.393737,0.015493,1.219629
8943a130e4fffff,Potential Car Buyers,4,19.665033,0.01249,0.983205
8943a130e4fffff,Potential Car Buyers,6,10.251217,0.006228,0.512561
8943a130e4fffff,Potential Car Buyers,8,11.959809,0.007266,0.59799
8943a130e4fffff,Potential Car Buyers,10,28.138117,0.018066,1.406906
8943a130e4fffff,Potential Car Buyers,12,25.19984,0.01618,1.259992
8943a130e4fffff,Potential Car Buyers,14,4.518252,0.002247,0.22597
8943a130e4fffff,Potential Car Buyers,16,3.603155,0.001792,0.180204
8943a130e4fffff,Potential Car Buyers,18,3.378907,0.001549,0.168945
8943a130e4fffff,Potential Car Buyers,20,3.827817,0.001755,0.191391
8943a130e4fffff,Potential Car Buyers,22,2.614456,0.001198,0.130723
8943a130ed7ffff,Families,0,23.449355,0.01507,1.172468
8943a130ed7ffff,Families,2,29.030129,0.018657,1.451506
8943a130ed7ffff,Families,4,32.055037,0.020601,1.602752
8943a130ed7ffff,Families,6,21.826319,0.013885,1.091316
8943a130ed7ffff,Families,8,17.667533,0.011239,0.883377
8943a130ed7ffff,Families,10,14.983839,0.009234,0.749192
8943a130ed7ffff,Families,12,12.653991,0.007798,0.6327
8943a130ed7ffff,Families,14,4.986498,0.002654,0.249325
8943a130ed7ffff,Families,16,5.630171,0.002997,0.281509
8943a130ed7ffff,Families,18,10.826565,0.006485,0.541273
8943a130ed7ffff,Families,20,10.866003,0.006509,0.543245
8943a130ed7ffff,Families,22,8.952801,0.005363,0.447595
8943a130ed7ffff,HNWI,0,15.966009,0.009845,0.79836
8943a130ed7ffff,HNWI,2,15.51683,0.009568,0.7759
8943a130ed7ffff,HNWI,4,15.57326,0.009603,0.778722
8943a130ed7ffff,HNWI,6,3.134954,0.001486,0.156748
8943a130ed7ffff,HNWI,8,2.797326,0.001326,0.139866
8943a130ed7ffff,HNWI,10,25.297443,0.016187,1.264872
8943a130ed7ffff,HNWI,12,26.274283,0.016813,1.313714
8943a130ed7ffff,HNWI,14,22.924426,0.014699,1.146265
8943a130ed7ffff,HNWI,16,28.576048,0.018323,1.428857
8943a130ed7ffff,HNWI,18,28.734117,0.018403,1.436706
8943a130ed7ffff,HNWI,20,22.151252,0.014187,1.107563
8943a130ed7ffff,HNWI,22,23.599243,0.015114,1.179962
8943a130ed7ffff,Potential Car Buyers,0,15.479996,0.009717,0.773955
8943a130ed7ffff,Potential Car Buyers,2,16.875096,0.010593,0.843705
8943a130ed7ffff,Potential Car Buyers,4,14.316444,0.008987,0.71578
8943a130ed7ffff,Potential Car Buyers,6,17.5158,0.010982,0.875738
8943a130ed7ffff,Potential Car Buyers,8,19.893425,0.012473,0.994612
8943a130ed7ffff,Potential Car Buyers,10,8.947637,0.005236,0.447437
8943a130ed7ffff,Potential Car Buyers,12,9.116981,0.005335,0.455905
8943a130ed7ffff,Potential Car Buyers,14,9.861225,0.005879,0.493061
8943a130ed7ffff,Potential Car Buyers,16,8.618658,0.005138,0.430933
8943a130ed7ffff,Potential Car Buyers,18,34.247995,0.022051,1.7124
8943a130ed7ffff,Potential Car Buyers,20,24.572411,0.015821,1.228621
8943a130ed7ffff,Potential Car Buyers,22,30.190238,0.019438,1.509512
8943a131133ffff,Families,0,22.783451,0.014591,1.139128
8943a131133ffff,Families,2,28.033896,0.017953,1.40164
8943a131133ffff,Families,4,29.599828,0.018956,1.479933
8943a131133ffff,Families,6,22.703555,0.014532,1.135132
8943a131133ffff,Families,8,25.522921,0.016336,1.276095
8943a131133ffff,Families,10,18.817603,0.011956,0.940836
8943a131133ffff,Families,12,18.929701,0.012027,0.946441
8943a131133ffff,Families,14,24.873115,0.015848,1.243656
8943a131133ffff,Families,16,20.655656,0.01316,1.032783
8943a131133ffff,Families,18,18.792053,0.011829,0.939603
8943a131133ffff,Families,20,16.786627,0.010567,0.839331
8943a131133ffff,Families,22,19.981779,0.012578,0.999089
8943a131133ffff,HNWI,0,18.742772,0.011911,0.937139
8943a131133ffff,HNWI,2,23.449515,0.014903,1.172476
8943a131133ffff,HNWI,4,17.102411,0.010869,0.855121
8943a131133ffff,HNWI,6,20.325692,0.012907,1.016285
8943a131133ffff,HNWI,8,22.884366,0.014532,1.144218
8943a131133ffff,HNWI,10,10.775519,0.006607,0.538776
8943a131133ffff,HNWI,12,10.319022,0.006327,0.515951
8943a131133ffff,HNWI,14,4.06402,0.002063,0.203201
8943a131133ffff,HNWI,16,4.008346,0.002035,0.200417
8943a131133ffff,HNWI,18,3.764351,0.001783,0.188163
8943a131133ffff,HNWI,20,3.021834,0.001432,0.151048
8943a131133ffff,HNWI,22,3.985836,0.001888,0.199234
8943a131133ffff,Potential Car Buyers,0,25.52116,0.016416,1.276058
8943a131133ffff,Potential Car Buyers,2,32.61735,0.020981,1.630867
8943a131133ffff,Potential Car Buyers,4,27.680227,0.017805,1.384011
8943a131133ffff,Potential Car Buyers,6,29.224836,0.018791,1.461242
8943a131133ffff,Potential Car Buyers,8,32.279062,0.020754,1.613953
8943a131133ffff,Potential Car Buyers,10,20.859137,0.013336,1.042957
8943a131133ffff,Potential Car Buyers,12,27.259583,0.017428,1.362979
8943a131133ffff,Potential Car Buyers,14,24.875415,0.015786,1.243711
8943a131133ffff,Potential Car Buyers,16,17.75979,0.01127,0.887947
8943a131133ffff,Potential Car Buyers,18,9.358491,0.005646,0.467969
8943a131133ffff,Potential Car Buyers,20,9.885326,0.005964,0.494313
8943a131133ffff,Potential Car Buyers,22,9.463186,0.005709,0.473204
8943a131833ffff,Families,0,9.156691,0.005495,0.457835
8943a131833ffff,Families,2,8.936158,0.005363,0.446808
8943a131833ffff,Families,4,11.801977,0.007083,0.590099
8943a131833ffff,Families,6,24.847821,0.015891,1.242442
8943a131833ffff,Families,8,21.127825,0.013512,1.056434
8943a131833ffff,Families,10,17.353959,0.010844,0.867752
8943a131833ffff,Families,12,14.949862,0.009342,0.74754
8943a131833ffff,Families,14,18.045481,0.011332,0.902274
8943a131833ffff,Families,16,16.841233,0.010576,0.842062
8943a131833ffff,Families,18,20.768185,0.01322,1.038362
8943a131833ffff,Families,20,20.418769,0.012997,1.020892
8943a131833ffff,Families,22,23.538779,0.014983,1.176886
8943a131833ffff,HNWI,0,22.286273,0.014192,1.114364
8943a131833ffff,HNWI,2,19.349637,0.012322,0.967525
8943a131833ffff,HNWI,4,19.791236,0.012603,0.989606
8943a131833ffff,HNWI,6,6.485764,0.003756,0.324288
8943a131833ffff,HNWI,8,6.629328,0.003839,0.331466
8943a131833ffff,HNWI,10,3.168512,0.001565,0.158426
8943a131833ffff,HNWI,12,3.852541,0.001902,0.192627
8943a131833ffff,HNWI,14,4.705282,0.002525,0.23531
8943a131833ffff,HNWI,16,5.574745,0.002992,0.278792
8943a131833ffff,HNWI,18,4.517756,0.002326,0.225888
8943a131833ffff,HNWI,20,3.607418,0.001857,0.180371
8943a131833ffff,HNWI,22,3.797815,0.001955,0.189891
8943a131833ffff,Potential Car Buyers,0,35.112939,0.022612,1.755707
8943a131833ffff,Potential Car Buyers,2,33.903302,0.021833,1.695223
8943a131833ffff,Potential Car Buyers,4,33.285715,0.021436,1.664342
8943a131833ffff,Potential Car Buyers,6,26.497999,0.017058,1.324946
8943a131833ffff,Potential Car Buyers,8,30.773087,0.01981,1.538707
8943a131833ffff,Potential Car Buyers,10,22.323504,0.014155,1.116121
8943a131833ffff,Potential Car Buyers,12,19.025275,0.012063,0.951217
8943a131833ffff,Potential Car Buyers,14,13.732595,0.008404,0.686686
8943a131833ffff,Potential Car Buyers,16,12.860078,0.00787,0.643057
8943a131833ffff,Potential Car Buyers,18,11.041699,0.006718,0.552085
8943a131833ffff,Potential Car Buyers,20,9.903559,0.006026,0.495178
8943a131833ffff,Potential Car Buyers,22,11.063996,0.006732,0.5532
8943a13188bffff,Families,0,10.210062,0.006058,0.510447
8943a13188bffff,Families,2,7.728862,0.004586,0.386401
8943a13188bffff,Families,4,10.420785,0.006183,0.520982
8943a13188bffff,Families,6,9.894944,0.005844,0.494691
8943a13188bffff,Families,8,8.238058,0.004865,0.411856
8943a13188bffff,Families,10,35.018072,0.022552,1.750963
8943a13188bffff,Families,12,23.929809,0.015411,1.196531
8943a13188bffff,Families,14,25.558471,0.016262,1.277982
8943a13188bffff,Families,16,23.892919,0.015202,1.1947
8943a13188bffff,Families,18,19.093091,0.012128,0.954655
8943a13188bffff,Families,20,19.535335,0.012409,0.976767
8943a13188bffff,Families,22,22.90168,0.014547,1.145084
8943a13188bffff,HNWI,0,24.630305,0.015755,1.231515
8943a13188bffff,HNWI,2,25.296655,0.016181,1.264833
8943a13188bffff,HNWI,4,23.654799,0.015131,1.18274
8943a13188bffff,HNWI,6,13.591064,0.008449,0.679507
8943a13188bffff,HNWI,8,15.179511,0.009436,0.758924
8943a13188bffff,HNWI,10,10.119438,0.006136,0.505926
8943a13188bffff,HNWI,12,13.205573,0.008007,0.660219
8943a13188bffff,HNWI,14,6.237364,0.003601,0.311868
8943a13188bffff,HNWI,16,7.812591,0.00451,0.39063
8943a13188bffff,HNWI,18,12.583435,0.007665,0.629226
8943a13188bffff,HNWI,20,10.878586,0.006626,0.543976
8943a13188bffff,HNWI,22,12.522151,0.007627,0.626162
8943a13188bffff,Potential Car Buyers,0,9.999262,0.006118,0.499963
8943a13188bffff,Potential Car Buyers,2,14.02438,0.008581,0.701219
8943a13188bffff,Potential Car Buyers,4,13.42925,0.008217,0.671462
8943a13188bffff,Potential Car Buyers,6,11.246954,0.006864,0.562348
8943a13188bffff,Potential Car Buyers,8,11.368325,0.006939,0.568416
8943a13188bffff,Potential Car Buyers,10,24.129208,0.015504,1.20646
8943a13188bffff,Potential Car Buyers,12,29.763737,0.019125,1.488187
8943a13188bffff,Potential Car Buyers,14,23.383529,0.014965,1.169176
8943a13188bffff,Potential Car Buyers,16,29.009915,0.018566,1.450496
8943a13188bffff,Potential Car Buyers,18,24.234815,0.015491,1.211691
8943a13188bffff,Potential Car Buyers,20,21.883633,0.013988,1.094136
8943a13188bffff,Potential Car Buyers,22,22.02198,0.014076,1.101054
8943a13196bffff,Families,0,17.579138,0.01114,0.879
8943a13196bffff,Families,2,19.523183,0.012371,0.976207
8943a13196bffff,Families,4,17.59064,0.011147,0.879576
8943a13196bffff,Families,6,9.532562,0.00574,0.476628
8943a13196bffff,Families,8,11.068567,0.006665,0.553428
8943a13196bffff,Families,10,14.246649,0.008909,0.712377
8943a13196bffff,Families,12,14.340828,0.008968,0.717086
8943a13196bffff,Families,14,3.27054,0.001453,0.163472
8943a13196bffff,Families,16,3.068917,0.001364,0.153395
8943a13196bffff,Families,18,2.217919,0.000825,0.110896
8943a13196bffff,Families,20,2.375147,0.000884,0.118757
8943a13196bffff,Families,22,2.598186,0.000967,0.129909
8943a13196bffff,HNWI,0,13.917734,0.00866,0.695887
8943a13196bffff,HNWI,2,15.373806,0.009566,0.76869
8943a13196bffff,HNWI,4,15.398663,0.009581,0.769933
8943a13196bffff,HNWI,6,11.839967,0.007355,0.591998
8943a13196bffff,HNWI,8,12.123475,0.007531,0.606174
8943a13196bffff,HNWI,10,10.526654,0.006375,0.526333
8943a13196bffff,HNWI,12,12.532784,0.007589,0.626639
8943a13196bffff,HNWI,14,11.360242,0.006952,0.567965
8943a13196bffff,HNWI,16,12.448831,0.007618,0.62239
8943a13196bffff,HNWI,18,26.622932,0.017094,1.331196
8943a13196bffff,HNWI,20,21.703792,0.013935,1.08523
8943a13196bffff,HNWI,22,31.675182,0.020337,1.583818
8943a13196bffff,Potential Car Buyers,0,12.44733,0.007751,0.622366
8943a13196bffff,Potential Car Buyers,2,14.202136,0.008844,0.710107
8943a13196bffff,Potential Car Buyers,4,15.637598,0.009738,0.78188
8943a13196bffff,Potential Car Buyers,6,15.839657,0.009848,0.791983
8943a13196bffff,Potential Car Buyers,8,17.469421,0.010861,0.873471
8943a13196bffff,Potential Car Buyers,10,5.750622,0.003218,0.287531
8943a13196bffff,Potential Car Buyers,12,6.698941,0.003748,0.334947
8943a13196bffff,Potential Car Buyers,14,8.307701,0.004799,0.41533
8943a13196bffff,Potential Car Buyers,16,8.501361,0.004911,0.425011
8943a13196bffff,Potential Car Buyers,18,32.26715,0.020722,1.613417
8943a13196bffff,Potential Car Buyers,20,24.466671,0.015713,1.223379
8943a13196bffff,Potential Car Buyers,22,22.103987,0.014195,1.10524
8943a131c6bffff,Families,0,13.555704,0.008291,0.677841
8943a131c6bffff,Families,2,10.322812,0.006314,0.516183
8943a131c6bffff,Families,4,10.716858,0.006555,0.535887
8943a131c6bffff,Families,6,13.876333,0.008465,0.693876
8943a131c6bffff,Families,8,11.124259,0.006787,0.55626
8943a131c6bffff,Families,10,9.332575,0.005446,0.46657
8943a131c6bffff,Families,12,9.430709,0.005504,0.471477
8943a131c6bffff,Families,14,4.954976,0.002559,0.247749
8943a131c6bffff,Families,16,3.872371,0.002,0.193619
8943a131c6bffff,Families,18,24.532646,0.015679,1.226632
8943a131c6bffff,Families,20,21.216248,0.01356,1.060812
8943a131c6bffff,Families,22,21.066865,0.013464,1.053343
8943a131c6bffff,HNWI,0,3.836732,0.001775,0.191837
8943a131c6bffff,HNWI,2,2.971388,0.001375,0.148569
8943a131c6bffff,HNWI,4,2.743505,0.001269,0.137175
8943a131c6bffff,HNWI,6,20.784714,0.013265,1.03928
8943a131c6bffff,HNWI,8,27.331652,0.017444,1.366641
8943a131c6bffff,HNWI,10,23.466705,0.015109,1.173335
8943a131c6bffff,HNWI,12,27.953146,0.017998,1.397657
8943a131c6bffff,HNWI,14,18.901297,0.011818,0.945065
8943a131c6bffff,HNWI,16,15.147566,0.009471,0.757378
8943a131c6bffff,HNWI,18,16.892183,0.010529,0.844664
8943a131c6bffff,HNWI,20,13.18961,0.008221,0.659523
8943a131c6bffff,HNWI,22,17.855723,0.011129,0.892844
8943a131c6bffff,Potential Car Buyers,0,13.164489,0.008198,0.658224
8943a131c6bffff,Potential Car Buyers,2,14.435655,0.00899,0.721783
8943a131c6bffff,Potential Car Buyers,4,16.992844,0.010582,0.849642
8943a131c6bffff,Potential Car Buyers,6,14.967771,0.009307,0.748389
8943a131c6bffff,Potential Car Buyers,8,12.728737,0.007914,0.636437
8943a131c6bffff,Potential Car Buyers,10,5.809969,0.003253,0.290498
8943a131c6bffff,Potential Car Buyers,12,7.33201,0.004105,0.366601
8943a131c6bffff,Potential Car Buyers,14,7.079294,0.004091,0.353917
8943a131c6bffff,Potential Car Buyers,16,8.584069,0.004961,0.429146
8943a131c6bffff,Potential Car Buyers,18,25.872957,0.016616,1.293695
8943a131c6bffff,Potential Car Buyers,20,25.59973,0.016441,1.280033
8943a131c6bffff,Potential Car Buyers,22,28.84386,0.018524,1.442246
8943a131d17ffff,Families,0,7.328481,0.004107,0.366424
8943a131d17ffff,Families,2,5.734301,0.003213,0.286715
8943a131d17ffff,Families,4,6.831905,0.003828,0.341595
8943a131d17ffff,Families,6,6.984811,0.003873,0.349241
8943a131d17ffff,Families,8,5.051573,0.002801,0.252579
8943a131d17ffff,Families,10,2.559355,0.000925,0.127968
8943a131d17ffff,Families,12,2.131923,0.000771,0.106596
8943a131d17ffff,Families,14,32.283062,0.020771,1.61421
8943a131d17ffff,Families,16,34.072752,0.021922,1.703697
8943a131d17ffff,Families,18,15.934748,0.010045,0.796694
8943a131d17ffff,Families,20,14.73163,0.009286,0.736541
8943a131d17ffff,Families,22,18.953088,0.011948,0.947603
8943a131d17ffff,HNWI,0,18.490541,0.011529,0.924527
8943a131d17ffff,HNWI,2,17.582485,0.010963,0.879124
8943a131d17ffff,HNWI,4,13.792105,0.0086,0.689605
8943a131d17ffff,HNWI,6,31.18514,0.020115,1.559308
8943a131d17ffff,HNWI,8,25.181084,0.016242,1.259095
8943a131d17ffff,HNWI,10,6.942966,0.003918,0.347148
8943a131d17ffff,HNWI,12,7.546611,0.004258,0.377331
8943a131d17ffff,HNWI,14,31.108167,0.020006,1.555408
8943a131d17ffff,HNWI,16,22.831807,0.014683,1.14159
8943a131d17ffff,HNWI,18,24.441598,0.015703,1.222124
8943a131d17ffff,HNWI,20,29.094808,0.018693,1.454793
8943a131d17ffff,HNWI,22,32.915536,0.021147,1.645837
8943a131d17ffff,Potential Car Buyers,0,21.572772,0.01362,1.078639
8943a131d17ffff,Potential Car Buyers,2,16.270277,0.010272,0.813514
8943a131d17ffff,Potential Car Buyers,4,18.625391,0.011759,0.93127
8943a131d17ffff,Potential Car Buyers,6,8.986508,0.005326,0.449375
8943a131d17ffff,Potential Car Buyers,8,10.150788,0.006016,0.507596
8943a131d17ffff,Potential Car Buyers,10,25.58382,0.016496,1.279149
8943a131d17ffff,Potential Car Buyers,12,28.479402,0.018363,1.423923
8943a131d17ffff,Potential Car Buyers,14,1.808803,0.000486,0.09044
8943a131d17ffff,Potential Car Buyers,16,1.809355,0.000486,0.090468
8943a131d17ffff,Potential Car Buyers,18,36.490192,0.023542,1.824569
8943a131d17ffff,Potential Car Buyers,20,36.712938,0.023685,1.835706
8943a131d17ffff,Potential Car Buyers,22,26.305422,0.016971,1.315314
8943a131d23ffff,Families,0,23.582828,0.015118,1.179141
8943a131d23ffff,Families,2,29.442946,0.018874,1.472147
8943a131d23ffff,Families,4,21.180903,0.013578,1.059045
8943a131d23ffff,Families,6,12.496872,0.007593,0.624899
8943a131d23ffff,Families,8,9.632796,0.005853,0.481683
8943a131d23ffff,Families,10,1.565895,0.000498,0.078336
8943a131d23ffff,Families,12,1.579068,0.000502,0.078995
8943a131d23ffff,Families,14,8.684866,0.005133,0.434243
8943a131d23ffff,Families,16,7.512187,0.004439,0.375609
8943a131d23ffff,Families,18,7.204504,0.004208,0.360181
8943a131d23ffff,Families,20,8.538349,0.004987,0.426864
8943a131d23ffff,Families,22,8.631108,0.005041,0.431502
8943a131d23ffff,HNWI,0,17.335068,0.011001,0.866795
8943a131d23ffff,HNWI,2,23.953346,0.015201,1.197725
8943a131d23ffff,HNWI,4,17.033237,0.01081,0.851703
8943a131d23ffff,HNWI,6,17.775597,0.011272,0.888823
8943a131d23ffff,HNWI,8,19.653082,0.012462,0.982702
8943a131d23ffff,HNWI,10,9.867835,0.005986,0.493347
8943a131d23ffff,HNWI,12,11.199512,0.006793,0.559925
8943a131d23ffff,HNWI,14,4.040747,0.001944,0.201981
8943a131d23ffff,HNWI,16,3.76845,0.001813,0.18837
8943a131d23ffff,HNWI,18,2.296414,0.000995,0.114821
8943a131d23ffff,HNWI,20,2.736101,0.001186,0.136805
8943a131d23ffff,HNWI,22,3.22151,0.001396,0.161075
8943a131d23ffff,Potential Car Buyers,0,28.323962,0.018104,1.416257
8943a131d23ffff,Potential Car Buyers,2,21.282295,0.013603,1.064159
8943a131d23ffff,Potential Car Buyers,4,28.359776,0.018126,1.418047
8943a131d23ffff,Potential Car Buyers,6,9.649677,0.005697,0.482484
8943a131d23ffff,Potential Car Buyers,8,7.962904,0.004701,0.398145
8943a131d23ffff,Potential Car Buyers,10,30.435217,0.019618,1.521761
8943a131d23ffff,Potential Car Buyers,12,24.301954,0.015664,1.215098
8943a131d23ffff,Potential Car Buyers,14,1.603058,0.000306,0.080096
8943a131d23ffff,Potential Car Buyers,16,1.600428,0.000305,0.079964
8943a131d23ffff,Potential Car Buyers,18,5.086612,0.002852,0.254331
8943a131d23ffff,Potential Car Buyers,20,7.357083,0.004125,0.367854
8943a131d23ffff,Potential Car Buyers,22,7.26326,0.004072,0.363163
8943a132a43ffff,Families,0,17.85511,0.011338,0.892798
8943a132a43ffff,Families,2,24.605709,0.015624,1.230344
8943a132a43ffff,Families,4,18.926257,0.012018,0.946358
8943a132a43ffff,Families,6,26.512898,0.0171,1.325645
8943a132a43ffff,Families,8,33.061717,0.021324,1.653086
8943a132a43ffff,Families,10,6.558782,0.003697,0.327888
8943a132a43ffff,Families,12,6.839405,0.003855,0.341917
8943a132a43ffff,Families,14,3.345584,0.001648,0.167235
8943a132a43ffff,Families,16,3.082408,0.001518,0.15408
8943a132a43ffff,Families,18,2.934125,0.001324,0.146706
8943a132a43ffff,Families,20,3.287855,0.001483,0.164393
8943a132a43ffff,Families,22,3.207567,0.001447,0.160378
8943a132a43ffff,HNWI,0,19.940811,0.012696,0.997085
8943a132a43ffff,HNWI,2,22.453493,0.014295,1.122725
8943a132a43ffff,HNWI,4,21.322741,0.013575,1.066185
8943a132a43ffff,HNWI,6,18.852732,0.011994,0.94268
8943a132a43ffff,HNWI,8,21.335914,0.013574,1.066845
8943a132a43ffff,HNWI,10,17.104313,0.010774,0.855263
8943a132a43ffff,HNWI,12,20.324817,0.012803,1.016297
8943a132a43ffff,HNWI,14,19.069502,0.012058,0.953475
8943a132a43ffff,HNWI,16,17.070274,0.010794,0.853514
8943a132a43ffff,HNWI,18,3.92366,0.002004,0.196183
8943a132a43ffff,HNWI,20,5.118748,0.002615,0.255937
8943a132a43ffff,HNWI,22,4.060556,0.002074,0.203028
8943a132a43ffff,Potential Car Buyers,0,6.128784,0.003345,0.306439
8943a132a43ffff,Potential Car Buyers,2,6.098225,0.003328,0.304911
8943a132a43ffff,Potential Car Buyers,4,6.190231,0.003378,0.309512
8943a132a43ffff,Potential Car Buyers,6,6.044222,0.003252,0.302211
8943a132a43ffff,Potential Car Buyers,8,4.824291,0.002596,0.241215
8943a132a43ffff,Potential Car Buyers,10,1.188642,0.000238,0.059432
8943a132a43ffff,Potential Car Buyers,12,1.301539,0.00026,0.065077
8943a132a43ffff,Potential Car Buyers,14,19.882485,0.012533,0.994124
8943a132a43ffff,Potential Car Buyers,16,16.37199,0.01032,0.818599
8943a132a43ffff,Potential Car Buyers,18,20.78801,0.013072,1.039341
8943a132a43ffff,Potential Car Buyers,20,20.839364,0.013104,1.041909
8943a132a43ffff,Potential Car Buyers,22,15.878071,0.009984,0.793858
8943a134523ffff,Families,0,16.714532,0.010485,0.835776
8943a134523ffff,Families,2,19.466171,0.012211,0.973366
8943a134523ffff,Families,4,20.215481,0.012681,1.010834
8943a134523ffff,Families,6,6.680235,0.003823,0.334012
8943a134523ffff,Families,8,7.892139,0.004516,0.394607
8943a134523ffff,Families,10,10.259682,0.006307,0.513024
8943a134523ffff,Families,12,11.162934,0.006862,0.55819
8943a134523ffff,Families,14,26.904908,0.017334,1.345291
8943a134523ffff,Families,16,31.245071,0.02013,1.562306
8943a134523ffff,Families,18,29.716136,0.019128,1.485807
8943a134523ffff,Families,20,24.590026,0.015829,1.229501
8943a134523ffff,Families,22,26.587023,0.017114,1.329351
8943a134523ffff,HNWI,0,26.404114,0.016987,1.320252
8943a134523ffff,HNWI,2,33.262725,0.0214,1.663195
8943a134523ffff,HNWI,4,31.584044,0.02032,1.579258
8943a134523ffff,HNWI,6,32.286487,0.020763,1.614267
8943a134523ffff,HNWI,8,26.747661,0.017201,1.337336
8943a134523ffff,HNWI,10,21.579332,0.013624,1.078909
8943a134523ffff,HNWI,12,15.111622,0.009541,0.755541
8943a134523ffff,HNWI,14,29.261017,0.018751,1.463051
8943a134523ffff,HNWI,16,24.195264,0.015504,1.209763
8943a134523ffff,HNWI,18,8.684072,0.005246,0.434204
8943a134523ffff,HNWI,20,9.540319,0.005763,0.477016
8943a134523ffff,HNWI,22,9.552224,0.00577,0.477611
8943a134523ffff,Potential Car Buyers,0,21.37703,0.013539,1.068852
8943a134523ffff,Potential Car Buyers,2,17.303142,0.010959,0.865157
8943a134523ffff,Potential Car Buyers,4,18.782268,0.011895,0.939113
8943a134523ffff,Potential Car Buyers,6,8.095118,0.004864,0.404796
8943a134523ffff,Potential Car Buyers,8,9.7625,0.005866,0.488173
8943a134523ffff,Potential Car Buyers,10,13.948885,0.008715,0.697444
8943a134523ffff,Potential Car Buyers,12,18.556135,0.011593,0.927807
8943a134523ffff,Potential Car Buyers,14,3.179686,0.001361,0.158984
8943a134523ffff,Potential Car Buyers,16,2.973597,0.001272,0.14868
8943a134523ffff,Potential Car Buyers,18,1.911097,0.000654,0.095601
8943a134523ffff,Potential Car Buyers,20,1.952731,0.000669,0.097684
8943a134523ffff,Potential Car Buyers,22,2.274765,0.000779,0.113794
8943a134c3bffff,Families,0,3.485125,0.001571,0.1742
8943a134c3bffff,Families,2,2.604172,0.001174,0.130166
8943a134c3bffff,Families,4,2.92674,0.00132,0.14629
8943a134c3bffff,Families,6,20.851622,0.013146,1.042581
8943a134c3bffff,Families,8,14.977102,0.009442,0.748855
8943a134c3bffff,Families,10,12.833727,0.007972,0.641686
8943a134c3bffff,Families,12,13.900107,0.008634,0.695005
8943a134c3bffff,Families,14,13.983021,0.008737,0.699195
8943a134c3bffff,Families,16,17.495075,0.010931,0.874809
8943a134c3bffff,Families,18,15.374987,0.009575,0.768749
8943a134c3bffff,Families,20,12.145388,0.007564,0.607269
8943a134c3bffff,Families,22,13.805155,0.008598,0.690258
8943a134c3bffff,HNWI,0,32.923213,0.021163,1.646161
8943a134c3bffff,HNWI,2,31.40905,0.020189,1.570453
8943a134c3bffff,HNWI,4,26.636273,0.017122,1.331814
8943a134c3bffff,HNWI,6,16.702325,0.010518,0.835163
8943a134c3bffff,HNWI,8,15.35712,0.009671,0.767899
8943a134c3bffff,HNWI,10,21.835786,0.013946,1.091789
8943a134c3bffff,HNWI,12,21.780332,0.013911,1.089017
8943a134c3bffff,HNWI,14,11.337118,0.006853,0.566856
8943a134c3bffff,HNWI,16,10.033383,0.006064,0.501669
8943a134c3bffff,HNWI,18,9.31732,0.005589,0.465913
8943a134c3bffff,HNWI,20,11.467402,0.006879,0.573428
8943a134c3bffff,HNWI,22,8.011533,0.004806,0.400617
8943a134c3bffff,Potential Car Buyers,0,23.990296,0.015424,1.199515
8943a134c3bffff,Potential Car Buyers,2,27.2419,0.017515,1.362095
8943a134c3bffff,Potential Car Buyers,4,24.890356,0.016003,1.244518
8943a134c3bffff,Potential Car Buyers,6,12.48318,0.007699,0.624206
8943a134c3bffff,Potential Car Buyers,8,15.337008,0.00946,0.766908
8943a134c3bffff,Potential Car Buyers,10,16.044778,0.009906,0.802239
8943a134c3bffff,Potential Car Buyers,12,15.235888,0.009406,0.761794
8943a134c3bffff,Potential Car Buyers,14,9.849302,0.005963,0.492465
8943a134c3bffff,Potential Car Buyers,16,9.030157,0.005467,0.451508
8943a134c3bffff,Potential Car Buyers,18,12.134846,0.007292,0.606802
8943a134c3bffff,Potential Car Buyers,20,9.097564,0.005467,0.454923
8943a134c3bffff,Potential Car Buyers,22,8.424897,0.005063,0.421286
8943a134cd3ffff,Families,0,10.690231,0.006554,0.534512
8943a134cd3ffff,Families,2,10.185319,0.006244,0.509266
8943a134cd3ffff,Families,4,12.021462,0.00737,0.601073
8943a134cd3ffff,Families,6,12.138506,0.007424,0.606925
8943a134cd3ffff,Families,8,11.442133,0.006998,0.572107
8943a134cd3ffff,Families,10,3.109047,0.001314,0.155452
8943a134cd3ffff,Families,12,2.345698,0.000991,0.117285
8943a134cd3ffff,Families,14,8.555955,0.005111,0.427842
8943a134cd3ffff,Families,16,10.950264,0.006542,0.54757
8943a134cd3ffff,Families,18,27.722752,0.017729,1.386081
8943a134cd3ffff,Families,20,29.218782,0.018685,1.460879
8943a134cd3ffff,Families,22,29.401589,0.018802,1.470019
8943a134cd3ffff,HNWI,0,23.379532,0.01503,1.168935
8943a134cd3ffff,HNWI,2,26.435399,0.016995,1.321723
8943a134cd3ffff,HNWI,4,32.583224,0.020947,1.629103
8943a134cd3ffff,HNWI,6,16.038471,0.010103,0.801924
8943a134cd3ffff,HNWI,8,15.904897,0.010019,0.795245
8943a134cd3ffff,HNWI,10,19.385913,0.012384,0.969255
8943a134cd3ffff,HNWI,12,20.81101,0.013294,1.040507
8943a134cd3ffff,HNWI,14,11.692172,0.007074,0.584663
8943a134cd3ffff,HNWI,16,10.703566,0.006476,0.535228
8943a134cd3ffff,HNWI,18,9.041324,0.005429,0.452066
8943a134cd3ffff,HNWI,20,8.048302,0.004833,0.402415
8943a134cd3ffff,HNWI,22,11.069622,0.006647,0.553481
8943a134cd3ffff,Potential Car Buyers,0,1.604597,0.000467,0.080275
8943a134cd3ffff,Potential Car Buyers,2,1.756938,0.000511,0.087897
8943a134cd3ffff,Potential Car Buyers,4,1.536785,0.000447,0.076883
8943a134cd3ffff,Potential Car Buyers,6,1.557245,0.000319,0.077916
8943a134cd3ffff,Potential Car Buyers,8,1.201059,0.000246,0.060095
8943a134cd3ffff,Potential Car Buyers,10,23.597163,0.015164,1.179901
8943a134cd3ffff,Potential Car Buyers,12,29.388735,0.018886,1.46949
8943a134cd3ffff,Potential Car Buyers,14,26.619889,0.017012,1.330994
8943a134cd3ffff,Potential Car Buyers,16,20.755851,0.013264,1.037793
8943a134cd3ffff,Potential Car Buyers,18,11.791238,0.007294,0.589562
8943a134cd3ffff,Potential Car Buyers,20,13.270493,0.008209,0.663525
8943a134cd3ffff,Potential Car Buyers,22,15.7838,0.009764,0.78919
8943a13636fffff,Families,0,8.596105,0.005168,0.429847
8943a13636fffff,Families,2,9.442322,0.005677,0.472163
8943a13636fffff,Families,4,10.144434,0.006099,0.507272
8943a13636fffff,Families,6,8.482797,0.005082,0.424183
8943a13636fffff,Families,8,9.534161,0.005712,0.476756
8943a13636fffff,Families,10,6.026824,0.00336,0.301391
8943a13636fffff,Families,12,7.128551,0.003974,0.356486
8943a13636fffff,Families,14,23.625767,0.015067,1.18134
8943a13636fffff,Families,16,23.107505,0.014736,1.155426
8943a13636fffff,Families,18,21.363674,0.013604,1.068184
8943a13636fffff,Families,20,21.492993,0.013686,1.07465
8943a13636fffff,Families,22,24.053998,0.015317,1.2027
8943a13636fffff,HNWI,0,1.484364,0.000257,0.074218
8943a13636fffff,HNWI,2,1.127319,0.000195,0.056366
8943a13636fffff,HNWI,4,1.083779,0.000187,0.054189
8943a13636fffff,HNWI,6,18.869994,0.011996,0.943544
8943a13636fffff,HNWI,8,25.512406,0.016218,1.27568
8943a13636fffff,HNWI,10,6.692458,0.00385,0.334577
8943a13636fffff,HNWI,12,7.453478,0.004287,0.372623
8943a13636fffff,HNWI,14,11.493803,0.007122,0.57469
8943a13636fffff,HNWI,16,15.58125,0.009655,0.779062
8943a13636fffff,HNWI,18,14.302019,0.008826,0.715154
8943a13636fffff,HNWI,20,10.805913,0.006668,0.540336
8943a13636fffff,HNWI,22,14.17807,0.008749,0.708956
8943a13636fffff,Potential Car Buyers,0,29.456998,0.018861,1.472908
8943a13636fffff,Potential Car Buyers,2,29.580971,0.018941,1.479107
8943a13636fffff,Potential Car Buyers,4,29.372162,0.018807,1.468666
8943a13636fffff,Potential Car Buyers,6,22.994506,0.014715,1.149771
8943a13636fffff,Potential Car Buyers,8,21.643148,0.013851,1.082201
8943a13636fffff,Potential Car Buyers,10,17.043911,0.010633,0.852141
8943a13636fffff,Potential Car Buyers,12,17.74364,0.01107,0.887125
8943a13636fffff,Potential Car Buyers,14,18.559913,0.011671,0.927996
8943a13636fffff,Potential Car Buyers,16,21.011783,0.013213,1.050589
8943a13636fffff,Potential Car Buyers,18,7.770533,0.004475,0.388527
8943a13636fffff,Potential Car Buyers,20,6.022108,0.003468,0.301105
8943a13636fffff,Potential Car Buyers,22,6.012652,0.003462,0.300633
8943a136807ffff,Families,0,25.668965,0.016376,1.283448
8943a136807ffff,Families,2,19.836606,0.012655,0.99183
8943a136807ffff,Families,4,27.321146,0.01743,1.366057
8943a136807ffff,Families,6,20.309486,0.012948,1.015474
8943a136807ffff,Families,8,21.903413,0.013964,1.095171
8943a136807ffff,Families,10,17.580526,0.011108,0.879026
8943a136807ffff,Families,12,18.808784,0.011884,0.940439
8943a136807ffff,Families,14,12.443082,0.007762,0.622194
8943a136807ffff,Families,16,13.16071,0.008209,0.658078
8943a136807ffff,Families,18,5.230317,0.002825,0.261466
8943a136807ffff,Families,20,5.334998,0.002882,0.266699
8943a136807ffff,Families,22,5.054533,0.00273,0.252679
8943a136807ffff,HNWI,0,20.962332,0.013399,1.048117
8943a136807ffff,HNWI,2,24.353098,0.015567,1.217655
8943a136807ffff,HNWI,4,26.904052,0.017197,1.345203
8943a136807ffff,HNWI,6,13.402922,0.008315,0.670193
8943a136807ffff,HNWI,8,16.802035,0.010424,0.84016
8943a136807ffff,HNWI,10,22.589931,0.014314,1.129497
8943a136807ffff,HNWI,12,18.096383,0.011467,0.904819
8943a136807ffff,HNWI,14,7.719616,0.004419,0.385981
8943a136807ffff,HNWI,16,6.437732,0.003685,0.321887
8943a136807ffff,HNWI,18,6.032532,0.003387,0.301579
8943a136807ffff,HNWI,20,6.981345,0.003919,0.349012
8943a136807ffff,HNWI,22,6.888684,0.003867,0.34438
8943a136807ffff,Potential Car Buyers,0,28.410449,0.018257,1.420522
8943a136807ffff,Potential Car Buyers,2,29.817469,0.019161,1.490873
8943a136807ffff,Potential Car Buyers,4,28.11106,0.018064,1.405553
8943a136807ffff,Potential Car Buyers,6,18.892629,0.011889,0.944684
8943a136807ffff,Potential Car Buyers,8,17.903362,0.011267,0.895218
8943a136807ffff,Potential Car Buyers,10,11.349189,0.007029,0.5675
8943a136807ffff,Potential Car Buyers,12,15.797386,0.009784,0.789925
8943a136807ffff,Potential Car Buyers,14,10.192392,0.006148,0.50962
8943a136807ffff,Potential Car Buyers,16,11.615342,0.007006,0.580767
8943a136807ffff,Potential Car Buyers,18,10.495781,0.006281,0.524735
8943a136807ffff,Potential Car Buyers,20,8.298881,0.004966,0.414902
8943a136807ffff,Potential Car Buyers,22,9.628722,0.005762,0.481387
8943a13682fffff,Families,0,25.743563,0.016587,1.287221
8943a13682fffff,Families,2,31.548743,0.020327,1.57749
8943a13682fffff,Families,4,27.673861,0.01783,1.38374
8943a13682fffff,Families,6,16.983202,0.010754,0.84916
8943a13682fffff,Families,8,18.937971,0.011992,0.946899
8943a13682fffff,Families,10,10.759336,0.00654,0.537967
8943a13682fffff,Families,12,11.119043,0.006758,0.555952
8943a13682fffff,Families,14,14.753827,0.009055,0.73775
8943a13682fffff,Families,16,11.815714,0.007252,0.590833
8943a13682fffff,Families,18,11.902039,0.007266,0.595102
8943a13682fffff,Families,20,10.249725,0.006257,0.512486
8943a13682fffff,Families,22,10.161028,0.006203,0.508051
8943a13682fffff,HNWI,0,18.354979,0.011545,0.917749
8943a13682fffff,HNWI,2,19.057344,0.011987,0.952867
8943a13682fffff,HNWI,4,17.916134,0.011269,0.895807
8943a13682fffff,HNWI,6,2.381346,0.001054,0.119107
8943a13682fffff,HNWI,8,2.756524,0.00122,0.137873
8943a13682fffff,HNWI,10,20.456329,0.013061,1.02286
8943a13682fffff,HNWI,12,23.334015,0.014898,1.16675
8943a13682fffff,HNWI,14,28.687126,0.018498,1.434356
8943a13682fffff,HNWI,16,29.447852,0.018989,1.472393
8943a13682fffff,HNWI,18,25.514913,0.016439,1.275788
8943a13682fffff,HNWI,20,33.55144,0.021617,1.677628
8943a13682fffff,HNWI,22,32.699555,0.021068,1.635033
8943a13682fffff,Potential Car Buyers,0,24.94528,0.015959,1.247264
8943a13682fffff,Potential Car Buyers,2,25.076317,0.016042,1.253816
8943a13682fffff,Potential Car Buyers,4,26.985752,0.017264,1.349288
8943a13682fffff,Potential Car Buyers,6,10.357405,0.006217,0.517922
8943a13682fffff,Potential Car Buyers,8,9.619459,0.005774,0.481021
8943a13682fffff,Potential Car Buyers,10,12.981627,0.008107,0.649081
8943a13682fffff,Potential Car Buyers,12,13.06345,0.008158,0.653172
8943a13682fffff,Potential Car Buyers,14,7.187957,0.004157,0.359398
8943a13682fffff,Potential Car Buyers,16,8.91228,0.005155,0.445614
8943a13682fffff,Potential Car Buyers,18,6.419225,0.003652,0.320914
8943a13682fffff,Potential Car Buyers,20,7.159677,0.004073,0.357931
8943a13682fffff,Potential Car Buyers,22,5.566014,0.003166,0.27826
8943a13684fffff,Families,0,29.239357,0.018847,1.461968
8943a13684fffff,Families,2,24.966923,0.016093,1.248346
8943a13684fffff,Families,4,35.225586,0.022705,1.761279
8943a13684fffff,Families,6,16.806464,0.010626,0.840323
8943a13684fffff,Families,8,16.051974,0.010149,0.802599
8943a13684fffff,Families,10,13.009167,0.008117,0.650458
8943a13684fffff,Families,12,18.455071,0.011515,0.922754
8943a13684fffff,Families,14,15.151802,0.009503,0.757545
8943a13684fffff,Families,16,17.984622,0.011279,0.899178
8943a13684fffff,Families,18,10.283738,0.006295,0.514229
8943a13684fffff,Families,20,12.403201,0.007593,0.620211
8943a13684fffff,Families,22,13.766681,0.008427,0.68839
8943a13684fffff,HNWI,0,10.57164,0.006291,0.528582
8943a13684fffff,HNWI,2,8.501998,0.005059,0.4251
8943a13684fffff,HNWI,4,9.358995,0.005569,0.46795
8943a13684fffff,HNWI,6,16.554053,0.010455,0.827746
8943a13684fffff,HNWI,8,17.385144,0.01098,0.869303
8943a13684fffff,HNWI,10,20.482697,0.013104,1.024135
8943a13684fffff,HNWI,12,29.617913,0.018949,1.480896
8943a13684fffff,HNWI,14,13.564328,0.008268,0.678216
8943a13684fffff,HNWI,16,11.584294,0.007061,0.579215
8943a13684fffff,HNWI,18,21.498509,0.013663,1.074976
8943a13684fffff,HNWI,20,18.348741,0.011661,0.91748
8943a13684fffff,HNWI,22,19.398877,0.012329,0.969989
8943a13684fffff,Potential Car Buyers,0,18.521522,0.011805,0.926117
8943a13684fffff,Potential Car Buyers,2,27.220161,0.01735,1.361068
8943a13684fffff,Potential Car Buyers,4,19.979063,0.012734,0.998997
8943a13684fffff,Potential Car Buyers,6,26.363291,0.016792,1.318223
8943a13684fffff,Potential Car Buyers,8,19.088612,0.012159,0.954473
8943a13684fffff,Potential Car Buyers,10,20.962623,0.013227,1.048187
8943a13684fffff,Potential Car Buyers,12,16.509302,0.010417,0.825509
8943a13684fffff,Potential Car Buyers,14,17.713998,0.011027,0.8857
8943a13684fffff,Potential Car Buyers,16,12.149748,0.007563,0.607487
8943a13684fffff,Potential Car Buyers,18,5.559398,0.002938,0.27797
8943a13684fffff,Potential Car Buyers,20,5.186784,0.002741,0.259339
8943a13684fffff,Potential Car Buyers,22,4.983982,0.002634,0.249199
8943a1368b7ffff,Families,0,23.75318,0.015187,1.187659
8943a1368b7ffff,Families,2,26.114183,0.016697,1.305709
8943a1368b7ffff,Families,4,24.722847,0.015807,1.236142
8943a1368b7ffff,Families,6,24.695778,0.015781,1.234789
8943a1368b7ffff,Families,8,21.57329,0.013785,1.078664
8943a1368b7ffff,Families,10,24.136464,0.0153,1.206823
8943a1368b7ffff,Families,12,22.735009,0.014411,1.13675
8943a1368b7ffff,Families,14,19.273481,0.012082,0.963732
8943a1368b7ffff,Families,16,17.602588,0.011035,0.880182
8943a1368b7ffff,Families,18,7.328601,0.004132,0.366373
8943a1368b7ffff,Families,20,6.265809,0.003532,0.313242
8943a1368b7ffff,Families,22,7.558962,0.004261,0.37789
8943a1368b7ffff,HNWI,0,16.733393,0.01044,0.836723
8943a1368b7ffff,HNWI,2,13.878784,0.008659,0.693984
8943a1368b7ffff,HNWI,4,17.094362,0.010665,0.854773
8943a1368b7ffff,HNWI,6,5.06441,0.002785,0.253221
8943a1368b7ffff,HNWI,8,6.174637,0.003396,0.308732
8943a1368b7ffff,HNWI,10,10.690622,0.006507,0.534578
8943a1368b7ffff,HNWI,12,10.752953,0.006545,0.537694
8943a1368b7ffff,HNWI,14,30.970745,0.019921,1.548483
8943a1368b7ffff,HNWI,16,30.108713,0.019366,1.505383
8943a1368b7ffff,HNWI,18,26.436831,0.016988,1.321842
8943a1368b7ffff,HNWI,20,22.382043,0.014382,1.119102
8943a1368b7ffff,HNWI,22,28.007336,0.017997,1.400367
8943a1368b7ffff,Potential Car Buyers,0,16.003083,0.010118,0.800196
8943a1368b7ffff,Potential Car Buyers,2,16.999273,0.010748,0.850008
8943a1368b7ffff,Potential Car Buyers,4,16.461509,0.010408,0.823118
8943a1368b7ffff,Potential Car Buyers,6,21.59378,0.01364,1.079746
8943a1368b7ffff,Potential Car Buyers,8,18.573816,0.011733,0.92874
8943a1368b7ffff,Potential Car Buyers,10,9.948337,0.005997,0.497465
8943a1368b7ffff,Potential Car Buyers,12,9.893616,0.005964,0.494728
8943a1368b7ffff,Potential Car Buyers,14,10.871105,0.006628,0.543555
8943a1368b7ffff,Potential Car Buyers,16,12.522834,0.007636,0.626142
8943a1368b7ffff,Potential Car Buyers,18,11.084868,0.006716,0.554193
8943a1368b7ffff,Potential Car Buyers,20,9.055522,0.005487,0.452735
8943a1368b7ffff,Potential Car Buyers,22,12.483639,0.007564,0.624125
8943a1368d7ffff,Families,0,12.720939,0.007709,0.636105
8943a1368d7ffff,Families,2,9.902336,0.006001,0.495162
8943a1368d7ffff,Families,4,13.163254,0.007978,0.658223
8943a1368d7ffff,Families,6,1.284406,9.7e-05,0.06422
8943a1368d7ffff,Families,8,1.063935,8e-05,0.053197
8943a1368d7ffff,Families,10,17.11376,0.010736,0.855688
8943a1368d7ffff,Families,12,19.095677,0.011979,0.954784
8943a1368d7ffff,Families,14,24.947585,0.015934,1.247432
8943a1368d7ffff,Families,16,24.731984,0.015796,1.236651
8943a1368d7ffff,Families,18,20.575686,0.013123,1.028784
8943a1368d7ffff,Families,20,20.559081,0.013113,1.027954
8943a1368d7ffff,Families,22,25.532863,0.016285,1.276643
8943a1368d7ffff,HNWI,0,14.272059,0.008956,0.713561
8943a1368d7ffff,HNWI,2,17.929934,0.011252,0.896444
8943a1368d7ffff,HNWI,4,17.833652,0.011191,0.89163
8943a1368d7ffff,HNWI,6,14.897801,0.009337,0.744935
8943a1368d7ffff,HNWI,8,18.087375,0.011336,0.904423
8943a1368d7ffff,HNWI,10,12.606561,0.007755,0.630377
8943a1368d7ffff,HNWI,12,12.577725,0.007738,0.628935
8943a1368d7ffff,HNWI,14,9.945104,0.005922,0.497255
8943a1368d7ffff,HNWI,16,8.742998,0.005206,0.43715
8943a1368d7ffff,HNWI,18,30.737734,0.019788,1.536887
8943a1368d7ffff,HNWI,20,30.453797,0.019606,1.52269
8943a1368d7ffff,HNWI,22,32.915562,0.021191,1.645778
8943a1368d7ffff,Potential Car Buyers,0,33.366866,0.021512,1.668343
8943a1368d7ffff,Potential Car Buyers,2,34.36587,0.022156,1.718293
8943a1368d7ffff,Potential Car Buyers,4,24.783435,0.015978,1.239172
8943a1368d7ffff,Potential Car Buyers,6,24.581261,0.015842,1.229063
8943a1368d7ffff,Potential Car Buyers,8,25.790181,0.016621,1.289509
8943a1368d7ffff,Potential Car Buyers,10,31.058471,0.019918,1.552924
8943a1368d7ffff,Potential Car Buyers,12,30.374711,0.019479,1.518736
8943a1368d7ffff,Potential Car Buyers,14,14.973119,0.009224,0.748656
8943a1368d7ffff,Potential Car Buyers,16,10.544511,0.006496,0.527226
8943a1368d7ffff,Potential Car Buyers,18,11.673146,0.007156,0.583704
8943a1368d7ffff,Potential Car Buyers,20,14.808652,0.009078,0.740492
8943a1368d7ffff,Potential Car Buyers,22,12.126695,0.007434,0.606384
8943a1369c7ffff,Families,0,12.175683,0.007497,0.608784
8943a1369c7ffff,Families,2,12.567793,0.007738,0.62839
8943a1369c7ffff,Families,4,11.198085,0.006895,0.559904
8943a1369c7ffff,Families,6,13.927071,0.008557,0.696354
8943a1369c7ffff,Families,8,14.826232,0.009109,0.741312
8943a1369c7ffff,Families,10,3.969321,0.001862,0.198466
8943a1369c7ffff,Families,12,2.785372,0.001307,0.139269
8943a1369c7ffff,Families,14,21.832502,0.013993,1.091625
8943a1369c7ffff,Families,16,26.987161,0.017297,1.349358
8943a1369c7ffff,Families,18,28.656012,0.018345,1.432744
8943a1369c7ffff,Families,20,20.556667,0.01316,1.027792
8943a1369c7ffff,Families,22,20.377871,0.013046,1.018853
8943a1369c7ffff,HNWI,0,23.544473,0.015078,1.17727
8943a1369c7ffff,HNWI,2,21.671923,0.013879,1.083639
8943a1369c7ffff,HNWI,4,20.879836,0.013372,1.044033
8943a1369c7ffff,HNWI,6,11.006663,0.00665,0.550333
8943a1369c7ffff,HNWI,8,9.208641,0.005564,0.460432
8943a1369c7ffff,HNWI,10,15.648585,0.009799,0.782382
8943a1369c7ffff,HNWI,12,17.594982,0.011017,0.879696
8943a1369c7ffff,HNWI,14,7.93224,0.004643,0.396563
8943a1369c7ffff,HNWI,16,8.955841,0.005242,0.447737
8943a1369c7ffff,HNWI,18,8.361845,0.004827,0.418092
8943a1369c7ffff,HNWI,20,8.515192,0.004915,0.42576
8943a1369c7ffff,HNWI,22,7.512857,0.004337,0.375643
8943a1369c7ffff,Potential Car Buyers,0,2.398064,0.000937,0.119953
8943a1369c7ffff,Potential Car Buyers,2,2.688661,0.001051,0.134489
8943a1369c7ffff,Potential Car Buyers,4,2.82181,0.001103,0.141149
8943a1369c7ffff,Potential Car Buyers,6,2.074001,0.00072,0.10375
8943a1369c7ffff,Potential Car Buyers,8,2.334043,0.00081,0.116758
8943a1369c7ffff,Potential Car Buyers,10,25.261986,0.016248,1.263055
8943a1369c7ffff,Potential Car Buyers,12,33.992517,0.021863,1.699566
8943a1369c7ffff,Potential Car Buyers,14,22.841258,0.014613,1.142063
8943a1369c7ffff,Potential Car Buyers,16,23.601949,0.0151,1.180097
8943a1369c7ffff,Potential Car Buyers,18,14.876787,0.009235,0.743839
8943a1369c7ffff,Potential Car Buyers,20,16.284154,0.010108,0.814208
8943a1369c7ffff,Potential Car Buyers,22,13.958447,0.008665,0.697922
8943a136a4bffff,Families,0,1.268504,0.000234,0.063471
8943a136a4bffff,Families,2,1.450713,0.000268,0.072588
8943a136a4bffff,Families,4,1.324213,0.000245,0.066259
8943a136a4bffff,Families,6,1.01638,3.4e-05,0.050771
8943a136a4bffff,Families,8,1.161145,3.9e-05,0.058002
8943a136a4bffff,Families,10,25.14489,0.016018,1.257189
8943a136a4bffff,Families,12,26.462881,0.016857,1.323085
8943a136a4bffff,Families,14,15.75143,0.009762,0.787627
8943a136a4bffff,Families,16,16.664155,0.010328,0.833266
8943a136a4bffff,Families,18,13.594331,0.008391,0.679717
8943a136a4bffff,Families,20,11.374582,0.007021,0.568729
8943a136a4bffff,Families,22,12.164263,0.007508,0.608213
8943a136a4bffff,HNWI,0,18.664261,0.011892,0.933213
8943a136a4bffff,HNWI,2,23.036642,0.014678,1.151832
8943a136a4bffff,HNWI,4,19.889962,0.012673,0.994498
8943a136a4bffff,HNWI,6,12.185819,0.007485,0.609339
8943a136a4bffff,HNWI,8,13.02344,0.008,0.651223
8943a136a4bffff,HNWI,10,31.278606,0.020121,1.563985
8943a136a4bffff,HNWI,12,27.308931,0.017568,1.365494
8943a136a4bffff,HNWI,14,4.784284,0.002596,0.239214
8943a136a4bffff,HNWI,16,5.995627,0.003254,0.299781
8943a136a4bffff,HNWI,18,4.76101,0.00249,0.238102
8943a136a4bffff,HNWI,20,3.989059,0.002086,0.199496
8943a136a4bffff,HNWI,22,5.104269,0.002669,0.255269
8943a136a4bffff,Potential Car Buyers,0,28.377365,0.01828,1.418868
8943a136a4bffff,Potential Car Buyers,2,26.758136,0.017237,1.337907
8943a136a4bffff,Potential Car Buyers,4,29.359856,0.018913,1.467993
8943a136a4bffff,Potential Car Buyers,6,32.644134,0.02102,1.632207
8943a136a4bffff,Potential Car Buyers,8,29.430654,0.018951,1.471533
8943a136a4bffff,Potential Car Buyers,10,23.250797,0.014894,1.16254
8943a136a4bffff,Potential Car Buyers,12,26.045201,0.016684,1.30226
8943a136a4bffff,Potential Car Buyers,14,11.057856,0.006779,0.552893
8943a136a4bffff,Potential Car Buyers,16,13.464465,0.008255,0.673223
8943a136a4bffff,Potential Car Buyers,18,11.131913,0.006787,0.556643
8943a136a4bffff,Potential Car Buyers,20,12.351268,0.00753,0.617616
8943a136a4bffff,Potential Car Buyers,22,12.358862,0.007535,0.617996
8943a136b2bffff,Families,0,12.666133,0.007842,0.633307
8943a136b2bffff,Families,2,14.394901,0.008913,0.719745
8943a136b2bffff,Families,4,14.305071,0.008857,0.715254
8943a136b2bffff,Families,6,3.383638,0.001714,0.169223
8943a136b2bffff,Families,8,3.626731,0.001837,0.18138
8943a136b2bffff,Families,10,32.064466,0.020674,1.603276
8943a136b2bffff,Families,12,35.27596,0.022745,1.763856
8943a136b2bffff,Families,14,26.191446,0.016811,1.309572
8943a136b2bffff,Families,16,24.77509,0.015902,1.238755
8943a136b2bffff,Families,18,31.248762,0.020035,1.562498
8943a136b2bffff,Families,20,25.676436,0.016463,1.283871
8943a136b2bffff,Families,22,23.368073,0.014983,1.168448
8943a136b2bffff,HNWI,0,23.938727,0.015338,1.196936
8943a136b2bffff,HNWI,2,28.521347,0.018274,1.426067
8943a136b2bffff,HNWI,4,21.925444,0.014048,1.096272
8943a136b2bffff,HNWI,6,22.489928,0.014234,1.124496
8943a136b2bffff,HNWI,8,18.588133,0.011764,0.929407
8943a136b2bffff,HNWI,10,18.232005,0.011394,0.9116
8943a136b2bffff,HNWI,12,12.854532,0.008034,0.642727
8943a136b2bffff,HNWI,14,10.688131,0.006551,0.53445
8943a136b2bffff,HNWI,16,13.03063,0.007987,0.651584
8943a136b2bffff,HNWI,18,9.235942,0.005363,0.461857
8943a136b2bffff,HNWI,20,6.590378,0.003827,0.329561
8943a136b2bffff,HNWI,22,6.621729,0.003845,0.331129
8943a136b2bffff,Potential Car Buyers,0,10.437648,0.006184,0.521941
8943a136b2bffff,Potential Car Buyers,2,8.242592,0.004884,0.412175
8943a136b2bffff,Potential Car Buyers,4,7.260239,0.004302,0.363052
8943a136b2bffff,Potential Car Buyers,6,22.647561,0.014457,1.132378
8943a136b2bffff,Potential Car Buyers,8,23.244848,0.014838,1.162242
8943a136b2bffff,Potential Car Buyers,10,25.848388,0.016645,1.292464
8943a136b2bffff,Potential Car Buyers,12,27.052423,0.01742,1.352667
8943a136b2bffff,Potential Car Buyers,14,15.364268,0.009611,0.768261
8943a136b2bffff,Potential Car Buyers,16,17.577605,0.010995,0.878935
8943a136b2bffff,Potential Car Buyers,18,20.774559,0.013193,1.038728
8943a136b2bffff,Potential Car Buyers,20,20.355505,0.012927,1.017775
8943a136b2bffff,Potential Car Buyers,22,18.273711,0.011605,0.913686
8943a136bc3ffff,Families,0,18.28016,0.011407,0.914067
8943a136bc3ffff,Families,2,15.392103,0.009605,0.769654
8943a136bc3ffff,Families,4,14.714707,0.009182,0.735783
8943a136bc3ffff,Families,6,6.769305,0.003729,0.338465
8943a136bc3ffff,Families,8,5.732554,0.003158,0.286628
8943a136bc3ffff,Families,10,9.296641,0.005661,0.464872
8943a136bc3ffff,Families,12,9.840662,0.005992,0.492076
8943a136bc3ffff,Families,14,27.238263,0.017521,1.361961
8943a136bc3ffff,Families,16,31.571003,0.020308,1.578606
8943a136bc3ffff,Families,18,29.657111,0.019058,1.482856
8943a136bc3ffff,Families,20,28.855994,0.018543,1.4428
8943a136bc3ffff,Families,22,29.55275,0.018991,1.477637
8943a136bc3ffff,HNWI,0,7.082496,0.004025,0.354125
8943a136bc3ffff,HNWI,2,5.861098,0.003331,0.293055
8943a136bc3ffff,HNWI,4,6.923896,0.003935,0.346195
8943a136bc3ffff,HNWI,6,21.234967,0.013493,1.061798
8943a136bc3ffff,HNWI,8,21.464379,0.013639,1.073269
8943a136bc3ffff,HNWI,10,13.363429,0.008209,0.668224
8943a136bc3ffff,HNWI,12,10.693639,0.006569,0.534724
8943a136bc3ffff,HNWI,14,16.265679,0.010291,0.813284
8943a136bc3ffff,HNWI,16,17.433124,0.01103,0.871656
8943a136bc3ffff,HNWI,18,19.440837,0.012274,0.97199
8943a136bc3ffff,HNWI,20,18.442759,0.011644,0.922089
8943a136bc3ffff,HNWI,22,22.047452,0.01392,1.102314
8943a136bc3ffff,Potential Car Buyers,0,14.964005,0.009442,0.7482
8943a136bc3ffff,Potential Car Buyers,2,18.885078,0.011917,0.944254
8943a136bc3ffff,Potential Car Buyers,4,18.378561,0.011597,0.918928
8943a136bc3ffff,Potential Car Buyers,6,20.183353,0.012723,1.009168
8943a136bc3ffff,Potential Car Buyers,8,14.888779,0.009385,0.744439
8943a136bc3ffff,Potential Car Buyers,10,3.703374,0.001871,0.185169
8943a136bc3ffff,Potential Car Buyers,12,3.546049,0.001792,0.177302
8943a136bc3ffff,Potential Car Buyers,14,1.539347,0.000337,0.076967
8943a136bc3ffff,Potential Car Buyers,16,1.490621,0.000326,0.074531
8943a136bc3ffff,Potential Car Buyers,18,34.233551,0.022081,1.711733
8943a136bc3ffff,Potential Car Buyers,20,33.151731,0.021384,1.65764
8943a136bc3ffff,Potential Car Buyers,22,28.791546,0.018571,1.439624
8943a136c5bffff,Families,0,8.650499,0.005199,0.432525
8943a136c5bffff,Families,2,9.942532,0.005975,0.497127
8943a136c5bffff,Families,4,11.726979,0.007048,0.586349
8943a136c5bffff,Families,6,11.114292,0.006655,0.555715
8943a136c5bffff,Families,8,8.029308,0.004808,0.401465
8943a136c5bffff,Families,10,1.263189,0.000144,0.063159
8943a136c5bffff,Families,12,1.074233,0.000122,0.053712
8943a136c5bffff,Families,14,2.77525,0.001103,0.138706
8943a136c5bffff,Families,16,2.335699,0.000928,0.116738
8943a136c5bffff,Families,18,20.9011,0.013308,1.045008
8943a136c5bffff,Families,20,19.013662,0.012106,0.95064
8943a136c5bffff,Families,22,25.467205,0.016215,1.273303
8943a136c5bffff,HNWI,0,1.200793,0.000187,0.059994
8943a136c5bffff,HNWI,2,1.431163,0.000223,0.071503
8943a136c5bffff,HNWI,4,1.249577,0.000195,0.062431
8943a136c5bffff,HNWI,6,29.024489,0.018726,1.451271
8943a136c5bffff,HNWI,8,34.896969,0.022515,1.744905
8943a136c5bffff,HNWI,10,23.416952,0.015039,1.170891
8943a136c5bffff,HNWI,12,25.091167,0.016114,1.254604
8943a136c5bffff,HNWI,14,16.30448,0.010101,0.815282
8943a136c5bffff,HNWI,16,14.113917,0.008744,0.705746
8943a136c5bffff,HNWI,18,13.481302,0.008317,0.674065
8943a136c5bffff,HNWI,20,13.106817,0.008086,0.655341
8943a136c5bffff,HNWI,22,14.201093,0.008761,0.710055
8943a136c5bffff,Potential Car Buyers,0,12.026704,0.00747,0.601335
8943a136c5bffff,Potential Car Buyers,2,11.959745,0.007429,0.597987
8943a136c5bffff,Potential Car Buyers,4,14.782136,0.009182,0.739107
8943a136c5bffff,Potential Car Buyers,6,5.501145,0.002899,0.275115
8943a136c5bffff,Potential Car Buyers,8,4.925628,0.002596,0.246333
8943a136c5bffff,Potential Car Buyers,10,28.573841,0.018322,1.428747
8943a136c5bffff,Potential Car Buyers,12,21.502471,0.013788,1.075165
8943a136c5bffff,Potential Car Buyers,14,24.344786,0.015639,1.217239
8943a136c5bffff,Potential Car Buyers,16,28.907941,0.018571,1.445397
8943a136c5bffff,Potential Car Buyers,18,29.312091,0.018811,1.465659
8943a136c5bffff,Potential Car Buyers,20,29.754793,0.019095,1.487795
8943a136c5bffff,Potential Car Buyers,22,25.538705,0.016389,1.276983
8943a136c8bffff,Families,0,6.184369,0.003503,0.309218
8943a136c8bffff,Families,2,5.975552,0.003385,0.298778
8943a136c8bffff,Families,4,5.573734,0.003158,0.278687
8943a136c8bffff,Families,6,7.156028,0.004016,0.357801
8943a136c8bffff,Families,8,6.112688,0.003431,0.305634
8943a136c8bffff,Families,10,21.024306,0.013383,1.051215
8943a136c8bffff,Families,12,23.982659,0.015266,1.199133
8943a136c8bffff,Families,14,19.811343,0.01253,0.990567
8943a136c8bffff,Families,16,15.983362,0.010109,0.799168
8943a136c8bffff,Families,18,21.958718,0.013859,1.097995
8943a136c8bffff,Families,20,17.199251,0.010855,0.860008
8943a136c8bffff,Families,22,15.420186,0.009732,0.77105
8943a136c8bffff,HNWI,0,1.247704,0.000255,0.062429
8943a136c8bffff,HNWI,2,1.510254,0.000309,0.075565
8943a136c8bffff,HNWI,4,1.407785,0.000288,0.070438
8943a136c8bffff,HNWI,6,1.282061,8.7e-05,0.064161
8943a136c8bffff,HNWI,8,1.184015,8e-05,0.059254
8943a136c8bffff,HNWI,10,24.872366,0.01582,1.243675
8943a136c8bffff,HNWI,12,24.436379,0.015543,1.221875
8943a136c8bffff,HNWI,14,24.032595,0.015463,1.20163
8943a136c8bffff,HNWI,16,23.550465,0.015153,1.177523
8943a136c8bffff,HNWI,18,12.273379,0.007578,0.613669
8943a136c8bffff,HNWI,20,11.562933,0.007139,0.578147
8943a136c8bffff,HNWI,22,15.066618,0.009303,0.753331
8943a136c8bffff,Potential Car Buyers,0,22.660437,0.014527,1.132978
8943a136c8bffff,Potential Car Buyers,2,30.407391,0.019493,1.520311
8943a136c8bffff,Potential Car Buyers,4,22.946101,0.01471,1.147261
8943a136c8bffff,Potential Car Buyers,6,17.532891,0.011128,0.876687
8943a136c8bffff,Potential Car Buyers,8,21.580784,0.013697,1.079091
8943a136c8bffff,Potential Car Buyers,10,15.745534,0.009883,0.787323
8943a136c8bffff,Potential Car Buyers,12,14.263951,0.008953,0.713239
8943a136c8bffff,Potential Car Buyers,14,17.038886,0.010741,0.851944
8943a136c8bffff,Potential Car Buyers,16,17.890134,0.011277,0.894507
8943a136c8bffff,Potential Car Buyers,18,8.798238,0.00514,0.439912
8943a136c8bffff,Potential Car Buyers,20,8.766426,0.005122,0.438321
8943a136c8bffff,Potential Car Buyers,22,6.987724,0.004082,0.349386
8943a136d5bffff,Families,0,6.167135,0.003335,0.308357
8943a136d5bffff,Families,2,4.811414,0.002602,0.240571
8943a136d5bffff,Families,4,4.505493,0.002437,0.225275
8943a136d5bffff,Families,6,5.19431,0.002766,0.259716
8943a136d5bffff,Families,8,5.879534,0.003131,0.293977
8943a136d5bffff,Families,10,1.053184,0.000123,0.052659
8943a136d5bffff,Families,12,1.343874,0.000157,0.067194
8943a136d5bffff,Families,14,14.999373,0.009448,0.749969
8943a136d5bffff,Families,16,20.856664,0.013138,1.042833
8943a136d5bffff,Families,18,18.294269,0.011495,0.914661
8943a136d5bffff,Families,20,15.946578,0.01002,0.797283
8943a136d5bffff,Families,22,16.019536,0.010066,0.800931
8943a136d5bffff,HNWI,0,1.15535,0.000183,0.057812
8943a136d5bffff,HNWI,2,1.388155,0.00022,0.069461
8943a136d5bffff,HNWI,4,1.154342,0.000183,0.057761
8943a136d5bffff,HNWI,6,18.233388,0.011425,0.911669
8943a136d5bffff,HNWI,8,18.390647,0.011523,0.919532
8943a136d5bffff,HNWI,10,11.002036,0.006765,0.550102
8943a136d5bffff,HNWI,12,10.499238,0.006456,0.524962
8943a136d5bffff,HNWI,14,12.989774,0.008048,0.649535
8943a136d5bffff,HNWI,16,16.949153,0.010501,0.847518
8943a136d5bffff,HNWI,18,16.048585,0.009901,0.802429
8943a136d5bffff,HNWI,20,14.871202,0.009175,0.74356
8943a136d5bffff,HNWI,22,15.4143,0.00951,0.770715
8943a136d5bffff,Potential Car Buyers,0,8.509629,0.004995,0.425431
8943a136d5bffff,Potential Car Buyers,2,7.963786,0.004675,0.398142
8943a136d5bffff,Potential Car Buyers,4,8.47402,0.004975,0.42365
8943a136d5bffff,Potential Car Buyers,6,8.44988,0.004933,0.422547
8943a136d5bffff,Potential Car Buyers,8,7.150627,0.004174,0.357576
8943a136d5bffff,Potential Car Buyers,10,4.927696,0.002519,0.246327
8943a136d5bffff,Potential Car Buyers,12,4.668303,0.002386,0.233361
8943a136d5bffff,Potential Car Buyers,14,23.664121,0.015032,1.183262
8943a136d5bffff,Potential Car Buyers,16,19.307153,0.012264,0.965403
8943a136d5bffff,Potential Car Buyers,18,18.56463,0.011772,0.928231
8943a136d5bffff,Potential Car Buyers,20,24.460139,0.01551,1.223007
8943a136d5bffff,Potential Car Buyers,22,20.95611,0.013288,1.047805
8943a136e2fffff,Families,0,30.720652,0.019793,1.535981
8943a136e2fffff,Families,2,35.434918,0.02283,1.771686
8943a136e2fffff,Families,4,31.33782,0.020191,1.566838
8943a136e2fffff,Families,6,23.690407,0.015257,1.184561
8943a136e2fffff,Families,8,25.211941,0.016237,1.26064
8943a136e2fffff,Families,10,21.210277,0.013462,1.060565
8943a136e2fffff,Families,12,23.978464,0.015219,1.198981
8943a136e2fffff,Families,14,22.393618,0.014254,1.119681
8943a136e2fffff,Families,16,21.025735,0.013383,1.051287
8943a136e2fffff,Families,18,13.275632,0.008103,0.663782
8943a136e2fffff,Families,20,12.407396,0.007573,0.62037
8943a136e2fffff,Families,22,11.459348,0.006994,0.572967
8943a136e2fffff,HNWI,0,8.338914,0.004936,0.416899
8943a136e2fffff,HNWI,2,7.493171,0.004436,0.374616
8943a136e2fffff,HNWI,4,10.039043,0.005943,0.501896
8943a136e2fffff,HNWI,6,25.020905,0.015993,1.251045
8943a136e2fffff,HNWI,8,27.937727,0.017857,1.396886
8943a136e2fffff,HNWI,10,28.274868,0.018222,1.413696
8943a136e2fffff,HNWI,12,27.877894,0.017966,1.393848
8943a136e2fffff,HNWI,14,19.607314,0.012471,0.980321
8943a136e2fffff,HNWI,16,24.875242,0.015821,1.243705
8943a136e2fffff,HNWI,18,18.058578,0.011466,0.902929
8943a136e2fffff,HNWI,20,17.692058,0.011234,0.884603
8943a136e2fffff,HNWI,22,16.876099,0.010716,0.843805
8943a136e2fffff,Potential Car Buyers,0,30.304587,0.019482,1.515229
8943a136e2fffff,Potential Car Buyers,2,23.248151,0.014945,1.162408
8943a136e2fffff,Potential Car Buyers,4,26.986099,0.017348,1.349305
8943a136e2fffff,Potential Car Buyers,6,23.686759,0.015221,1.184338
8943a136e2fffff,Potential Car Buyers,8,27.866955,0.017907,1.393348
8943a136e2fffff,Potential Car Buyers,10,26.296284,0.016798,1.314814
8943a136e2fffff,Potential Car Buyers,12,24.257307,0.015495,1.212865
8943a136e2fffff,Potential Car Buyers,14,29.579425,0.018937,1.47903
8943a136e2fffff,Potential Car Buyers,16,28.91765,0.018513,1.44594
8943a136e2fffff,Potential Car Buyers,18,21.600651,0.013812,1.080033
8943a136e2fffff,Potential Car Buyers,20,25.240154,0.016139,1.262008
8943a136e2fffff,Potential Car Buyers,22,25.029183,0.016004,1.251459
8943a136ed7ffff,Families,0,23.894684,0.015194,1.194789
8943a136ed7ffff,Families,2,25.1102,0.015967,1.255568
8943a136ed7ffff,Families,4,23.463937,0.01492,1.173251
8943a136ed7ffff,Families,6,13.838343,0.008442,0.691917
8943a136ed7ffff,Families,8,13.453739,0.008207,0.672687
8943a136ed7ffff,Families,10,3.141546,0.001433,0.157077
8943a136ed7ffff,Families,12,3.377376,0.00154,0.168869
8943a136ed7ffff,Families,14,3.917583,0.002023,0.195835
8943a136ed7ffff,Families,16,4.163526,0.00215,0.208129
8943a136ed7ffff,Families,18,3.793147,0.001845,0.189657
8943a136ed7ffff,Families,20,3.372733,0.001641,0.168637
8943a136ed7ffff,Families,22,3.218398,0.001566,0.16092
8943a136ed7ffff,HNWI,0,3.366808,0.001557,0.168392
8943a136ed7ffff,HNWI,2,3.700008,0.001711,0.185057
8943a136ed7ffff,HNWI,4,2.950992,0.001365,0.147595
8943a136ed7ffff,HNWI,6,3.44301,0.001513,0.172092
8943a136ed7ffff,HNWI,8,2.562934,0.001126,0.128103
8943a136ed7ffff,HNWI,10,24.730953,0.015923,1.236505
8943a136ed7ffff,HNWI,12,24.486141,0.015765,1.224265
8943a136ed7ffff,HNWI,14,21.604352,0.013841,1.080218
8943a136ed7ffff,HNWI,16,24.667648,0.015804,1.233382
8943a136ed7ffff,HNWI,18,13.756912,0.008574,0.687846
8943a136ed7ffff,HNWI,20,17.810047,0.011101,0.890502
8943a136ed7ffff,HNWI,22,12.319094,0.007678,0.615955
8943a136ed7ffff,Potential Car Buyers,0,27.441448,0.017554,1.372072
8943a136ed7ffff,Potential Car Buyers,2,28.640499,0.018321,1.432025
8943a136ed7ffff,Potential Car Buyers,4,26.475888,0.016937,1.323794
8943a136ed7ffff,Potential Car Buyers,6,10.416879,0.00625,0.520896
8943a136ed7ffff,Potential Car Buyers,8,11.15732,0.006694,0.557922
8943a136ed7ffff,Potential Car Buyers,10,18.06653,0.011281,0.903326
8943a136ed7ffff,Potential Car Buyers,12,14.626959,0.009133,0.731348
8943a136ed7ffff,Potential Car Buyers,14,6.306043,0.003644,0.315302
8943a136ed7ffff,Potential Car Buyers,16,8.169971,0.004721,0.408499
8943a136ed7ffff,Potential Car Buyers,18,7.205435,0.004094,0.360325
8943a136ed7ffff,Potential Car Buyers,20,7.661465,0.004354,0.38313
8943a136ed7ffff,Potential Car Buyers,22,6.246645,0.00355,0.312378
8943a291037ffff,Families,0,21.000849,0.013466,1.050083
8943a291037ffff,Families,2,30.959748,0.019852,1.548047
8943a291037ffff,Families,4,28.770093,0.018448,1.43856
8943a291037ffff,Families,6,24.469189,0.015682,1.223412
8943a291037ffff,Families,8,22.713048,0.014557,1.135608
8943a291037ffff,Families,10,19.151196,0.01219,0.957516
8943a291037ffff,Families,12,21.341343,0.013584,1.067019
8943a291037ffff,Families,14,8.741986,0.00518,0.437051
8943a291037ffff,Families,16,9.41625,0.00558,0.47076
8943a291037ffff,Families,18,11.295417,0.006988,0.564771
8943a291037ffff,Families,20,12.614299,0.007804,0.630715
8943a291037ffff,Families,22,14.971734,0.009262,0.748587
8943a291037ffff,HNWI,0,17.418622,0.010944,0.870931
8943a291037ffff,HNWI,2,16.598534,0.010428,0.829927
8943a291037ffff,HNWI,4,18.806008,0.011815,0.9403
8943a291037ffff,HNWI,6,6.847319,0.003956,0.34232
8943a291037ffff,HNWI,8,8.430722,0.004871,0.42148
8943a291037ffff,HNWI,10,3.724825,0.001819,0.186191
8943a291037ffff,HNWI,12,3.985201,0.001946,0.199207
8943a291037ffff,HNWI,14,30.934386,0.01994,1.546719
8943a291037ffff,HNWI,16,30.401263,0.019596,1.520063
8943a291037ffff,HNWI,18,30.527214,0.019661,1.526309
8943a291037ffff,HNWI,20,29.227482,0.018824,1.461324
8943a291037ffff,HNWI,22,28.813263,0.018557,1.440614
8943a291037ffff,Potential Car Buyers,0,33.953521,0.021863,1.697676
8943a291037ffff,Potential Car Buyers,2,26.402155,0.017,1.320108
8943a291037ffff,Potential Car Buyers,4,24.714945,0.015914,1.235747
8943a291037ffff,Potential Car Buyers,6,25.000799,0.016091,1.25004
8943a291037ffff,Potential Car Buyers,8,33.524312,0.021578,1.676216
8943a291037ffff,Potential Car Buyers,10,18.756063,0.011889,0.937803
8943a291037ffff,Potential Car Buyers,12,19.057433,0.01208,0.952872
8943a291037ffff,Potential Car Buyers,14,12.380899,0.00757,0.619045
8943a291037ffff,Potential Car Buyers,16,11.008297,0.006731,0.550415
8943a291037ffff,Potential Car Buyers,18,11.560995,0.007027,0.577999
8943a291037ffff,Potential Car Buyers,20,11.546169,0.007018,0.577257
8943a291037ffff,Potential Car Buyers,22,13.242135,0.008049,0.662048
8943a291063ffff,Families,0,17.742581,0.011117,0.887183
8943a291063ffff,Families,2,13.718434,0.008595,0.685963
8943a291063ffff,Families,4,15.644152,0.009802,0.782255
8943a291063ffff,Families,6,11.021727,0.006659,0.551138
8943a291063ffff,Families,8,8.987573,0.00543,0.449421
8943a291063ffff,Families,10,1.917773,0.000655,0.095842
8943a291063ffff,Families,12,2.149575,0.000734,0.107426
8943a291063ffff,Families,14,3.345247,0.001559,0.167262
8943a291063ffff,Families,16,2.784412,0.001297,0.139221
8943a291063ffff,Families,18,33.564877,0.021597,1.678244
8943a291063ffff,Families,20,28.68863,0.01846,1.434431
8943a291063ffff,Families,22,34.091295,0.021936,1.704565
8943a291063ffff,HNWI,0,2.545993,0.000908,0.1273
8943a291063ffff,HNWI,2,1.913009,0.000682,0.09565
8943a291063ffff,HNWI,4,2.323088,0.000828,0.116154
8943a291063ffff,HNWI,6,24.018998,0.015295,1.201004
8943a291063ffff,HNWI,8,19.004192,0.012102,0.950252
8943a291063ffff,HNWI,10,31.512224,0.020261,1.575611
8943a291063ffff,HNWI,12,29.424114,0.018918,1.471206
8943a291063ffff,HNWI,14,16.378303,0.01019,0.818915
8943a291063ffff,HNWI,16,13.329197,0.008293,0.66646
8943a291063ffff,HNWI,18,16.142381,0.010006,0.807176
8943a291063ffff,HNWI,20,15.031821,0.009318,0.751644
8943a291063ffff,HNWI,22,14.56731,0.00903,0.728417
8943a291063ffff,Potential Car Buyers,0,7.805473,0.004639,0.390274
8943a291063ffff,Potential Car Buyers,2,9.588761,0.005698,0.479438
8943a291063ffff,Potential Car Buyers,4,7.562882,0.004494,0.378144
8943a291063ffff,Potential Car Buyers,6,7.495671,0.004434,0.374784
8943a291063ffff,Potential Car Buyers,8,8.976736,0.005311,0.448837
8943a291063ffff,Potential Car Buyers,10,5.615884,0.003013,0.280794
8943a291063ffff,Potential Car Buyers,12,4.099502,0.0022,0.204975
8943a291063ffff,Potential Car Buyers,14,6.733493,0.003787,0.336622
8943a291063ffff,Potential Car Buyers,16,6.797088,0.003823,0.339801
8943a291063ffff,Potential Car Buyers,18,23.651513,0.015028,1.18252
8943a291063ffff,Potential Car Buyers,20,24.534721,0.015589,1.226678
8943a291063ffff,Potential Car Buyers,22,23.775558,0.015107,1.188722
8943a29116fffff,Families,0,21.351409,0.013678,1.06757
8943a29116fffff,Families,2,28.533718,0.018279,1.426686
8943a29116fffff,Families,4,21.602133,0.013839,1.080107
8943a29116fffff,Families,6,22.344187,0.014307,1.117209
8943a29116fffff,Families,8,21.490976,0.01376,1.074549
8943a29116fffff,Families,10,10.982059,0.006658,0.549103
8943a29116fffff,Families,12,12.150865,0.007366,0.607543
8943a29116fffff,Families,14,9.448468,0.005548,0.472423
8943a29116fffff,Families,16,6.899925,0.004051,0.344996
8943a29116fffff,Families,18,7.589881,0.004399,0.379444
8943a29116fffff,Families,20,7.536714,0.004368,0.376786
8943a29116fffff,Families,22,7.753509,0.004493,0.387625
8943a29116fffff,HNWI,0,19.660998,0.012464,0.983002
8943a29116fffff,HNWI,2,20.81827,0.013198,1.040862
8943a29116fffff,HNWI,4,20.435023,0.012955,1.021701
8943a29116fffff,HNWI,6,23.186033,0.014687,1.159244
8943a29116fffff,HNWI,8,19.800745,0.012542,0.989988
8943a29116fffff,HNWI,10,8.885807,0.005369,0.444332
8943a29116fffff,HNWI,12,10.108165,0.006107,0.505456
8943a29116fffff,HNWI,14,15.277328,0.009605,0.763866
8943a29116fffff,HNWI,16,15.498182,0.009744,0.774909
8943a29116fffff,HNWI,18,2.027473,0.000797,0.101374
8943a29116fffff,HNWI,20,2.011166,0.000791,0.100558
8943a29116fffff,HNWI,22,2.437237,0.000958,0.121862
8943a29116fffff,Potential Car Buyers,0,28.651905,0.018435,1.432645
8943a29116fffff,Potential Car Buyers,2,26.152196,0.016827,1.307655
8943a29116fffff,Potential Car Buyers,4,31.668905,0.020376,1.583501
8943a29116fffff,Potential Car Buyers,6,19.747729,0.012428,0.987442
8943a29116fffff,Potential Car Buyers,8,16.077876,0.010118,0.803939
8943a29116fffff,Potential Car Buyers,10,11.606082,0.007189,0.580345
8943a29116fffff,Potential Car Buyers,12,15.666211,0.009704,0.783366
8943a29116fffff,Potential Car Buyers,14,25.862818,0.016686,1.293183
8943a29116fffff,Potential Car Buyers,16,32.555831,0.021004,1.627844
8943a29116fffff,Potential Car Buyers,18,10.476386,0.006333,0.523819
8943a29116fffff,Potential Car Buyers,20,11.524913,0.006967,0.576246
8943a29116fffff,Potential Car Buyers,22,12.264087,0.007414,0.613204
8943a291233ffff,Families,0,25.734244,0.016545,1.286712
8943a291233ffff,Families,2,28.79914,0.018516,1.439957
8943a291233ffff,Families,4,27.8804,0.017925,1.39402
8943a291233ffff,Families,6,22.789847,0.014646,1.139492
8943a291233ffff,Families,8,28.048446,0.018025,1.402422
8943a291233ffff,Families,10,16.932222,0.010674,0.846611
8943a291233ffff,Families,12,17.659403,0.011132,0.88297
8943a291233ffff,Families,14,11.700409,0.007083,0.58502
8943a291233ffff,Families,16,9.059141,0.005484,0.452957
8943a291233ffff,Families,18,10.090696,0.006063,0.504585
8943a291233ffff,Families,20,9.523739,0.005723,0.476234
8943a291233ffff,Families,22,9.322411,0.005602,0.466167
8943a291233ffff,HNWI,0,12.822565,0.00792,0.641175
8943a291233ffff,HNWI,2,15.152878,0.00936,0.7577
8943a291233ffff,HNWI,4,12.880598,0.007956,0.644077
8943a291233ffff,HNWI,6,3.85544,0.001883,0.192772
8943a291233ffff,HNWI,8,3.0321,0.001481,0.151605
8943a291233ffff,HNWI,10,33.077856,0.021318,1.653893
8943a291233ffff,HNWI,12,30.571627,0.019702,1.528581
8943a291233ffff,HNWI,14,30.347453,0.019467,1.51743
8943a291233ffff,HNWI,16,26.134216,0.016764,1.30676
8943a291233ffff,HNWI,18,29.107684,0.01865,1.455384
8943a291233ffff,HNWI,20,20.779174,0.013314,1.038959
8943a291233ffff,HNWI,22,27.545543,0.017649,1.377277
8943a291233ffff,Potential Car Buyers,0,15.212914,0.009406,0.760701
8943a291233ffff,Potential Car Buyers,2,11.485738,0.007101,0.574329
8943a291233ffff,Potential Car Buyers,4,11.82132,0.007309,0.591109
8943a291233ffff,Potential Car Buyers,6,3.379302,0.001677,0.168965
8943a291233ffff,Potential Car Buyers,8,3.167081,0.001571,0.158354
8943a291233ffff,Potential Car Buyers,10,21.100396,0.013512,1.05502
8943a291233ffff,Potential Car Buyers,12,26.708459,0.017103,1.335423
8943a291233ffff,Potential Car Buyers,14,30.90141,0.019827,1.545129
8943a291233ffff,Potential Car Buyers,16,23.908996,0.01534,1.195495
8943a291233ffff,Potential Car Buyers,18,28.082912,0.017998,1.404146
8943a291233ffff,Potential Car Buyers,20,23.402513,0.014999,1.170126
8943a291233ffff,Potential Car Buyers,22,22.192426,0.014223,1.109621
8943a291333ffff,Families,0,25.488557,0.016345,1.274379
8943a291333ffff,Families,2,25.270386,0.016205,1.263471
8943a291333ffff,Families,4,21.050492,0.013499,1.052484
8943a291333ffff,Families,6,20.198116,0.012826,1.009954
8943a291333ffff,Families,8,23.943893,0.015204,1.197252
8943a291333ffff,Families,10,18.451385,0.011589,0.922623
8943a291333ffff,Families,12,15.649945,0.00983,0.782543
8943a291333ffff,Families,14,4.09778,0.002076,0.204938
8943a291333ffff,Families,16,4.157877,0.002106,0.207944
8943a291333ffff,Families,18,8.124014,0.004762,0.406201
8943a291333ffff,Families,20,9.834084,0.005765,0.491704
8943a291333ffff,Families,22,6.645973,0.003896,0.332299
8943a291333ffff,HNWI,0,19.29821,0.012126,0.964911
8943a291333ffff,HNWI,2,15.955504,0.010025,0.797775
8943a291333ffff,HNWI,4,15.108586,0.009493,0.755429
8943a291333ffff,HNWI,6,3.038333,0.001265,0.151974
8943a291333ffff,HNWI,8,2.681708,0.001116,0.134136
8943a291333ffff,HNWI,10,24.879253,0.015875,1.243909
8943a291333ffff,HNWI,12,20.01451,0.012771,1.000683
8943a291333ffff,HNWI,14,28.494973,0.018368,1.424749
8943a291333ffff,HNWI,16,27.956597,0.018021,1.39783
8943a291333ffff,HNWI,18,29.62643,0.019081,1.481372
8943a291333ffff,HNWI,20,34.740679,0.022375,1.737093
8943a291333ffff,HNWI,22,23.760501,0.015303,1.188065
8943a291333ffff,Potential Car Buyers,0,25.461228,0.01628,1.273061
8943a291333ffff,Potential Car Buyers,2,20.331046,0.013,1.016552
8943a291333ffff,Potential Car Buyers,4,23.742135,0.015181,1.187107
8943a291333ffff,Potential Car Buyers,6,24.298979,0.015528,1.214949
8943a291333ffff,Potential Car Buyers,8,24.810481,0.015855,1.240524
8943a291333ffff,Potential Car Buyers,10,22.242395,0.0141,1.11212
8943a291333ffff,Potential Car Buyers,12,16.804805,0.010653,0.84024
8943a291333ffff,Potential Car Buyers,14,6.088144,0.003498,0.304407
8943a291333ffff,Potential Car Buyers,16,7.477583,0.004296,0.373879
8943a291333ffff,Potential Car Buyers,18,5.606835,0.003163,0.280299
8943a291333ffff,Potential Car Buyers,20,5.711113,0.003222,0.285512
8943a291333ffff,Potential Car Buyers,22,6.531049,0.003684,0.326502
8943a29136bffff,Families,0,21.40966,0.013733,1.070524
8943a29136bffff,Families,2,22.751276,0.014594,1.137607
8943a29136bffff,Families,4,26.072596,0.016724,1.303679
8943a29136bffff,Families,6,13.854454,0.008447,0.692723
8943a29136bffff,Families,8,11.660408,0.007109,0.58302
8943a29136bffff,Families,10,6.655764,0.003879,0.332788
8943a29136bffff,Families,12,8.04012,0.004686,0.402006
8943a29136bffff,Families,14,10.60867,0.006305,0.530376
8943a29136bffff,Families,16,7.432301,0.004417,0.371575
8943a29136bffff,Families,18,7.230754,0.004252,0.361538
8943a29136bffff,Families,20,8.570708,0.00504,0.428535
8943a29136bffff,Families,22,8.469322,0.004981,0.423466
8943a29136bffff,HNWI,0,7.822555,0.004567,0.391079
8943a29136bffff,HNWI,2,7.128411,0.004162,0.356376
8943a29136bffff,HNWI,4,9.320439,0.005441,0.465964
8943a29136bffff,HNWI,6,2.490361,0.00108,0.124474
8943a29136bffff,HNWI,8,2.684209,0.001164,0.134163
8943a29136bffff,HNWI,10,24.289459,0.015505,1.214525
8943a29136bffff,HNWI,12,28.180743,0.017989,1.409097
8943a29136bffff,HNWI,14,34.790848,0.022431,1.739542
8943a29136bffff,HNWI,16,32.569755,0.020999,1.628488
8943a29136bffff,HNWI,18,18.377776,0.011644,0.918889
8943a29136bffff,HNWI,20,18.677505,0.011834,0.933875
8943a29136bffff,HNWI,22,24.087301,0.015261,1.204365
8943a29136bffff,Potential Car Buyers,0,13.549289,0.008486,0.677464
8943a29136bffff,Potential Car Buyers,2,17.882414,0.0112,0.894121
8943a29136bffff,Potential Car Buyers,4,16.684389,0.01045,0.834219
8943a29136bffff,Potential Car Buyers,6,16.462382,0.010297,0.823119
8943a29136bffff,Potential Car Buyers,8,15.583487,0.009748,0.779174
8943a29136bffff,Potential Car Buyers,10,6.934425,0.003945,0.346721
8943a29136bffff,Potential Car Buyers,12,6.819642,0.00388,0.340982
8943a29136bffff,Potential Car Buyers,14,32.677433,0.021043,1.633872
8943a29136bffff,Potential Car Buyers,16,35.049128,0.02257,1.752456
8943a29136bffff,Potential Car Buyers,18,34.033873,0.021897,1.701634
8943a29136bffff,Potential Car Buyers,20,33.65312,0.021652,1.682597
8943a29136bffff,Potential Car Buyers,22,23.686674,0.01524,1.184292
8943a291527ffff,Families,0,27.662255,0.017674,1.383113
8943a291527ffff,Families,2,21.680513,0.013852,1.084026
8943a291527ffff,Families,4,22.029204,0.014075,1.10146
8943a291527ffff,Families,6,16.402344,0.010163,0.820175
8943a291527ffff,Families,8,16.860719,0.010447,0.843096
8943a291527ffff,Families,10,22.800931,0.014439,1.140047
8943a291527ffff,Families,12,20.202031,0.012793,1.010102
8943a291527ffff,Families,14,6.207827,0.003532,0.310391
8943a291527ffff,Families,16,5.773707,0.003285,0.288685
8943a291527ffff,Families,18,10.78025,0.00653,0.539062
8943a291527ffff,Families,20,11.517604,0.006977,0.575933
8943a291527ffff,Families,22,13.108357,0.00794,0.655478
8943a291527ffff,HNWI,0,19.851821,0.012676,0.992633
8943a291527ffff,HNWI,2,24.02824,0.015342,1.201463
8943a291527ffff,HNWI,4,21.236237,0.01356,1.061857
8943a291527ffff,HNWI,6,24.610355,0.015704,1.230571
8943a291527ffff,HNWI,8,27.53845,0.017573,1.376982
8943a291527ffff,HNWI,10,18.909619,0.011963,0.945529
8943a291527ffff,HNWI,12,23.405128,0.014807,1.170316
8943a291527ffff,HNWI,14,17.543921,0.010965,0.877196
8943a291527ffff,HNWI,16,16.959619,0.0106,0.847981
8943a291527ffff,HNWI,18,6.829894,0.003759,0.341495
8943a291527ffff,HNWI,20,6.571717,0.003617,0.328586
8943a291527ffff,HNWI,22,4.828109,0.002657,0.241405
8943a291527ffff,Potential Car Buyers,0,17.510104,0.011059,0.875551
8943a291527ffff,Potential Car Buyers,2,22.392751,0.014142,1.119697
8943a291527ffff,Potential Car Buyers,4,17.846852,0.011271,0.89239
8943a291527ffff,Potential Car Buyers,6,21.829756,0.013773,1.091546
8943a291527ffff,Potential Car Buyers,8,19.930326,0.012575,0.99657
8943a291527ffff,Potential Car Buyers,10,14.412844,0.008964,0.720691
8943a291527ffff,Potential Car Buyers,12,16.421035,0.010213,0.821107
8943a291527ffff,Potential Car Buyers,14,1.462204,0.000427,0.073069
8943a291527ffff,Potential Car Buyers,16,1.875872,0.000548,0.093741
8943a291527ffff,Potential Car Buyers,18,0.950033,2.6e-05,0.047502
8943a291527ffff,Potential Car Buyers,20,1.186515,3.3e-05,0.059326
8943a291527ffff,Potential Car Buyers,22,1.175543,3.3e-05,0.058777
8943a2919c3ffff,Families,0,6.81873,0.003863,0.340936
8943a2919c3ffff,Families,2,7.102314,0.004024,0.355116
8943a2919c3ffff,Families,4,6.912704,0.003916,0.345635
8943a2919c3ffff,Families,6,1.636996,0.000349,0.08185
8943a2919c3ffff,Families,8,1.4249,0.000304,0.071245
8943a2919c3ffff,Families,10,32.660674,0.020989,1.633034
8943a2919c3ffff,Families,12,23.416721,0.015049,1.170836
8943a2919c3ffff,Families,14,16.831675,0.010454,0.841584
8943a2919c3ffff,Families,16,16.091622,0.009995,0.804581
8943a2919c3ffff,Families,18,15.499402,0.009782,0.775011
8943a2919c3ffff,Families,20,22.419777,0.01415,1.121049
8943a2919c3ffff,Families,22,18.089346,0.011417,0.904516
8943a2919c3ffff,HNWI,0,1.422872,0.000291,0.071193
8943a2919c3ffff,HNWI,2,1.493582,0.000306,0.074731
8943a2919c3ffff,HNWI,4,1.520053,0.000311,0.076055
8943a2919c3ffff,HNWI,6,1.228266,8.3e-05,0.061469
8943a2919c3ffff,HNWI,8,0.922841,6.2e-05,0.046184
8943a2919c3ffff,HNWI,10,27.977717,0.017971,1.398835
8943a2919c3ffff,HNWI,12,27.619014,0.017741,1.3809
8943a2919c3ffff,HNWI,14,22.556751,0.014406,1.127838
8943a2919c3ffff,HNWI,16,26.178274,0.016719,1.308914
8943a2919c3ffff,HNWI,18,13.45155,0.008306,0.672578
8943a2919c3ffff,HNWI,20,13.405305,0.008277,0.670265
8943a2919c3ffff,HNWI,22,14.967367,0.009241,0.748368
8943a2919c3ffff,Potential Car Buyers,0,31.051324,0.019928,1.552624
8943a2919c3ffff,Potential Car Buyers,2,31.758884,0.020383,1.588004
8943a2919c3ffff,Potential Car Buyers,4,26.208118,0.01682,1.310455
8943a2919c3ffff,Potential Car Buyers,6,23.179376,0.014712,1.159024
8943a2919c3ffff,Potential Car Buyers,8,18.507865,0.011747,0.925438
8943a2919c3ffff,Potential Car Buyers,10,15.202697,0.009542,0.760179
8943a2919c3ffff,Potential Car Buyers,12,20.299159,0.012741,1.015017
8943a2919c3ffff,Potential Car Buyers,14,22.964457,0.014671,1.148223
8943a2919c3ffff,Potential Car Buyers,16,21.350946,0.013641,1.067547
8943a2919c3ffff,Potential Car Buyers,18,8.888332,0.005256,0.444417
8943a2919c3ffff,Potential Car Buyers,20,9.761568,0.005773,0.488078
8943a2919c3ffff,Potential Car Buyers,22,10.196594,0.00603,0.50983
8943a291a3bffff,Families,0,23.351982,0.015028,1.167559
8943a291a3bffff,Families,2,33.908925,0.021821,1.695387
8943a291a3bffff,Families,4,30.721098,0.01977,1.536002
8943a291a3bffff,Families,6,27.169403,0.017477,1.358518
8943a291a3bffff,Families,8,31.545335,0.020292,1.577322
8943a291a3bffff,Families,10,12.679814,0.00786,0.634035
8943a291a3bffff,Families,12,12.593171,0.007806,0.629703
8943a291a3bffff,Families,14,23.176754,0.01472,1.158838
8943a291a3bffff,Families,16,22.557116,0.014327,1.127856
8943a291a3bffff,Families,18,12.610133,0.007633,0.630507
8943a291a3bffff,Families,20,9.254477,0.005602,0.462724
8943a291a3bffff,Families,22,10.050254,0.006084,0.502513
8943a291a3bffff,HNWI,0,8.419548,0.004907,0.420924
8943a291a3bffff,HNWI,2,7.211311,0.004203,0.36052
8943a291a3bffff,HNWI,4,6.37073,0.003713,0.318496
8943a291a3bffff,HNWI,6,19.484315,0.012431,0.974216
8943a291a3bffff,HNWI,8,27.412439,0.01749,1.370622
8943a291a3bffff,HNWI,10,15.838569,0.009799,0.791928
8943a291a3bffff,HNWI,12,11.617373,0.007187,0.580869
8943a291a3bffff,HNWI,14,13.450482,0.008404,0.672566
8943a291a3bffff,HNWI,16,15.103856,0.009437,0.75524
8943a291a3bffff,HNWI,18,19.928709,0.012623,0.996435
8943a291a3bffff,HNWI,20,22.511689,0.014259,1.125584
8943a291a3bffff,HNWI,22,19.90028,0.012605,0.995014
8943a291a3bffff,Potential Car Buyers,0,26.128256,0.016774,1.306413
8943a291a3bffff,Potential Car Buyers,2,25.003229,0.016052,1.250161
8943a291a3bffff,Potential Car Buyers,4,26.607904,0.017082,1.330395
8943a291a3bffff,Potential Car Buyers,6,19.457869,0.012356,0.972893
8943a291a3bffff,Potential Car Buyers,8,18.90036,0.012002,0.945018
8943a291a3bffff,Potential Car Buyers,10,16.173144,0.01016,0.808657
8943a291a3bffff,Potential Car Buyers,12,16.25063,0.010208,0.812531
8943a291a3bffff,Potential Car Buyers,14,11.621317,0.007184,0.581108
8943a291a3bffff,Potential Car Buyers,16,13.78874,0.008523,0.689487
8943a291a3bffff,Potential Car Buyers,18,7.841794,0.004653,0.392046
8943a291a3bffff,Potential Car Buyers,20,9.108022,0.005404,0.455351
8943a291a3bffff,Potential Car Buyers,22,8.041672,0.004771,0.402039
8943a291bd3ffff,Families,0,13.159063,0.008064,0.658006
8943a291bd3ffff,Families,2,10.514599,0.006443,0.525773
8943a291bd3ffff,Families,4,12.660045,0.007758,0.633053
8943a291bd3ffff,Families,6,14.07406,0.008604,0.703762
8943a291bd3ffff,Families,8,9.757085,0.005965,0.487895
8943a291bd3ffff,Families,10,2.6105,0.001087,0.130574
8943a291bd3ffff,Families,12,2.296924,0.000956,0.114889
8943a291bd3ffff,Families,14,4.85881,0.00255,0.242941
8943a291bd3ffff,Families,16,3.983476,0.002091,0.199174
8943a291bd3ffff,Families,18,24.614383,0.015739,1.230719
8943a291bd3ffff,Families,20,23.793822,0.015214,1.189691
8943a291bd3ffff,Families,22,20.492518,0.013103,1.024626
8943a291bd3ffff,HNWI,0,33.005529,0.021216,1.650276
8943a291bd3ffff,HNWI,2,27.957447,0.017971,1.397872
8943a291bd3ffff,HNWI,4,24.443857,0.015713,1.222193
8943a291bd3ffff,HNWI,6,16.140989,0.010166,0.807094
8943a291bd3ffff,HNWI,8,15.774654,0.009935,0.788776
8943a291bd3ffff,HNWI,10,25.393963,0.01622,1.269698
8943a291bd3ffff,HNWI,12,26.926708,0.017199,1.346335
8943a291bd3ffff,HNWI,14,10.574978,0.006394,0.528749
8943a291bd3ffff,HNWI,16,12.16382,0.007354,0.608191
8943a291bd3ffff,HNWI,18,11.233381,0.00674,0.561613
8943a291bd3ffff,HNWI,20,10.915467,0.00655,0.545719
8943a291bd3ffff,HNWI,22,10.413419,0.006248,0.520619
8943a291bd3ffff,Potential Car Buyers,0,12.7157,0.007723,0.635842
8943a291bd3ffff,Potential Car Buyers,2,10.884913,0.006611,0.544294
8943a291bd3ffff,Potential Car Buyers,4,9.140574,0.005552,0.457069
8943a291bd3ffff,Potential Car Buyers,6,1.222013,0.000222,0.061101
8943a291bd3ffff,Potential Car Buyers,8,1.232728,0.000224,0.061636
8943a291bd3ffff,Potential Car Buyers,10,21.037255,0.01341,1.051863
8943a291bd3ffff,Potential Car Buyers,12,25.981718,0.016562,1.299086
8943a291bd3ffff,Potential Car Buyers,14,28.146178,0.017985,1.407367
8943a291bd3ffff,Potential Car Buyers,16,26.663206,0.017037,1.333216
8943a291bd3ffff,Potential Car Buyers,18,19.884288,0.012688,0.994214
8943a291bd3ffff,Potential Car Buyers,20,21.260392,0.013566,1.06302
8943a291bd3ffff,Potential Car Buyers,22,19.021892,0.012138,0.951095
8943a291c07ffff,Families,0,16.910685,0.010516,0.845591
8943a291c07ffff,Families,2,15.790623,0.009819,0.789584
8943a291c07ffff,Families,4,13.769996,0.008563,0.688546
8943a291c07ffff,Families,6,4.569891,0.002438,0.228495
8943a291c07ffff,Families,8,4.887137,0.002607,0.244357
8943a291c07ffff,Families,10,23.833629,0.015126,1.191681
8943a291c07ffff,Families,12,21.377612,0.013567,1.068881
8943a291c07ffff,Families,14,32.001036,0.020564,1.60011
8943a291c07ffff,Families,16,24.504109,0.015747,1.22525
8943a291c07ffff,Families,18,27.049693,0.017365,1.352485
8943a291c07ffff,Families,20,24.145615,0.0155,1.207281
8943a291c07ffff,Families,22,30.097857,0.019321,1.504893
8943a291c07ffff,HNWI,0,20.699962,0.01314,1.034949
8943a291c07ffff,HNWI,2,18.102157,0.011491,0.905064
8943a291c07ffff,HNWI,4,16.720043,0.010614,0.835962
8943a291c07ffff,HNWI,6,24.098925,0.015285,1.204888
8943a291c07ffff,HNWI,8,16.873193,0.010702,0.843619
8943a291c07ffff,HNWI,10,18.467155,0.01158,0.923303
8943a291c07ffff,HNWI,12,17.80318,0.011163,0.890106
8943a291c07ffff,HNWI,14,12.44891,0.007673,0.622445
8943a291c07ffff,HNWI,16,15.689225,0.00967,0.784461
8943a291c07ffff,HNWI,18,7.772783,0.004579,0.388639
8943a291c07ffff,HNWI,20,9.674612,0.005699,0.483731
8943a291c07ffff,HNWI,22,9.033406,0.005321,0.45167
8943a291c07ffff,Potential Car Buyers,0,28.541522,0.018246,1.427135
8943a291c07ffff,Potential Car Buyers,2,27.327145,0.01747,1.366413
8943a291c07ffff,Potential Car Buyers,4,23.574387,0.015071,1.178768
8943a291c07ffff,Potential Car Buyers,6,21.94399,0.01402,1.097154
8943a291c07ffff,Potential Car Buyers,8,23.62238,0.015092,1.18107
8943a291c07ffff,Potential Car Buyers,10,21.33726,0.013523,1.06681
8943a291c07ffff,Potential Car Buyers,12,18.317167,0.011609,0.915813
8943a291c07ffff,Potential Car Buyers,14,7.406139,0.004245,0.370359
8943a291c07ffff,Potential Car Buyers,16,7.075917,0.004056,0.353846
8943a291c07ffff,Potential Car Buyers,18,5.918482,0.003329,0.295924
8943a291c07ffff,Potential Car Buyers,20,7.35559,0.004137,0.36778
8943a291c07ffff,Potential Car Buyers,22,6.373052,0.003585,0.318653
8943a291c2fffff,Families,0,36.270928,0.0234,1.813605
8943a291c2fffff,Families,2,29.306813,0.018907,1.465388
8943a291c2fffff,Families,4,31.817792,0.020527,1.590941
8943a291c2fffff,Families,6,31.286156,0.020177,1.564359
8943a291c2fffff,Families,8,36.107956,0.023287,1.805457
8943a291c2fffff,Families,10,20.975721,0.013326,1.048737
8943a291c2fffff,Families,12,22.817857,0.014497,1.140839
8943a291c2fffff,Families,14,26.579305,0.01709,1.328965
8943a291c2fffff,Families,16,31.853211,0.020481,1.592661
8943a291c2fffff,Families,18,12.917403,0.007951,0.64587
8943a291c2fffff,Families,20,11.32057,0.006968,0.566029
8943a291c2fffff,Families,22,12.036881,0.007409,0.601844
8943a291c2fffff,HNWI,0,13.578694,0.008504,0.678935
8943a291c2fffff,HNWI,2,18.911255,0.011844,0.945563
8943a291c2fffff,HNWI,4,14.485589,0.009072,0.724279
8943a291c2fffff,HNWI,6,6.543206,0.003705,0.32721
8943a291c2fffff,HNWI,8,6.807849,0.003855,0.340444
8943a291c2fffff,HNWI,10,12.516289,0.007673,0.625814
8943a291c2fffff,HNWI,12,14.433513,0.008848,0.721676
8943a291c2fffff,HNWI,14,30.258124,0.019485,1.512906
8943a291c2fffff,HNWI,16,31.086199,0.020018,1.55431
8943a291c2fffff,HNWI,18,9.489233,0.005627,0.474409
8943a291c2fffff,HNWI,20,9.688005,0.005745,0.484347
8943a291c2fffff,HNWI,22,8.120675,0.004815,0.405989
8943a291c2fffff,Potential Car Buyers,0,4.29432,0.002148,0.214716
8943a291c2fffff,Potential Car Buyers,2,3.4324,0.001717,0.17162
8943a291c2fffff,Potential Car Buyers,4,4.48252,0.002242,0.224126
8943a291c2fffff,Potential Car Buyers,6,3.292504,0.001598,0.164625
8943a291c2fffff,Potential Car Buyers,8,3.720793,0.001806,0.18604
8943a291c2fffff,Potential Car Buyers,10,23.114895,0.014619,1.155745
8943a291c2fffff,Potential Car Buyers,12,19.693947,0.012455,0.984697
8943a291c2fffff,Potential Car Buyers,14,27.260301,0.017485,1.363067
8943a291c2fffff,Potential Car Buyers,16,30.029003,0.01926,1.501507
8943a291c2fffff,Potential Car Buyers,18,16.712662,0.01045,0.835685
8943a291c2fffff,Potential Car Buyers,20,17.941893,0.011219,0.89715
8943a291c2fffff,Potential Car Buyers,22,17.899922,0.011192,0.895052
8943a291cd7ffff,Families,0,23.812069,0.015298,1.190647
8943a291cd7ffff,Families,2,31.464908,0.020214,1.573303
8943a291cd7ffff,Families,4,28.788364,0.018494,1.439471
8943a291cd7ffff,Families,6,14.307028,0.008997,0.715351
8943a291cd7ffff,Families,8,14.298752,0.008992,0.714938
8943a291cd7ffff,Families,10,15.423123,0.009541,0.771156
8943a291cd7ffff,Families,12,14.170636,0.008766,0.708532
8943a291cd7ffff,Families,14,10.24878,0.006169,0.512489
8943a291cd7ffff,Families,16,8.461467,0.005093,0.423115
8943a291cd7ffff,Families,18,11.41491,0.006814,0.570746
8943a291cd7ffff,Families,20,8.701837,0.005194,0.435092
8943a291cd7ffff,Families,22,8.364457,0.004993,0.418223
8943a291cd7ffff,HNWI,0,16.0531,0.01014,0.802655
8943a291cd7ffff,HNWI,2,19.00722,0.012006,0.950361
8943a291cd7ffff,HNWI,4,19.81016,0.012513,0.990508
8943a291cd7ffff,HNWI,6,16.391513,0.010343,0.819576
8943a291cd7ffff,HNWI,8,20.935231,0.01321,1.046762
8943a291cd7ffff,HNWI,10,14.45002,0.008989,0.722501
8943a291cd7ffff,HNWI,12,12.274087,0.007635,0.613704
8943a291cd7ffff,HNWI,14,12.568436,0.007641,0.628477
8943a291cd7ffff,HNWI,16,11.330907,0.006889,0.566595
8943a291cd7ffff,HNWI,18,0.905727,4.6e-05,0.045328
8943a291cd7ffff,HNWI,20,1.243399,6.3e-05,0.062227
8943a291cd7ffff,HNWI,22,0.92726,4.7e-05,0.046406
8943a291cd7ffff,Potential Car Buyers,0,18.669645,0.011892,0.933482
8943a291cd7ffff,Potential Car Buyers,2,26.387104,0.016808,1.319355
8943a291cd7ffff,Potential Car Buyers,4,20.073961,0.012787,1.003698
8943a291cd7ffff,Potential Car Buyers,6,25.709138,0.016365,1.285457
8943a291cd7ffff,Potential Car Buyers,8,21.633973,0.013771,1.081699
8943a291cd7ffff,Potential Car Buyers,10,13.074728,0.008033,0.653736
8943a291cd7ffff,Potential Car Buyers,12,12.85068,0.007895,0.642534
8943a291cd7ffff,Potential Car Buyers,14,4.369836,0.002358,0.218492
8943a291cd7ffff,Potential Car Buyers,16,4.279516,0.00231,0.213976
8943a291cd7ffff,Potential Car Buyers,18,5.385504,0.002795,0.269215
8943a291cd7ffff,Potential Car Buyers,20,5.365313,0.002784,0.268206
8943a291cd7ffff,Potential Car Buyers,22,5.315961,0.002759,0.265739
8943a291e13ffff,Families,0,17.244678,0.010722,0.862176
8943a291e13ffff,Families,2,12.354786,0.007682,0.617698
8943a291e13ffff,Families,4,12.204501,0.007588,0.610184
8943a291e13ffff,Families,6,13.027844,0.008087,0.651437
8943a291e13ffff,Families,8,13.353746,0.008289,0.667733
8943a291e13ffff,Families,10,11.778473,0.007122,0.588978
8943a291e13ffff,Families,12,9.528878,0.005762,0.476488
8943a291e13ffff,Families,14,6.591332,0.003782,0.329567
8943a291e13ffff,Families,16,6.119643,0.003511,0.305982
8943a291e13ffff,Families,18,23.922604,0.015356,1.19613
8943a291e13ffff,Families,20,28.650899,0.018392,1.432545
8943a291e13ffff,Families,22,31.12131,0.019977,1.556065
8943a291e13ffff,HNWI,0,20.183145,0.012895,1.009115
8943a291e13ffff,HNWI,2,23.104765,0.014762,1.15519
8943a291e13ffff,HNWI,4,26.280429,0.016791,1.313967
8943a291e13ffff,HNWI,6,8.911124,0.005302,0.445556
8943a291e13ffff,HNWI,8,7.774704,0.004626,0.388735
8943a291e13ffff,HNWI,10,4.860608,0.002656,0.24303
8943a291e13ffff,HNWI,12,5.7467,0.00314,0.287335
8943a291e13ffff,HNWI,14,6.963761,0.003961,0.348137
8943a291e13ffff,HNWI,16,7.685839,0.004372,0.384235
8943a291e13ffff,HNWI,18,5.356047,0.002983,0.267802
8943a291e13ffff,HNWI,20,6.359357,0.003542,0.317968
8943a291e13ffff,HNWI,22,5.460026,0.003041,0.273001
8943a291e13ffff,Potential Car Buyers,0,13.536292,0.008333,0.676815
8943a291e13ffff,Potential Car Buyers,2,14.614474,0.008997,0.730724
8943a291e13ffff,Potential Car Buyers,4,14.351678,0.008835,0.717584
8943a291e13ffff,Potential Car Buyers,6,11.100881,0.006819,0.555044
8943a291e13ffff,Potential Car Buyers,8,13.723494,0.00843,0.686175
8943a291e13ffff,Potential Car Buyers,10,9.089529,0.005385,0.454476
8943a291e13ffff,Potential Car Buyers,12,7.875089,0.004665,0.393754
8943a291e13ffff,Potential Car Buyers,14,9.18222,0.005524,0.459066
8943a291e13ffff,Potential Car Buyers,16,10.407689,0.006261,0.520334
8943a291e13ffff,Potential Car Buyers,18,24.031048,0.015487,1.201592
8943a291e13ffff,Potential Car Buyers,20,27.581412,0.017775,1.379117
8943a291e13ffff,Potential Car Buyers,22,27.680017,0.017839,1.384047
8943a291e23ffff,Families,0,5.891662,0.003286,0.294583
8943a291e23ffff,Families,2,5.121795,0.002857,0.25609
8943a291e23ffff,Families,4,4.908058,0.002737,0.245403
8943a291e23ffff,Families,6,6.857163,0.003782,0.342858
8943a291e23ffff,Families,8,6.624611,0.003654,0.331231
8943a291e23ffff,Families,10,29.241557,0.018778,1.462078
8943a291e23ffff,Families,12,28.526618,0.018319,1.426331
8943a291e23ffff,Families,14,29.112825,0.018727,1.455692
8943a291e23ffff,Families,16,29.126198,0.018736,1.456361
8943a291e23ffff,Families,18,20.966159,0.01321,1.048366
8943a291e23ffff,Families,20,18.545944,0.011685,0.927348
8943a291e23ffff,Families,22,21.295634,0.013418,1.06484
8943a291e23ffff,HNWI,0,22.93218,0.014729,1.146567
8943a291e23ffff,HNWI,2,31.612539,0.020304,1.580569
8943a291e23ffff,HNWI,4,24.119809,0.015491,1.205946
8943a291e23ffff,HNWI,6,6.951395,0.00397,0.34757
8943a291e23ffff,HNWI,8,6.630215,0.003786,0.331511
8943a291e23ffff,HNWI,10,12.227274,0.007513,0.611412
8943a291e23ffff,HNWI,12,12.711866,0.00781,0.635643
8943a291e23ffff,HNWI,14,3.877526,0.002009,0.19392
8943a291e23ffff,HNWI,16,5.325759,0.00276,0.266347
8943a291e23ffff,HNWI,18,7.819595,0.004657,0.39098
8943a291e23ffff,HNWI,20,9.721049,0.00579,0.486052
8943a291e23ffff,HNWI,22,9.844467,0.005863,0.492223
8943a291e23ffff,Potential Car Buyers,0,4.684883,0.002404,0.234298
8943a291e23ffff,Potential Car Buyers,2,3.970068,0.002037,0.198549
8943a291e23ffff,Potential Car Buyers,4,3.962658,0.002033,0.198179
8943a291e23ffff,Potential Car Buyers,6,3.499343,0.001751,0.174923
8943a291e23ffff,Potential Car Buyers,8,3.987348,0.001995,0.199318
8943a291e23ffff,Potential Car Buyers,10,26.042541,0.016658,1.30218
8943a291e23ffff,Potential Car Buyers,12,23.041508,0.014738,1.152122
8943a291e23ffff,Potential Car Buyers,14,27.320044,0.017532,1.366002
8943a291e23ffff,Potential Car Buyers,16,24.758807,0.015888,1.23794
8943a291e23ffff,Potential Car Buyers,18,19.544314,0.012237,0.977216
8943a291e23ffff,Potential Car Buyers,20,14.514244,0.009088,0.725712
8943a291e23ffff,Potential Car Buyers,22,17.916538,0.011218,0.895827
8943a291e4bffff,Families,0,19.882976,0.012669,0.994105
8943a291e4bffff,Families,2,25.293949,0.016117,1.264641
8943a291e4bffff,Families,4,22.946809,0.014621,1.14729
8943a291e4bffff,Families,6,17.862019,0.011373,0.893061
8943a291e4bffff,Families,8,20.976261,0.013356,1.048766
8943a291e4bffff,Families,10,17.35827,0.010947,0.867867
8943a291e4bffff,Families,12,19.050009,0.012014,0.952449
8943a291e4bffff,Families,14,6.263796,0.003402,0.313248
8943a291e4bffff,Families,16,4.922636,0.002674,0.246177
8943a291e4bffff,Families,18,3.826798,0.002004,0.19134
8943a291e4bffff,Families,20,5.039072,0.002639,0.251954
8943a291e4bffff,Families,22,4.959302,0.002597,0.247965
8943a291e4bffff,HNWI,0,8.766191,0.005288,0.43831
8943a291e4bffff,HNWI,2,10.495437,0.006331,0.524772
8943a291e4bffff,HNWI,4,9.080247,0.005477,0.454012
8943a291e4bffff,HNWI,6,8.147549,0.004898,0.407377
8943a291e4bffff,HNWI,8,11.62405,0.006987,0.581202
8943a291e4bffff,HNWI,10,29.482564,0.018899,1.474128
8943a291e4bffff,HNWI,12,27.621485,0.017706,1.381074
8943a291e4bffff,HNWI,14,25.76572,0.016441,1.288286
8943a291e4bffff,HNWI,16,20.626464,0.013162,1.031323
8943a291e4bffff,HNWI,18,25.368016,0.016164,1.268345
8943a291e4bffff,HNWI,20,19.767789,0.012595,0.988346
8943a291e4bffff,HNWI,22,24.67205,0.01572,1.233548
8943a291e4bffff,Potential Car Buyers,0,15.815017,0.009943,0.790751
8943a291e4bffff,Potential Car Buyers,2,18.824721,0.011835,0.941236
8943a291e4bffff,Potential Car Buyers,4,14.933482,0.009389,0.746674
8943a291e4bffff,Potential Car Buyers,6,20.220491,0.012698,1.011025
8943a291e4bffff,Potential Car Buyers,8,17.35053,0.010896,0.867527
8943a291e4bffff,Potential Car Buyers,10,13.261695,0.008185,0.663085
8943a291e4bffff,Potential Car Buyers,12,14.666905,0.009052,0.733345
8943a291e4bffff,Potential Car Buyers,14,16.954218,0.010536,0.847768
8943a291e4bffff,Potential Car Buyers,16,15.802575,0.009821,0.790182
8943a291e4bffff,Potential Car Buyers,18,25.457292,0.016399,1.272822
8943a291e4bffff,Potential Car Buyers,20,31.64073,0.020383,1.581983
8943a291e4bffff,Potential Car Buyers,22,34.661071,0.022328,1.732995
8943a291e6bffff,Families,0,18.835382,0.011873,0.941769
8943a291e6bffff,Families,2,18.739558,0.011812,0.936978
8943a291e6bffff,Families,4,16.173379,0.010195,0.808669
8943a291e6bffff,Families,6,11.093599,0.006799,0.55468
8943a291e6bffff,Families,8,11.062288,0.00678,0.553114
8943a291e6bffff,Families,10,3.07635,0.001509,0.153817
8943a291e6bffff,Families,12,4.362986,0.00214,0.218149
8943a291e6bffff,Families,14,29.501901,0.018898,1.475095
8943a291e6bffff,Families,16,21.278712,0.013631,1.063936
8943a291e6bffff,Families,18,27.932452,0.01801,1.396577
8943a291e6bffff,Families,20,27.406784,0.017671,1.370294
8943a291e6bffff,Families,22,33.275171,0.021455,1.663704
8943a291e6bffff,HNWI,0,4.103417,0.002031,0.205224
8943a291e6bffff,HNWI,2,3.14289,0.001556,0.157185
8943a291e6bffff,HNWI,4,3.202828,0.001585,0.160183
8943a291e6bffff,HNWI,6,26.050658,0.016645,1.302533
8943a291e6bffff,HNWI,8,28.536695,0.018234,1.426835
8943a291e6bffff,HNWI,10,16.887121,0.010529,0.844356
8943a291e6bffff,HNWI,12,14.499331,0.00904,0.724967
8943a291e6bffff,HNWI,14,15.679401,0.009828,0.784017
8943a291e6bffff,HNWI,16,13.848346,0.00868,0.692459
8943a291e6bffff,HNWI,18,14.421245,0.009013,0.721062
8943a291e6bffff,HNWI,20,16.062206,0.010038,0.80311
8943a291e6bffff,HNWI,22,19.072204,0.011919,0.95361
8943a291e6bffff,Potential Car Buyers,0,7.250349,0.004204,0.362565
8943a291e6bffff,Potential Car Buyers,2,8.438431,0.004893,0.421977
8943a291e6bffff,Potential Car Buyers,4,6.55316,0.0038,0.327701
8943a291e6bffff,Potential Car Buyers,6,6.651923,0.003831,0.332551
8943a291e6bffff,Potential Car Buyers,8,6.038456,0.003478,0.301882
8943a291e6bffff,Potential Car Buyers,10,29.499188,0.018983,1.474908
8943a291e6bffff,Potential Car Buyers,12,32.616149,0.020989,1.630751
8943a291e6bffff,Potential Car Buyers,14,34.414568,0.02218,1.720728
8943a291e6bffff,Potential Car Buyers,16,33.891794,0.021843,1.69459
8943a291e6bffff,Potential Car Buyers,18,17.500475,0.011077,0.875024
8943a291e6bffff,Potential Car Buyers,20,20.50129,0.012977,1.025065
8943a291e6bffff,Potential Car Buyers,22,16.231933,0.010274,0.811597
8943a29a117ffff,Families,0,11.088118,0.006779,0.554406
8943a29a117ffff,Families,2,10.522599,0.006433,0.52613
8943a29a117ffff,Families,4,14.353486,0.008775,0.717674
8943a29a117ffff,Families,6,13.747891,0.008384,0.687395
8943a29a117ffff,Families,8,13.47821,0.008219,0.673911
8943a29a117ffff,Families,10,2.716247,0.00123,0.135812
8943a29a117ffff,Families,12,3.633727,0.001645,0.181686
8943a29a117ffff,Families,14,20.316797,0.013,1.01584
8943a29a117ffff,Families,16,25.363062,0.016229,1.268153
8943a29a117ffff,Families,18,26.685062,0.017054,1.334308
8943a29a117ffff,Families,20,26.921207,0.017205,1.346116
8943a29a117ffff,Families,22,25.081498,0.016029,1.254127
8943a29a117ffff,HNWI,0,26.516403,0.016975,1.325767
8943a29a117ffff,HNWI,2,22.135581,0.01417,1.106735
8943a29a117ffff,HNWI,4,25.181319,0.01612,1.259016
8943a29a117ffff,HNWI,6,15.78741,0.009836,0.78937
8943a29a117ffff,HNWI,8,13.959545,0.008697,0.697977
8943a29a117ffff,HNWI,10,14.445938,0.009007,0.722344
8943a29a117ffff,HNWI,12,13.308599,0.008297,0.665473
8943a29a117ffff,HNWI,14,7.683608,0.004477,0.384132
8943a29a117ffff,HNWI,16,8.374319,0.004879,0.418663
8943a29a117ffff,HNWI,18,8.2948,0.004761,0.41474
8943a29a117ffff,HNWI,20,8.218053,0.004717,0.410903
8943a29a117ffff,HNWI,22,6.524313,0.003745,0.326216
8943a29a117ffff,Potential Car Buyers,0,6.23351,0.003563,0.31172
8943a29a117ffff,Potential Car Buyers,2,6.441429,0.003682,0.322117
8943a29a117ffff,Potential Car Buyers,4,8.092807,0.004626,0.404698
8943a29a117ffff,Potential Car Buyers,6,6.340885,0.003595,0.316997
8943a29a117ffff,Potential Car Buyers,8,7.947276,0.004505,0.397304
8943a29a117ffff,Potential Car Buyers,10,26.840542,0.017257,1.342075
8943a29a117ffff,Potential Car Buyers,12,33.173701,0.021329,1.658744
8943a29a117ffff,Potential Car Buyers,14,32.294833,0.020797,1.614742
8943a29a117ffff,Potential Car Buyers,16,34.659079,0.02232,1.732954
8943a29a117ffff,Potential Car Buyers,18,21.71492,0.013719,1.085746
8943a29a117ffff,Potential Car Buyers,20,20.081139,0.012687,1.004057
8943a29a117ffff,Potential Car Buyers,22,17.155562,0.010839,0.857778
8943a29a803ffff,Families,0,2.224171,0.000811,0.111158
8943a29a803ffff,Families,2,1.979418,0.000722,0.098926
8943a29a803ffff,Families,4,2.494038,0.000909,0.124645
8943a29a803ffff,Families,6,25.333469,0.016134,1.266673
8943a29a803ffff,Families,8,22.395378,0.014263,1.119769
8943a29a803ffff,Families,10,19.761863,0.012467,0.988093
8943a29a803ffff,Families,12,16.42036,0.010359,0.821018
8943a29a803ffff,Families,14,16.796198,0.010453,0.839866
8943a29a803ffff,Families,16,14.107197,0.00878,0.705407
8943a29a803ffff,Families,18,12.985442,0.008052,0.649272
8943a29a803ffff,Families,20,16.961536,0.010517,0.848077
8943a29a803ffff,Families,22,15.005771,0.009305,0.750289
8943a29a803ffff,HNWI,0,13.866311,0.008578,0.693366
8943a29a803ffff,HNWI,2,12.318409,0.00762,0.615965
8943a29a803ffff,HNWI,4,12.016085,0.007433,0.600848
8943a29a803ffff,HNWI,6,14.339333,0.008853,0.71702
8943a29a803ffff,HNWI,8,12.992705,0.008022,0.649683
8943a29a803ffff,HNWI,10,4.934013,0.002498,0.24676
8943a29a803ffff,HNWI,12,3.551936,0.001799,0.17764
8943a29a803ffff,HNWI,14,12.872736,0.007806,0.643637
8943a29a803ffff,HNWI,16,11.283485,0.006842,0.564174
8943a29a803ffff,HNWI,18,30.729124,0.019697,1.536456
8943a29a803ffff,HNWI,20,26.061984,0.016706,1.303099
8943a29a803ffff,HNWI,22,25.590058,0.016403,1.279503
8943a29a803ffff,Potential Car Buyers,0,6.293081,0.003401,0.314654
8943a29a803ffff,Potential Car Buyers,2,6.160332,0.003329,0.308017
8943a29a803ffff,Potential Car Buyers,4,4.560807,0.002465,0.22804
8943a29a803ffff,Potential Car Buyers,6,23.648485,0.015146,1.182471
8943a29a803ffff,Potential Car Buyers,8,26.7153,0.017111,1.335818
8943a29a803ffff,Potential Car Buyers,10,18.640498,0.011689,0.93208
8943a29a803ffff,Potential Car Buyers,12,13.619353,0.008541,0.681008
8943a29a803ffff,Potential Car Buyers,14,20.169386,0.012704,1.008469
8943a29a803ffff,Potential Car Buyers,16,19.898971,0.012534,0.994949
8943a29a803ffff,Potential Car Buyers,18,18.996503,0.011936,0.94988
8943a29a803ffff,Potential Car Buyers,20,14.986918,0.009416,0.749389
8943a29a803ffff,Potential Car Buyers,22,16.840045,0.010581,0.842051
8943a29a8d7ffff,Families,0,20.22264,0.012699,1.011191
8943a29a8d7ffff,Families,2,19.139057,0.012019,0.957009
8943a29a8d7ffff,Families,4,15.659416,0.009833,0.783016
8943a29a8d7ffff,Families,6,7.122841,0.004103,0.356142
8943a29a8d7ffff,Families,8,7.270048,0.004188,0.363502
8943a29a8d7ffff,Families,10,30.061912,0.019345,1.503096
8943a29a8d7ffff,Families,12,32.957583,0.021208,1.647879
8943a29a8d7ffff,Families,14,35.649141,0.022975,1.782516
8943a29a8d7ffff,Families,16,32.225558,0.020769,1.611332
8943a29a8d7ffff,Families,18,27.160908,0.01749,1.358045
8943a29a8d7ffff,Families,20,31.275638,0.020139,1.563782
8943a29a8d7ffff,Families,22,30.928986,0.019916,1.546449
8943a29a8d7ffff,HNWI,0,13.547362,0.00828,0.677368
8943a29a8d7ffff,HNWI,2,10.009123,0.006117,0.500456
8943a29a8d7ffff,HNWI,4,12.779635,0.00781,0.638982
8943a29a8d7ffff,HNWI,6,12.411983,0.007566,0.620599
8943a29a8d7ffff,HNWI,8,13.230539,0.008065,0.661527
8943a29a8d7ffff,HNWI,10,6.678598,0.003891,0.33393
8943a29a8d7ffff,HNWI,12,9.317883,0.005428,0.465894
8943a29a8d7ffff,HNWI,14,23.875467,0.015276,1.193773
8943a29a8d7ffff,HNWI,16,27.508103,0.017601,1.375405
8943a29a8d7ffff,HNWI,18,28.696942,0.018338,1.434907
8943a29a8d7ffff,HNWI,20,26.707308,0.017066,1.335421
8943a29a8d7ffff,HNWI,22,25.118731,0.016051,1.255989
8943a29a8d7ffff,Potential Car Buyers,0,22.762366,0.014427,1.138118
8943a29a8d7ffff,Potential Car Buyers,2,17.325606,0.010981,0.86628
8943a29a8d7ffff,Potential Car Buyers,4,21.653005,0.013724,1.08265
8943a29a8d7ffff,Potential Car Buyers,6,6.201799,0.003392,0.310146
8943a29a8d7ffff,Potential Car Buyers,8,5.920367,0.003238,0.296072
8943a29a8d7ffff,Potential Car Buyers,10,1.850729,0.000554,0.092587
8943a29a8d7ffff,Potential Car Buyers,12,1.972181,0.000591,0.098663
8943a29a8d7ffff,Potential Car Buyers,14,2.844655,0.001282,0.142233
8943a29a8d7ffff,Potential Car Buyers,16,2.961093,0.001335,0.148055
8943a29a8d7ffff,Potential Car Buyers,18,2.492584,0.000955,0.124682
8943a29a8d7ffff,Potential Car Buyers,20,1.958384,0.00075,0.097961
8943a29a8d7ffff,Potential Car Buyers,22,2.472001,0.000947,0.123653
8943a29a9a7ffff,Families,0,4.736122,0.002454,0.236806
8943a29a9a7ffff,Families,2,4.840864,0.002508,0.242043
8943a29a9a7ffff,Families,4,3.884832,0.002013,0.194242
8943a29a9a7ffff,Families,6,16.856728,0.01067,0.842879
8943a29a9a7ffff,Families,8,22.066188,0.013968,1.103365
8943a29a9a7ffff,Families,10,19.259173,0.012196,0.962959
8943a29a9a7ffff,Families,12,18.377802,0.011638,0.91889
8943a29a9a7ffff,Families,14,20.304985,0.012755,1.015249
8943a29a9a7ffff,Families,16,19.049468,0.011966,0.952473
8943a29a9a7ffff,Families,18,15.481223,0.009699,0.774108
8943a29a9a7ffff,Families,20,17.769787,0.011132,0.888543
8943a29a9a7ffff,Families,22,17.219962,0.010788,0.86105
8943a29a9a7ffff,HNWI,0,25.08282,0.016152,1.254184
8943a29a9a7ffff,HNWI,2,25.798008,0.016612,1.289944
8943a29a9a7ffff,HNWI,4,28.639147,0.018442,1.432006
8943a29a9a7ffff,HNWI,6,34.053793,0.021919,1.702748
8943a29a9a7ffff,HNWI,8,27.176171,0.017492,1.358855
8943a29a9a7ffff,HNWI,10,17.172545,0.010865,0.858583
8943a29a9a7ffff,HNWI,12,20.897058,0.013221,1.0448
8943a29a9a7ffff,HNWI,14,22.66978,0.014415,1.133489
8943a29a9a7ffff,HNWI,16,25.6476,0.016309,1.28238
8943a29a9a7ffff,HNWI,18,13.332398,0.008107,0.66662
8943a29a9a7ffff,HNWI,20,12.37804,0.007526,0.618902
8943a29a9a7ffff,HNWI,22,11.60322,0.007055,0.580161
8943a29a9a7ffff,Potential Car Buyers,0,2.852769,0.001199,0.142691
8943a29a9a7ffff,Potential Car Buyers,2,2.987036,0.001255,0.149407
8943a29a9a7ffff,Potential Car Buyers,4,2.555551,0.001074,0.127825
8943a29a9a7ffff,Potential Car Buyers,6,14.651703,0.009202,0.732585
8943a29a9a7ffff,Potential Car Buyers,8,19.705434,0.012376,0.985272
8943a29a9a7ffff,Potential Car Buyers,10,21.012537,0.0134,1.050581
8943a29a9a7ffff,Potential Car Buyers,12,23.486725,0.014978,1.174285
8943a29a9a7ffff,Potential Car Buyers,14,10.364961,0.006213,0.5183
8943a29a9a7ffff,Potential Car Buyers,16,11.557932,0.006928,0.577955
8943a29a9a7ffff,Potential Car Buyers,18,16.611568,0.010326,0.830578
8943a29a9a7ffff,Potential Car Buyers,20,16.805212,0.010447,0.840261
8943a29a9a7ffff,Potential Car Buyers,22,14.254726,0.008861,0.712736
8943a29abb3ffff,Families,0,30.218583,0.01947,1.51098
8943a29abb3ffff,Families,2,26.500101,0.017074,1.32505
8943a29abb3ffff,Families,4,25.408092,0.01637,1.270447
8943a29abb3ffff,Families,6,29.2817,0.018859,1.464135
8943a29abb3ffff,Families,8,28.345103,0.018255,1.417303
8943a29abb3ffff,Families,10,22.001421,0.014097,1.100114
8943a29abb3ffff,Families,12,21.941342,0.014059,1.09711
8943a29abb3ffff,Families,14,30.178088,0.019373,1.508904
8943a29abb3ffff,Families,16,22.226375,0.014268,1.111319
8943a29abb3ffff,Families,18,12.417503,0.00758,0.620875
8943a29abb3ffff,Families,20,12.975097,0.00792,0.648755
8943a29abb3ffff,Families,22,11.090214,0.00677,0.554511
8943a29abb3ffff,HNWI,0,22.56256,0.014459,1.128128
8943a29abb3ffff,HNWI,2,26.419896,0.016931,1.320995
8943a29abb3ffff,HNWI,4,28.828477,0.018474,1.441424
8943a29abb3ffff,HNWI,6,13.133306,0.007966,0.656606
8943a29abb3ffff,HNWI,8,8.917801,0.005409,0.44585
8943a29abb3ffff,HNWI,10,1.948713,0.000538,0.097493
8943a29abb3ffff,HNWI,12,1.866736,0.000516,0.093392
8943a29abb3ffff,HNWI,14,6.912029,0.004072,0.345601
8943a29abb3ffff,HNWI,16,8.200873,0.004832,0.410044
8943a29abb3ffff,HNWI,18,7.37773,0.004293,0.36884
8943a29abb3ffff,HNWI,20,7.056304,0.004106,0.35277
8943a29abb3ffff,HNWI,22,8.463841,0.004925,0.423138
8943a29abb3ffff,Potential Car Buyers,0,2.458631,0.00106,0.122932
8943a29abb3ffff,Potential Car Buyers,2,2.762493,0.00119,0.138125
8943a29abb3ffff,Potential Car Buyers,4,2.694096,0.001161,0.134705
8943a29abb3ffff,Potential Car Buyers,6,2.256047,0.000902,0.112802
8943a29abb3ffff,Potential Car Buyers,8,2.616306,0.001046,0.130815
8943a29abb3ffff,Potential Car Buyers,10,28.722442,0.018483,1.436122
8943a29abb3ffff,Potential Car Buyers,12,23.826764,0.015333,1.191338
8943a29abb3ffff,Potential Car Buyers,14,21.730229,0.013912,1.086555
8943a29abb3ffff,Potential Car Buyers,16,30.089539,0.019264,1.504537
8943a29abb3ffff,Potential Car Buyers,18,13.991622,0.008703,0.699628
8943a29abb3ffff,Potential Car Buyers,20,13.790851,0.008578,0.689589
8943a29abb3ffff,Potential Car Buyers,22,16.460635,0.010239,0.823087
8943a29ac4fffff,Families,0,5.244403,0.002716,0.262162
8943a29ac4fffff,Families,2,3.822418,0.00198,0.191078
8943a29ac4fffff,Families,4,3.855413,0.001997,0.192728
8943a29ac4fffff,Families,6,27.848221,0.017813,1.392411
8943a29ac4fffff,Families,8,20.030243,0.012812,1.001512
8943a29ac4fffff,Families,10,31.586131,0.020366,1.579358
8943a29ac4fffff,Families,12,25.628623,0.016525,1.281473
8943a29ac4fffff,Families,14,15.311049,0.009618,0.765597
8943a29ac4fffff,Families,16,20.353169,0.012785,1.017717
8943a29ac4fffff,Families,18,25.180573,0.016031,1.259029
8943a29ac4fffff,Families,20,21.112974,0.013442,1.055649
8943a29ac4fffff,Families,22,25.935819,0.016512,1.296791
8943a29ac4fffff,HNWI,0,25.540791,0.016364,1.27704
8943a29ac4fffff,HNWI,2,23.963183,0.015354,1.198159
8943a29ac4fffff,HNWI,4,21.23244,0.013604,1.061622
8943a29ac4fffff,HNWI,6,15.260618,0.009531,0.762983
8943a29ac4fffff,HNWI,8,13.629201,0.008512,0.681417
8943a29ac4fffff,HNWI,10,9.858761,0.006028,0.492897
8943a29ac4fffff,HNWI,12,12.876978,0.007873,0.643795
8943a29ac4fffff,HNWI,14,7.667199,0.004508,0.38336
8943a29ac4fffff,HNWI,16,8.009229,0.00471,0.400461
8943a29ac4fffff,HNWI,18,8.232699,0.004779,0.411688
8943a29ac4fffff,HNWI,20,8.500663,0.004935,0.425088
8943a29ac4fffff,HNWI,22,7.571869,0.004396,0.378642
8943a29ac4fffff,Potential Car Buyers,0,6.711488,0.003882,0.335574
8943a29ac4fffff,Potential Car Buyers,2,8.731929,0.005051,0.436596
8943a29ac4fffff,Potential Car Buyers,4,7.744762,0.00448,0.387238
8943a29ac4fffff,Potential Car Buyers,6,8.500448,0.004883,0.425022
8943a29ac4fffff,Potential Car Buyers,8,7.714914,0.004432,0.385746
8943a29ac4fffff,Potential Car Buyers,10,23.18058,0.014915,1.159029
8943a29ac4fffff,Potential Car Buyers,12,26.480235,0.017038,1.324012
8943a29ac4fffff,Potential Car Buyers,14,16.785007,0.010641,0.83925
8943a29ac4fffff,Potential Car Buyers,16,21.155304,0.013412,1.057765
8943a29ac4fffff,Potential Car Buyers,18,22.253878,0.014081,1.112751
8943a29ac4fffff,Potential Car Buyers,20,21.693723,0.013727,1.084741
8943a29ac4fffff,Potential Car Buyers,22,17.993837,0.011386,0.899738
8943a29ad3bffff,Families,0,28.873787,0.018589,1.443689
8943a29ad3bffff,Families,2,34.881726,0.022457,1.744086
8943a29ad3bffff,Families,4,27.214568,0.017521,1.360728
8943a29ad3bffff,Families,6,32.949395,0.021204,1.64747
8943a29ad3bffff,Families,8,23.942845,0.015408,1.197142
8943a29ad3bffff,Families,10,27.275159,0.017458,1.363758
8943a29ad3bffff,Families,12,24.41967,0.01563,1.220984
8943a29ad3bffff,Families,14,25.494745,0.016351,1.274786
8943a29ad3bffff,Families,16,28.517388,0.01829,1.425924
8943a29ad3bffff,Families,18,9.783296,0.00594,0.489209
8943a29ad3bffff,Families,20,13.268094,0.008056,0.663464
8943a29ad3bffff,Families,22,10.033952,0.006092,0.501742
8943a29ad3bffff,HNWI,0,22.042167,0.014111,1.102152
8943a29ad3bffff,HNWI,2,25.352875,0.01623,1.267694
8943a29ad3bffff,HNWI,4,29.10173,0.01863,1.455144
8943a29ad3bffff,HNWI,6,9.741137,0.005872,0.487057
8943a29ad3bffff,HNWI,8,9.296099,0.005604,0.464805
8943a29ad3bffff,HNWI,10,13.724615,0.008586,0.686188
8943a29ad3bffff,HNWI,12,13.777734,0.008619,0.688844
8943a29ad3bffff,HNWI,14,7.4783,0.004358,0.373868
8943a29ad3bffff,HNWI,16,6.743387,0.00393,0.337127
8943a29ad3bffff,HNWI,18,7.921735,0.004549,0.396087
8943a29ad3bffff,HNWI,20,6.454496,0.003707,0.322725
8943a29ad3bffff,HNWI,22,5.996466,0.003444,0.299823
8943a29ad3bffff,Potential Car Buyers,0,9.957596,0.005853,0.49788
8943a29ad3bffff,Potential Car Buyers,2,7.160158,0.004209,0.358008
8943a29ad3bffff,Potential Car Buyers,4,8.178022,0.004807,0.408901
8943a29ad3bffff,Potential Car Buyers,6,25.030904,0.015985,1.251492
8943a29ad3bffff,Potential Car Buyers,8,22.115051,0.014123,1.105706
8943a29ad3bffff,Potential Car Buyers,10,19.11057,0.012104,0.955576
8943a29ad3bffff,Potential Car Buyers,12,22.699636,0.014377,1.135039
8943a29ad3bffff,Potential Car Buyers,14,16.778657,0.010505,0.838933
8943a29ad3bffff,Potential Car Buyers,16,19.544389,0.012237,0.977219
8943a29ad3bffff,Potential Car Buyers,18,16.722152,0.010606,0.836067
8943a29ad3bffff,Potential Car Buyers,20,23.637935,0.014992,1.181839
8943a29ad3bffff,Potential Car Buyers,22,16.536848,0.010488,0.826802
8943a29adc7ffff,Families,0,19.093529,0.011971,0.954619
8943a29adc7ffff,Families,2,17.51701,0.010982,0.875798
8943a29adc7ffff,Families,4,16.3536,0.010253,0.817631
8943a29adc7ffff,Families,6,7.441753,0.004244,0.372088
8943a29adc7ffff,Families,8,5.763942,0.003287,0.288197
8943a29adc7ffff,Families,10,23.422932,0.015064,1.171147
8943a29adc7ffff,Families,12,24.873614,0.015997,1.243681
8943a29adc7ffff,Families,14,32.49701,0.020933,1.624905
8943a29adc7ffff,Families,16,29.488937,0.018996,1.474497
8943a29adc7ffff,Families,18,33.837972,0.021778,1.691899
8943a29adc7ffff,Families,20,33.961984,0.021857,1.698099
8943a29adc7ffff,Families,22,34.595599,0.022265,1.72978
8943a29adc7ffff,HNWI,0,3.939664,0.002065,0.196983
8943a29adc7ffff,HNWI,2,5.536413,0.002902,0.276821
8943a29adc7ffff,HNWI,4,4.217368,0.002211,0.210868
8943a29adc7ffff,HNWI,6,13.028218,0.008081,0.651456
8943a29adc7ffff,HNWI,8,15.025151,0.00932,0.75131
8943a29adc7ffff,HNWI,10,12.094524,0.007304,0.604783
8943a29adc7ffff,HNWI,12,9.887191,0.005971,0.494406
8943a29adc7ffff,HNWI,14,10.567267,0.006452,0.528363
8943a29adc7ffff,HNWI,16,11.79222,0.0072,0.589611
8943a29adc7ffff,HNWI,18,16.696375,0.010467,0.834869
8943a29adc7ffff,HNWI,20,18.305165,0.011476,0.915313
8943a29adc7ffff,HNWI,22,13.715179,0.008598,0.6858
8943a29adc7ffff,Potential Car Buyers,0,13.244336,0.008077,0.662217
8943a29adc7ffff,Potential Car Buyers,2,11.058535,0.006744,0.552927
8943a29adc7ffff,Potential Car Buyers,4,12.671834,0.007728,0.633592
8943a29adc7ffff,Potential Car Buyers,6,11.253701,0.006845,0.562685
8943a29adc7ffff,Potential Car Buyers,8,9.971076,0.006065,0.498554
8943a29adc7ffff,Potential Car Buyers,10,32.403242,0.020809,1.620162
8943a29adc7ffff,Potential Car Buyers,12,23.139077,0.014859,1.156954
8943a29adc7ffff,Potential Car Buyers,14,22.34921,0.014293,1.117461
8943a29adc7ffff,Potential Car Buyers,16,21.349287,0.013654,1.067464
8943a29adc7ffff,Potential Car Buyers,18,22.25033,0.014211,1.112563
8943a29adc7ffff,Potential Car Buyers,20,21.703099,0.013862,1.085201
8943a29adc7ffff,Potential Car Buyers,22,27.340364,0.017462,1.367076
8943a8d640fffff,Families,0,23.533346,0.015153,1.176667
8943a8d640fffff,Families,2,26.480858,0.017051,1.324043
8943a8d640fffff,Families,4,26.673697,0.017175,1.333685
8943a8d640fffff,Families,6,23.199086,0.014931,1.159954
8943a8d640fffff,Families,8,28.005472,0.018025,1.400274
8943a8d640fffff,Families,10,13.108871,0.008145,0.655444
8943a8d640fffff,Families,12,15.670071,0.009736,0.783504
8943a8d640fffff,Families,14,21.270109,0.013523,1.063555
8943a8d640fffff,Families,16,22.490996,0.0143,1.124602
8943a8d640fffff,Families,18,12.680529,0.007707,0.634083
8943a8d640fffff,Families,20,11.174033,0.006791,0.558751
8943a8d640fffff,Families,22,9.476358,0.005759,0.47386
8943a8d640fffff,HNWI,0,14.405891,0.008955,0.720343
8943a8d640fffff,HNWI,2,14.934764,0.009284,0.746789
8943a8d640fffff,HNWI,4,17.370537,0.010798,0.868586
8943a8d640fffff,HNWI,6,13.722439,0.008516,0.686169
8943a8d640fffff,HNWI,8,13.956849,0.008661,0.697891
8943a8d640fffff,HNWI,10,11.38997,0.006884,0.569552
8943a8d640fffff,HNWI,12,9.772333,0.005907,0.488662
8943a8d640fffff,HNWI,14,27.355597,0.017577,1.367829
8943a8d640fffff,HNWI,16,30.211059,0.019412,1.510608
8943a8d640fffff,HNWI,18,30.19598,0.019382,1.509799
8943a8d640fffff,HNWI,20,26.172983,0.0168,1.308649
8943a8d640fffff,HNWI,22,26.645882,0.017103,1.332294
8943a8d640fffff,Potential Car Buyers,0,2.397965,0.000901,0.119951
8943a8d640fffff,Potential Car Buyers,2,2.393506,0.000899,0.119728
8943a8d640fffff,Potential Car Buyers,4,2.114149,0.000794,0.105754
8943a8d640fffff,Potential Car Buyers,6,18.586717,0.011815,0.929379
8943a8d640fffff,Potential Car Buyers,8,19.209154,0.012211,0.960502
8943a8d640fffff,Potential Car Buyers,10,16.59077,0.010438,0.829585
8943a8d640fffff,Potential Car Buyers,12,16.69847,0.010506,0.834971
8943a8d640fffff,Potential Car Buyers,14,18.260075,0.011534,0.913004
8943a8d640fffff,Potential Car Buyers,16,20.529728,0.012968,1.026486
8943a8d640fffff,Potential Car Buyers,18,15.058382,0.009341,0.752919
8943a8d640fffff,Potential Car Buyers,20,15.831381,0.009821,0.791569
8943a8d640fffff,Potential Car Buyers,22,12.018976,0.007456,0.600949
8943a8d64b7ffff,Families,0,17.714976,0.011025,0.885749
8943a8d64b7ffff,Families,2,13.049505,0.008121,0.652475
8943a8d64b7ffff,Families,4,16.944205,0.010545,0.84721
8943a8d64b7ffff,Families,6,23.956831,0.015326,1.19789
8943a8d64b7ffff,Families,8,29.629238,0.018954,1.481522
8943a8d64b7ffff,Families,10,36.061784,0.023253,1.803089
8943a8d64b7ffff,Families,12,31.32613,0.0202,1.566307
8943a8d64b7ffff,Families,14,23.479646,0.01495,1.173982
8943a8d64b7ffff,Families,16,21.031665,0.013391,1.051583
8943a8d64b7ffff,Families,18,25.078274,0.016103,1.25396
8943a8d64b7ffff,Families,20,32.147339,0.020642,1.607426
8943a8d64b7ffff,Families,22,22.651737,0.014545,1.132629
8943a8d64b7ffff,HNWI,0,25.140062,0.016213,1.257044
8943a8d64b7ffff,HNWI,2,24.882348,0.016046,1.244158
8943a8d64b7ffff,HNWI,4,31.76602,0.020486,1.588353
8943a8d64b7ffff,HNWI,6,16.443532,0.010273,0.822177
8943a8d64b7ffff,HNWI,8,16.794691,0.010492,0.839735
8943a8d64b7ffff,HNWI,10,14.385278,0.0088,0.719264
8943a8d64b7ffff,HNWI,12,11.385346,0.006965,0.569267
8943a8d64b7ffff,HNWI,14,13.096368,0.00808,0.654867
8943a8d64b7ffff,HNWI,16,12.689136,0.007828,0.634504
8943a8d64b7ffff,HNWI,18,11.946271,0.007336,0.597314
8943a8d64b7ffff,HNWI,20,14.220721,0.008732,0.711036
8943a8d64b7ffff,HNWI,22,11.594799,0.00712,0.57974
8943a8d64b7ffff,Potential Car Buyers,0,7.903206,0.004578,0.395108
8943a8d64b7ffff,Potential Car Buyers,2,8.016225,0.004644,0.400759
8943a8d64b7ffff,Potential Car Buyers,4,6.546591,0.003793,0.327287
8943a8d64b7ffff,Potential Car Buyers,6,5.845997,0.003364,0.29226
8943a8d64b7ffff,Potential Car Buyers,8,6.694961,0.003852,0.334702
8943a8d64b7ffff,Potential Car Buyers,10,3.970169,0.0019,0.198452
8943a8d64b7ffff,Potential Car Buyers,12,3.071499,0.00147,0.153532
8943a8d64b7ffff,Potential Car Buyers,14,19.062203,0.012087,0.953157
8943a8d64b7ffff,Potential Car Buyers,16,18.881744,0.011973,0.944133
8943a8d64b7ffff,Potential Car Buyers,18,15.934781,0.010085,0.796739
8943a8d64b7ffff,Potential Car Buyers,20,18.725372,0.011851,0.936269
8943a8d64b7ffff,Potential Car Buyers,22,20.036343,0.012681,1.001817
8943a8d664bffff,Families,0,32.171122,0.020756,1.608556
8943a8d664bffff,Families,2,33.718043,0.021754,1.685902
8943a8d664bffff,Families,4,30.947716,0.019967,1.547386
8943a8d664bffff,Families,6,20.467099,0.013,1.023403
8943a8d664bffff,Families,8,23.851126,0.015149,1.192613
8943a8d664bffff,Families,10,12.379566,0.007596,0.619028
8943a8d664bffff,Families,12,14.064521,0.008629,0.703282
8943a8d664bffff,Families,14,11.700823,0.007236,0.585041
8943a8d664bffff,Families,16,13.046989,0.008069,0.652349
8943a8d664bffff,Families,18,13.482372,0.008302,0.67417
8943a8d664bffff,Families,20,14.990143,0.00923,0.749564
8943a8d664bffff,Families,22,11.16367,0.006874,0.558226
8943a8d664bffff,HNWI,0,12.625662,0.007752,0.631283
8943a8d664bffff,HNWI,2,10.377441,0.006372,0.518872
8943a8d664bffff,HNWI,4,11.975642,0.007353,0.598782
8943a8d664bffff,HNWI,6,5.963556,0.003382,0.298178
8943a8d664bffff,HNWI,8,5.378356,0.00305,0.268918
8943a8d664bffff,HNWI,10,26.562185,0.017079,1.328109
8943a8d664bffff,HNWI,12,29.052363,0.01868,1.452618
8943a8d664bffff,HNWI,14,25.256667,0.016265,1.262876
8943a8d664bffff,HNWI,16,30.736524,0.019794,1.536879
8943a8d664bffff,HNWI,18,27.719108,0.017733,1.386011
8943a8d664bffff,HNWI,20,23.594175,0.015094,1.179756
8943a8d664bffff,HNWI,22,21.673078,0.013865,1.083698
8943a8d664bffff,Potential Car Buyers,0,25.243576,0.016182,1.26213
8943a8d664bffff,Potential Car Buyers,2,28.966766,0.018568,1.448282
8943a8d664bffff,Potential Car Buyers,4,25.76052,0.016513,1.287976
8943a8d664bffff,Potential Car Buyers,6,22.173542,0.014045,1.108622
8943a8d664bffff,Potential Car Buyers,8,16.659764,0.010552,0.832947
8943a8d664bffff,Potential Car Buyers,10,9.570131,0.005822,0.478548
8943a8d664bffff,Potential Car Buyers,12,10.466265,0.006367,0.523359
8943a8d664bffff,Potential Car Buyers,14,3.538699,0.001612,0.176991
8943a8d664bffff,Potential Car Buyers,16,2.687582,0.001224,0.134422
8943a8d664bffff,Potential Car Buyers,18,9.016322,0.005264,0.450816
8943a8d664bffff,Potential Car Buyers,20,8.627573,0.005037,0.431379
8943a8d664bffff,Potential Car Buyers,22,8.486531,0.004954,0.424327
8943a8d66b3ffff,Families,0,12.000357,0.00736,0.59997
8943a8d66b3ffff,Families,2,11.996113,0.007358,0.599758
8943a8d66b3ffff,Families,4,11.467917,0.007034,0.57335
8943a8d66b3ffff,Families,6,23.417477,0.014908,1.170874
8943a8d66b3ffff,Families,8,20.958382,0.013343,1.047919
8943a8d66b3ffff,Families,10,19.030643,0.011999,0.951532
8943a8d66b3ffff,Families,12,17.688408,0.011153,0.88442
8943a8d66b3ffff,Families,14,19.117533,0.012098,0.955925
8943a8d66b3ffff,Families,16,20.290324,0.012841,1.014568
8943a8d66b3ffff,Families,18,27.997241,0.017906,1.399862
8943a8d66b3ffff,Families,20,21.498873,0.01375,1.074944
8943a8d66b3ffff,Families,22,27.314909,0.01747,1.365745
8943a8d66b3ffff,HNWI,0,20.260845,0.012779,1.013097
8943a8d66b3ffff,HNWI,2,15.915388,0.010038,0.795812
8943a8d66b3ffff,HNWI,4,17.701884,0.011165,0.885142
8943a8d66b3ffff,HNWI,6,15.150045,0.009545,0.757544
8943a8d66b3ffff,HNWI,8,21.250498,0.013389,1.062583
8943a8d66b3ffff,HNWI,10,15.863421,0.009844,0.793226
8943a8d66b3ffff,HNWI,12,13.53065,0.008396,0.676579
8943a8d66b3ffff,HNWI,14,1.220721,0.000201,0.061082
8943a8d66b3ffff,HNWI,16,1.189576,0.000196,0.059524
8943a8d66b3ffff,HNWI,18,31.918775,0.020585,1.595939
8943a8d66b3ffff,HNWI,20,31.454694,0.020285,1.572735
8943a8d66b3ffff,HNWI,22,29.130314,0.018786,1.456516
8943a8d66b3ffff,Potential Car Buyers,0,1.816246,0.000549,0.090812
8943a8d66b3ffff,Potential Car Buyers,2,1.482691,0.000449,0.074135
8943a8d66b3ffff,Potential Car Buyers,4,2.119968,0.000641,0.105998
8943a8d66b3ffff,Potential Car Buyers,6,18.581481,0.011665,0.92902
8943a8d66b3ffff,Potential Car Buyers,8,16.448905,0.010327,0.822397
8943a8d66b3ffff,Potential Car Buyers,10,25.234197,0.016089,1.26171
8943a8d66b3ffff,Potential Car Buyers,12,18.739986,0.011949,0.936999
8943a8d66b3ffff,Potential Car Buyers,14,12.747163,0.007919,0.637358
8943a8d66b3ffff,Potential Car Buyers,16,13.761406,0.008549,0.68807
8943a8d66b3ffff,Potential Car Buyers,18,13.951144,0.008633,0.697607
8943a8d66b3ffff,Potential Car Buyers,20,13.534013,0.008375,0.676749
8943a8d66b3ffff,Potential Car Buyers,22,13.631515,0.008435,0.681625
8943ac4d953ffff,Families,0,6.116832,0.00346,0.305795
8943ac4d953ffff,Families,2,5.845168,0.003306,0.292214
8943ac4d953ffff,Families,4,6.88511,0.003894,0.344203
8943ac4d953ffff,Families,6,28.131193,0.018143,1.406514
8943ac4d953ffff,Families,8,28.835063,0.018597,1.441706
8943ac4d953ffff,Families,10,24.510954,0.015601,1.225492
8943ac4d953ffff,Families,12,20.528304,0.013066,1.026369
8943ac4d953ffff,Families,14,26.926971,0.017182,1.346349
8943ac4d953ffff,Families,16,22.879194,0.0146,1.14396
8943ac4d953ffff,Families,18,21.183355,0.013367,1.059168
8943ac4d953ffff,Families,20,16.696954,0.010536,0.834848
8943ac4d953ffff,Families,22,18.452121,0.011644,0.922606
8943ac4d953ffff,HNWI,0,18.362912,0.01169,0.918146
8943ac4d953ffff,HNWI,2,25.817247,0.016435,1.290862
8943ac4d953ffff,HNWI,4,23.959587,0.015253,1.197979
8943ac4d953ffff,HNWI,6,20.035723,0.012746,1.001786
8943ac4d953ffff,HNWI,8,24.992736,0.015899,1.249637
8943ac4d953ffff,HNWI,10,15.01841,0.009459,0.75092
8943ac4d953ffff,HNWI,12,16.107669,0.010145,0.805383
8943ac4d953ffff,HNWI,14,4.714827,0.00251,0.235741
8943ac4d953ffff,HNWI,16,5.571717,0.002967,0.278586
8943ac4d953ffff,HNWI,18,4.365988,0.002223,0.218248
8943ac4d953ffff,HNWI,20,4.894409,0.002492,0.244663
8943ac4d953ffff,HNWI,22,4.663597,0.002374,0.233125
8943ac4d953ffff,Potential Car Buyers,0,13.387237,0.008268,0.669411
8943ac4d953ffff,Potential Car Buyers,2,15.492836,0.009568,0.774699
8943ac4d953ffff,Potential Car Buyers,4,12.584614,0.007772,0.629277
8943ac4d953ffff,Potential Car Buyers,6,30.430161,0.019585,1.521508
8943ac4d953ffff,Potential Car Buyers,8,24.563553,0.015809,1.228178
8943ac4d953ffff,Potential Car Buyers,10,21.341626,0.013662,1.067081
8943ac4d953ffff,Potential Car Buyers,12,21.526716,0.013781,1.076336
8943ac4d953ffff,Potential Car Buyers,14,26.359255,0.016908,1.318013
8943ac4d953ffff,Potential Car Buyers,16,29.484322,0.018912,1.474272
8943ac4d953ffff,Potential Car Buyers,18,27.318711,0.017503,1.365936
8943ac4d953ffff,Potential Car Buyers,20,27.583142,0.017673,1.379157
8943ac4d953ffff,Potential Car Buyers,22,27.056075,0.017335,1.352804
8943ac4da67ffff,Families,0,18.411487,0.011728,0.920574
8943ac4da67ffff,Families,2,21.879982,0.013938,1.093999
8943ac4da67ffff,Families,4,24.255006,0.015451,1.21275
8943ac4da67ffff,Families,6,21.963183,0.013981,1.098159
8943ac4da67ffff,Families,8,20.297114,0.01292,1.014856
8943ac4da67ffff,Families,10,8.907882,0.005188,0.445394
8943ac4da67ffff,Families,12,8.745063,0.005093,0.437253
8943ac4da67ffff,Families,14,15.182421,0.009438,0.759172
8943ac4da67ffff,Families,16,15.092676,0.009382,0.754685
8943ac4da67ffff,Families,18,5.23538,0.00272,0.261827
8943ac4da67ffff,Families,20,4.032273,0.002095,0.201658
8943ac4da67ffff,Families,22,4.954468,0.002574,0.247778
8943ac4da67ffff,HNWI,0,8.530134,0.004977,0.426453
8943ac4da67ffff,HNWI,2,6.579337,0.003839,0.328926
8943ac4da67ffff,HNWI,4,9.396105,0.005482,0.469747
8943ac4da67ffff,HNWI,6,22.174531,0.014149,1.108727
8943ac4da67ffff,HNWI,8,21.225917,0.013544,1.061296
8943ac4da67ffff,HNWI,10,29.568405,0.019035,1.478471
8943ac4da67ffff,HNWI,12,26.939514,0.017343,1.347022
8943ac4da67ffff,HNWI,14,21.354525,0.013553,1.067778
8943ac4da67ffff,HNWI,16,24.856232,0.015776,1.242871
8943ac4da67ffff,HNWI,18,17.356148,0.010995,0.867807
8943ac4da67ffff,HNWI,20,21.457689,0.013594,1.072884
8943ac4da67ffff,HNWI,22,21.431585,0.013577,1.071579
8943ac4da67ffff,Potential Car Buyers,0,23.020214,0.014628,1.151011
8943ac4da67ffff,Potential Car Buyers,2,22.956693,0.014588,1.147835
8943ac4da67ffff,Potential Car Buyers,4,24.458405,0.015542,1.22292
8943ac4da67ffff,Potential Car Buyers,6,6.722974,0.003805,0.336098
8943ac4da67ffff,Potential Car Buyers,8,5.709334,0.003232,0.285424
8943ac4da67ffff,Potential Car Buyers,10,2.853266,0.001239,0.142613
8943ac4da67ffff,Potential Car Buyers,12,3.102547,0.001347,0.155073
8943ac4da67ffff,Potential Car Buyers,14,3.569635,0.001805,0.178482
8943ac4da67ffff,Potential Car Buyers,16,4.353475,0.002201,0.217674
8943ac4da67ffff,Potential Car Buyers,18,3.410011,0.001605,0.170551
8943ac4da67ffff,Potential Car Buyers,20,3.305043,0.001556,0.165301
8943ac4da67ffff,Potential Car Buyers,22,3.242301,0.001526,0.162163
8943ac4db67ffff,Families,0,24.86542,0.015991,1.243315
8943ac4db67ffff,Families,2,32.715844,0.021039,1.63585
8943ac4db67ffff,Families,4,31.191569,0.020059,1.559634
8943ac4db67ffff,Families,6,23.425427,0.015058,1.171313
8943ac4db67ffff,Families,8,25.892657,0.016644,1.294679
8943ac4db67ffff,Families,10,28.081997,0.017948,1.404158
8943ac4db67ffff,Families,12,24.099451,0.015402,1.205022
8943ac4db67ffff,Families,14,24.401241,0.015629,1.220062
8943ac4db67ffff,Families,16,22.825729,0.01462,1.141286
8943ac4db67ffff,Families,18,20.201571,0.012821,1.010079
8943ac4db67ffff,Families,20,23.588144,0.01497,1.179407
8943ac4db67ffff,Families,22,17.30601,0.010983,0.865301
8943ac4db67ffff,HNWI,0,17.706007,0.011074,0.8853
8943ac4db67ffff,HNWI,2,13.394293,0.008378,0.669715
8943ac4db67ffff,HNWI,4,14.918127,0.009331,0.745906
8943ac4db67ffff,HNWI,6,13.277539,0.008293,0.663877
8943ac4db67ffff,HNWI,8,15.550628,0.009713,0.777531
8943ac4db67ffff,HNWI,10,1.364461,0.000346,0.068223
8943ac4db67ffff,HNWI,12,1.362253,0.000346,0.068113
8943ac4db67ffff,HNWI,14,8.948106,0.005264,0.447458
8943ac4db67ffff,HNWI,16,8.233763,0.004844,0.411737
8943ac4db67ffff,HNWI,18,29.056438,0.018686,1.452873
8943ac4db67ffff,HNWI,20,25.690587,0.016521,1.284575
8943ac4db67ffff,HNWI,22,22.764105,0.014639,1.138246
8943ac4db67ffff,Potential Car Buyers,0,20.75085,0.013128,1.037542
8943ac4db67ffff,Potential Car Buyers,2,22.975365,0.014536,1.148768
8943ac4db67ffff,Potential Car Buyers,4,15.889618,0.010053,0.794481
8943ac4db67ffff,Potential Car Buyers,6,8.056193,0.004819,0.402851
8943ac4db67ffff,Potential Car Buyers,8,9.149703,0.005474,0.457532
8943ac4db67ffff,Potential Car Buyers,10,5.130649,0.002743,0.256532
8943ac4db67ffff,Potential Car Buyers,12,4.613901,0.002466,0.230695
8943ac4db67ffff,Potential Car Buyers,14,1.996215,0.000777,0.099811
8943ac4db67ffff,Potential Car Buyers,16,2.59948,0.001011,0.129974
8943ac4db67ffff,Potential Car Buyers,18,1.568808,0.000418,0.078488
8943ac4db67ffff,Potential Car Buyers,20,1.355994,0.000361,0.06784
8943ac4db67ffff,Potential Car Buyers,22,1.794028,0.000478,0.089755
8943ac4dbcbffff,Families,0,9.032518,0.005442,0.451626
8943ac4dbcbffff,Families,2,11.52834,0.006945,0.576417
8943ac4dbcbffff,Families,4,8.438339,0.005084,0.421917
8943ac4dbcbffff,Families,6,27.805895,0.017931,1.39034
8943ac4dbcbffff,Families,8,28.332209,0.01827,1.416657
8943ac4dbcbffff,Families,10,29.590416,0.019085,1.479521
8943ac4dbcbffff,Families,12,35.743431,0.023053,1.787172
8943ac4dbcbffff,Families,14,23.390638,0.014922,1.169532
8943ac4dbcbffff,Families,16,23.108977,0.014742,1.155449
8943ac4dbcbffff,Families,18,26.245481,0.016719,1.312216
8943ac4dbcbffff,Families,20,22.231509,0.014162,1.111526
8943ac4dbcbffff,Families,22,24.19405,0.015412,1.209649
8943ac4dbcbffff,HNWI,0,16.293689,0.010201,0.814684
8943ac4dbcbffff,HNWI,2,14.108758,0.008833,0.705438
8943ac4dbcbffff,HNWI,4,13.609828,0.008521,0.680491
8943ac4dbcbffff,HNWI,6,17.593555,0.011,0.879678
8943ac4dbcbffff,HNWI,8,14.545835,0.009095,0.727292
8943ac4dbcbffff,HNWI,10,12.890172,0.007897,0.644509
8943ac4dbcbffff,HNWI,12,13.198565,0.008086,0.659928
8943ac4dbcbffff,HNWI,14,8.762163,0.005174,0.438158
8943ac4dbcbffff,HNWI,16,9.344658,0.005518,0.467286
8943ac4dbcbffff,HNWI,18,7.466106,0.004356,0.373305
8943ac4dbcbffff,HNWI,20,7.12186,0.004155,0.356093
8943ac4dbcbffff,HNWI,22,8.540455,0.004983,0.427023
8943ac4dbcbffff,Potential Car Buyers,0,30.530702,0.01967,1.526484
8943ac4dbcbffff,Potential Car Buyers,2,31.764088,0.020464,1.588151
8943ac4dbcbffff,Potential Car Buyers,4,26.227368,0.016897,1.311324
8943ac4dbcbffff,Potential Car Buyers,6,34.361068,0.022129,1.718112
8943ac4dbcbffff,Potential Car Buyers,8,28.289659,0.018219,1.414531
8943ac4dbcbffff,Potential Car Buyers,10,24.89964,0.015953,1.245031
8943ac4dbcbffff,Potential Car Buyers,12,24.801722,0.01589,1.240134
8943ac4dbcbffff,Potential Car Buyers,14,22.592779,0.01438,1.129639
8943ac4dbcbffff,Potential Car Buyers,16,25.844642,0.01645,1.292232
8943ac4dbcbffff,Potential Car Buyers,18,9.668485,0.0059,0.483424
8943ac4dbcbffff,Potential Car Buyers,20,11.3818,0.006945,0.56909
8943ac4dbcbffff,Potential Car Buyers,22,10.53558,0.006429,0.526779
8943ac6c123ffff,Families,0,8.764616,0.005289,0.438231
8943ac6c123ffff,Families,2,11.309256,0.006824,0.565463
8943ac6c123ffff,Families,4,10.462551,0.006313,0.523128
8943ac6c123ffff,Families,6,9.000759,0.005413,0.450038
8943ac6c123ffff,Families,8,10.056548,0.006048,0.502827
8943ac6c123ffff,Families,10,29.459483,0.019003,1.472974
8943ac6c123ffff,Families,12,25.631819,0.016534,1.281591
8943ac6c123ffff,Families,14,6.563526,0.003809,0.328219
8943ac6c123ffff,Families,16,9.100445,0.005281,0.455081
8943ac6c123ffff,Families,18,18.751675,0.011949,0.937542
8943ac6c123ffff,Families,20,21.166805,0.013488,1.058293
8943ac6c123ffff,Families,22,23.926406,0.015246,1.196267
8943ac6c123ffff,HNWI,0,27.590248,0.017689,1.37946
8943ac6c123ffff,HNWI,2,29.36557,0.018827,1.468222
8943ac6c123ffff,HNWI,4,22.46351,0.014402,1.123132
8943ac6c123ffff,HNWI,6,14.544483,0.009099,0.727224
8943ac6c123ffff,HNWI,8,19.000342,0.011887,0.950017
8943ac6c123ffff,HNWI,10,23.109828,0.014707,1.155439
8943ac6c123ffff,HNWI,12,24.144787,0.015366,1.207184
8943ac6c123ffff,HNWI,14,7.44184,0.004404,0.37205
8943ac6c123ffff,HNWI,16,7.458915,0.004414,0.372904
8943ac6c123ffff,HNWI,18,8.204501,0.0048,0.410225
8943ac6c123ffff,HNWI,20,7.454291,0.004361,0.372715
8943ac6c123ffff,HNWI,22,7.911955,0.004629,0.395598
8943ac6c123ffff,Potential Car Buyers,0,8.290111,0.004939,0.414506
8943ac6c123ffff,Potential Car Buyers,2,7.969776,0.004748,0.398489
8943ac6c123ffff,Potential Car Buyers,4,11.235788,0.006694,0.561789
8943ac6c123ffff,Potential Car Buyers,6,29.484944,0.018992,1.474297
8943ac6c123ffff,Potential Car Buyers,8,25.693613,0.01655,1.284724
8943ac6c123ffff,Potential Car Buyers,10,23.198753,0.014867,1.159983
8943ac6c123ffff,Potential Car Buyers,12,26.115489,0.016736,1.305825
8943ac6c123ffff,Potential Car Buyers,14,21.014658,0.01338,1.050733
8943ac6c123ffff,Potential Car Buyers,16,19.184998,0.012215,0.95925
8943ac6c123ffff,Potential Car Buyers,18,25.394188,0.016142,1.26965
8943ac6c123ffff,Potential Car Buyers,20,23.442325,0.014902,1.172062
8943ac6c123ffff,Potential Car Buyers,22,17.76412,0.011292,0.888165
8943ac6c333ffff,Families,0,25.306127,0.016166,1.265359
8943ac6c333ffff,Families,2,26.925904,0.0172,1.346352
8943ac6c333ffff,Families,4,20.77954,0.013274,1.039021
8943ac6c333ffff,Families,6,22.307301,0.014241,1.115412
8943ac6c333ffff,Families,8,22.378208,0.014286,1.118958
8943ac6c333ffff,Families,10,22.86936,0.014478,1.143526
8943ac6c333ffff,Families,12,17.542664,0.011106,0.877177
8943ac6c333ffff,Families,14,6.174938,0.003503,0.308793
8943ac6c333ffff,Families,16,6.505999,0.003691,0.325348
8943ac6c333ffff,Families,18,18.19614,0.011394,0.909807
8943ac6c333ffff,Families,20,17.644189,0.011048,0.882209
8943ac6c333ffff,Families,22,16.417211,0.01028,0.820861
8943ac6c333ffff,HNWI,0,22.882925,0.014608,1.144146
8943ac6c333ffff,HNWI,2,27.030793,0.017256,1.35154
8943ac6c333ffff,HNWI,4,19.116243,0.012203,0.955812
8943ac6c333ffff,HNWI,6,20.886032,0.013325,1.044302
8943ac6c333ffff,HNWI,8,24.382736,0.015556,1.219137
8943ac6c333ffff,HNWI,10,15.9283,0.009893,0.796415
8943ac6c333ffff,HNWI,12,12.056579,0.007488,0.602829
8943ac6c333ffff,HNWI,14,15.094432,0.00943,0.754674
8943ac6c333ffff,HNWI,16,12.758221,0.00797,0.637871
8943ac6c333ffff,HNWI,18,11.669568,0.007088,0.58353
8943ac6c333ffff,HNWI,20,12.450182,0.007562,0.622565
8943ac6c333ffff,HNWI,22,13.35171,0.008109,0.667645
8943ac6c333ffff,Potential Car Buyers,0,22.035462,0.013912,1.101773
8943ac6c333ffff,Potential Car Buyers,2,20.567235,0.012985,1.028362
8943ac6c333ffff,Potential Car Buyers,4,18.905796,0.011936,0.94529
8943ac6c333ffff,Potential Car Buyers,6,21.804707,0.013753,1.090235
8943ac6c333ffff,Potential Car Buyers,8,16.114993,0.010164,0.80575
8943ac6c333ffff,Potential Car Buyers,10,14.603394,0.009077,0.73017
8943ac6c333ffff,Potential Car Buyers,12,12.366035,0.007687,0.618302
8943ac6c333ffff,Potential Car Buyers,14,15.810444,0.009884,0.790473
8943ac6c333ffff,Potential Car Buyers,16,19.171096,0.011985,0.958495
8943ac6c333ffff,Potential Car Buyers,18,25.122158,0.016207,1.256149
8943ac6c333ffff,Potential Car Buyers,20,28.687575,0.018508,1.434425
8943ac6c333ffff,Potential Car Buyers,22,36.51188,0.023555,1.825653
8943ac6c37bffff,Families,0,10.039949,0.005914,0.501997
8943ac6c37bffff,Families,2,8.958777,0.005277,0.447939
8943ac6c37bffff,Families,4,8.320145,0.004901,0.416007
8943ac6c37bffff,Families,6,31.827382,0.020481,1.591424
8943ac6c37bffff,Families,8,30.686792,0.019747,1.534393
8943ac6c37bffff,Families,10,16.455527,0.010215,0.822833
8943ac6c37bffff,Families,12,12.979026,0.008057,0.648996
8943ac6c37bffff,Families,14,24.671561,0.01568,1.233578
8943ac6c37bffff,Families,16,22.048229,0.014013,1.102411
8943ac6c37bffff,Families,18,21.520067,0.013653,1.076055
8943ac6c37bffff,Families,20,18.703419,0.011866,0.935216
8943ac6c37bffff,Families,22,18.770561,0.011909,0.938573
8943ac6c37bffff,HNWI,0,7.047123,0.004127,0.352313
8943ac6c37bffff,HNWI,2,7.082803,0.004148,0.354097
8943ac6c37bffff,HNWI,4,8.092999,0.00474,0.404601
8943ac6c37bffff,HNWI,6,24.354065,0.015547,1.217703
8943ac6c37bffff,HNWI,8,22.461807,0.014339,1.12309
8943ac6c37bffff,HNWI,10,24.460709,0.015619,1.223087
8943ac6c37bffff,HNWI,12,23.205591,0.014818,1.160329
8943ac6c37bffff,HNWI,14,24.906967,0.015817,1.245408
8943ac6c37bffff,HNWI,16,20.222868,0.012842,1.011191
8943ac6c37bffff,HNWI,18,16.568259,0.010502,0.828413
8943ac6c37bffff,HNWI,20,16.699207,0.010585,0.83496
8943ac6c37bffff,HNWI,22,18.359302,0.011638,0.917965
8943ac6c37bffff,Potential Car Buyers,0,10.567905,0.006441,0.528441
8943ac6c37bffff,Potential Car Buyers,2,11.204414,0.006829,0.560269
8943ac6c37bffff,Potential Car Buyers,4,13.784574,0.008402,0.689288
8943ac6c37bffff,Potential Car Buyers,6,19.490593,0.012385,0.97453
8943ac6c37bffff,Potential Car Buyers,8,23.603271,0.014999,1.180164
8943ac6c37bffff,Potential Car Buyers,10,19.609665,0.012331,0.980483
8943ac6c37bffff,Potential Car Buyers,12,16.34297,0.010276,0.817148
8943ac6c37bffff,Potential Car Buyers,14,21.001024,0.013259,1.050107
8943ac6c37bffff,Potential Car Buyers,16,18.768785,0.01185,0.938489
8943ac6c37bffff,Potential Car Buyers,18,26.943619,0.017207,1.347181
8943ac6c37bffff,Potential Car Buyers,20,21.12836,0.013493,1.056418
8943ac6c37bffff,Potential Car Buyers,22,24.017244,0.015338,1.200862
8943ac6c81bffff,Families,0,10.43637,0.006311,0.521818
8943ac6c81bffff,Families,2,12.634438,0.00764,0.631722
8943ac6c81bffff,Families,4,9.667207,0.005846,0.48336
8943ac6c81bffff,Families,6,26.507497,0.0171,1.325332
8943ac6c81bffff,Families,8,36.071344,0.02327,1.803509
8943ac6c81bffff,Families,10,22.061373,0.014147,1.103069
8943ac6c81bffff,Families,12,27.947688,0.017922,1.397384
8943ac6c81bffff,Families,14,27.585738,0.017611,1.379287
8943ac6c81bffff,Families,16,25.494143,0.016276,1.274707
8943ac6c81bffff,Families,18,22.469185,0.014324,1.12341
8943ac6c81bffff,Families,20,22.452299,0.014313,1.122566
8943ac6c81bffff,Families,22,24.080891,0.015351,1.203992
8943ac6c81bffff,HNWI,0,19.196197,0.012095,0.959757
8943ac6c81bffff,HNWI,2,14.761479,0.009301,0.738033
8943ac6c81bffff,HNWI,4,17.570824,0.011071,0.878493
8943ac6c81bffff,HNWI,6,7.189266,0.004218,0.359463
8943ac6c81bffff,HNWI,8,9.440323,0.005539,0.472016
8943ac6c81bffff,HNWI,10,14.919563,0.009242,0.746031
8943ac6c81bffff,HNWI,12,13.536513,0.008386,0.676874
8943ac6c81bffff,HNWI,14,0.952659,3e-06,0.04768
8943ac6c81bffff,HNWI,16,0.898949,3e-06,0.044992
8943ac6c81bffff,HNWI,18,5.363256,0.002878,0.268163
8943ac6c81bffff,HNWI,20,5.81019,0.003117,0.29051
8943ac6c81bffff,HNWI,22,5.385409,0.00289,0.26927
8943ac6c81bffff,Potential Car Buyers,0,30.18067,0.019453,1.509084
8943ac6c81bffff,Potential Car Buyers,2,25.596318,0.016498,1.279858
8943ac6c81bffff,Potential Car Buyers,4,28.916799,0.018638,1.445888
8943ac6c81bffff,Potential Car Buyers,6,25.705047,0.016562,1.285296
8943ac6c81bffff,Potential Car Buyers,8,24.951353,0.016076,1.24761
8943ac6c81bffff,Potential Car Buyers,10,22.251663,0.014134,1.112636
8943ac6c81bffff,Potential Car Buyers,12,22.083888,0.014028,1.104247
8943ac6c81bffff,Potential Car Buyers,14,21.10466,0.013443,1.055233
8943ac6c81bffff,Potential Car Buyers,16,22.595316,0.014393,1.129766
8943ac6c81bffff,Potential Car Buyers,18,13.01178,0.007963,0.650589
8943ac6c81bffff,Potential Car Buyers,20,13.209113,0.008083,0.660456
8943ac6c81bffff,Potential Car Buyers,22,13.030394,0.007974,0.65152
8943ac6c83bffff,Families,0,14.381304,0.00904,0.719065
8943ac6c83bffff,Families,2,16.441366,0.010334,0.822068
8943ac6c83bffff,Families,4,20.790872,0.013068,1.039544
8943ac6c83bffff,Families,6,7.320604,0.00424,0.365982
8943ac6c83bffff,Families,8,8.123073,0.004705,0.4061
8943ac6c83bffff,Families,10,11.315086,0.006981,0.565754
8943ac6c83bffff,Families,12,12.511616,0.007719,0.625581
8943ac6c83bffff,Families,14,35.000622,0.022564,1.750031
8943ac6c83bffff,Families,16,26.036874,0.016786,1.301844
8943ac6c83bffff,Families,18,34.902686,0.022482,1.745193
8943ac6c83bffff,Families,20,25.153811,0.016203,1.257733
8943ac6c83bffff,Families,22,33.663613,0.021684,1.683238
8943ac6c83bffff,HNWI,0,9.093467,0.00539,0.454724
8943ac6c83bffff,HNWI,2,9.66325,0.005728,0.483216
8943ac6c83bffff,HNWI,4,9.681534,0.005739,0.48413
8943ac6c83bffff,HNWI,6,9.365173,0.005525,0.468313
8943ac6c83bffff,HNWI,8,9.7349,0.005743,0.486801
8943ac6c83bffff,HNWI,10,5.780159,0.003073,0.288949
8943ac6c83bffff,HNWI,12,4.067682,0.002162,0.203343
8943ac6c83bffff,HNWI,14,1.086434,0.000188,0.054322
8943ac6c83bffff,HNWI,16,1.499717,0.000259,0.074986
8943ac6c83bffff,HNWI,18,23.988233,0.015235,1.199412
8943ac6c83bffff,HNWI,20,19.605935,0.012452,0.980297
8943ac6c83bffff,HNWI,22,20.677838,0.013133,1.033892
8943ac6c83bffff,Potential Car Buyers,0,14.259408,0.008743,0.713028
8943ac6c83bffff,Potential Car Buyers,2,13.575468,0.008323,0.678828
8943ac6c83bffff,Potential Car Buyers,4,14.871733,0.009118,0.743646
8943ac6c83bffff,Potential Car Buyers,6,11.863724,0.007257,0.593235
8943ac6c83bffff,Potential Car Buyers,8,10.731125,0.006564,0.536601
8943ac6c83bffff,Potential Car Buyers,10,7.023871,0.004123,0.351236
8943ac6c83bffff,Potential Car Buyers,12,8.826699,0.005181,0.441388
8943ac6c83bffff,Potential Car Buyers,14,5.214831,0.002749,0.260742
8943ac6c83bffff,Potential Car Buyers,16,4.100198,0.002162,0.20501
8943ac6c83bffff,Potential Car Buyers,18,25.364146,0.016221,1.268207
8943ac6c83bffff,Potential Car Buyers,20,21.459065,0.013723,1.072953
8943ac6c83bffff,Potential Car Buyers,22,23.304479,0.014903,1.165224
8943ac6c8d3ffff,Families,0,11.014549,0.006777,0.55077
8943ac6c8d3ffff,Families,2,13.896478,0.00855,0.694878
8943ac6c8d3ffff,Families,4,11.24776,0.00692,0.562431
8943ac6c8d3ffff,Families,6,18.805983,0.011984,0.940299
8943ac6c8d3ffff,Families,8,22.367945,0.014254,1.118397
8943ac6c8d3ffff,Families,10,19.482083,0.012301,0.974104
8943ac6c8d3ffff,Families,12,20.045085,0.012657,1.002254
8943ac6c8d3ffff,Families,14,22.335679,0.014313,1.116827
8943ac6c8d3ffff,Families,16,25.474628,0.016325,1.273781
8943ac6c8d3ffff,Families,18,21.363355,0.013674,1.068168
8943ac6c8d3ffff,Families,20,24.457564,0.015655,1.222878
8943ac6c8d3ffff,Families,22,22.070953,0.014127,1.103548
8943ac6c8d3ffff,HNWI,0,9.301199,0.005631,0.465103
8943ac6c8d3ffff,HNWI,2,10.567143,0.006398,0.528406
8943ac6c8d3ffff,HNWI,4,9.31653,0.005641,0.465869
8943ac6c8d3ffff,HNWI,6,9.399612,0.005673,0.470025
8943ac6c8d3ffff,HNWI,8,10.426711,0.006293,0.521385
8943ac6c8d3ffff,HNWI,10,6.477533,0.003684,0.323829
8943ac6c8d3ffff,HNWI,12,6.824112,0.003881,0.341155
8943ac6c8d3ffff,HNWI,14,2.783003,0.001279,0.13915
8943ac6c8d3ffff,HNWI,16,3.777382,0.001736,0.188869
8943ac6c8d3ffff,HNWI,18,19.702795,0.012564,0.98514
8943ac6c8d3ffff,HNWI,20,22.944589,0.014631,1.147229
8943ac6c8d3ffff,HNWI,22,27.401338,0.017473,1.370067
8943ac6c8d3ffff,Potential Car Buyers,0,2.031225,0.000765,0.101561
8943ac6c8d3ffff,Potential Car Buyers,2,2.70106,0.001018,0.135053
8943ac6c8d3ffff,Potential Car Buyers,4,1.956996,0.000737,0.09785
8943ac6c8d3ffff,Potential Car Buyers,6,14.460566,0.009093,0.723069
8943ac6c8d3ffff,Potential Car Buyers,8,16.483585,0.010365,0.824226
8943ac6c8d3ffff,Potential Car Buyers,10,27.609058,0.01762,1.380453
8943ac6c8d3ffff,Potential Car Buyers,12,23.278968,0.014856,1.163948
8943ac6c8d3ffff,Potential Car Buyers,14,12.40393,0.007723,0.620196
8943ac6c8d3ffff,Potential Car Buyers,16,17.638878,0.010982,0.881944
8943ac6c8d3ffff,Potential Car Buyers,18,16.911665,0.010491,0.845642
8943ac6c8d3ffff,Potential Car Buyers,20,11.832846,0.007341,0.591683
8943ac6c8d3ffff,Potential Car Buyers,22,11.820913,0.007333,0.591087
8943ac6ca3bffff,Families,0,33.693486,0.021723,1.68473
8943ac6ca3bffff,Families,2,31.185829,0.020106,1.559343
8943ac6ca3bffff,Families,4,32.888038,0.021204,1.644456
8943ac6ca3bffff,Families,6,33.233953,0.021419,1.661753
8943ac6ca3bffff,Families,8,31.68049,0.020418,1.584077
8943ac6ca3bffff,Families,10,27.356643,0.017544,1.367884
8943ac6ca3bffff,Families,12,28.79894,0.018469,1.440002
8943ac6ca3bffff,Families,14,23.057176,0.014695,1.152859
8943ac6ca3bffff,Families,16,21.497837,0.013701,1.074892
8943ac6ca3bffff,Families,18,11.942142,0.007321,0.597107
8943ac6ca3bffff,Families,20,12.512749,0.007671,0.625637
8943ac6ca3bffff,Families,22,13.459622,0.008252,0.672981
8943ac6ca3bffff,HNWI,0,9.321554,0.005562,0.466029
8943ac6ca3bffff,HNWI,2,10.460918,0.006241,0.522991
8943ac6ca3bffff,HNWI,4,9.175081,0.005474,0.458706
8943ac6ca3bffff,HNWI,6,28.694973,0.018486,1.434749
8943ac6ca3bffff,HNWI,8,33.666685,0.021689,1.683334
8943ac6ca3bffff,HNWI,10,23.91823,0.015189,1.195911
8943ac6ca3bffff,HNWI,12,19.480468,0.012371,0.974023
8943ac6ca3bffff,HNWI,14,18.206793,0.011595,0.910299
8943ac6ca3bffff,HNWI,16,24.210249,0.015418,1.210458
8943ac6ca3bffff,HNWI,18,21.345316,0.013572,1.067266
8943ac6ca3bffff,HNWI,20,21.413312,0.013615,1.070666
8943ac6ca3bffff,HNWI,22,17.600361,0.011191,0.880018
8943ac6ca3bffff,Potential Car Buyers,0,5.56998,0.002945,0.278557
8943ac6ca3bffff,Potential Car Buyers,2,4.46631,0.002361,0.223362
8943ac6ca3bffff,Potential Car Buyers,4,3.945113,0.002086,0.197297
8943ac6ca3bffff,Potential Car Buyers,6,22.903483,0.014658,1.145174
8943ac6ca3bffff,Potential Car Buyers,8,25.342053,0.016219,1.267103
8943ac6ca3bffff,Potential Car Buyers,10,21.779996,0.013837,1.089
8943ac6ca3bffff,Potential Car Buyers,12,22.583597,0.014347,1.12918
8943ac6ca3bffff,Potential Car Buyers,14,15.368663,0.009666,0.768477
8943ac6ca3bffff,Potential Car Buyers,16,20.680191,0.013006,1.034068
8943ac6ca3bffff,Potential Car Buyers,18,20.244428,0.012699,1.012221
8943ac6ca3bffff,Potential Car Buyers,20,19.241564,0.01207,0.962078
8943ac6ca3bffff,Potential Car Buyers,22,15.498914,0.009722,0.774946
8943ac6cac7ffff,Families,0,21.387689,0.013536,1.069384
8943ac6cac7ffff,Families,2,22.671869,0.014348,1.133593
8943ac6cac7ffff,Families,4,22.68152,0.014354,1.134076
8943ac6cac7ffff,Families,6,18.917483,0.011961,0.945874
8943ac6cac7ffff,Families,8,16.374534,0.010354,0.818727
8943ac6cac7ffff,Families,10,14.699341,0.009173,0.734967
8943ac6cac7ffff,Families,12,13.573115,0.00847,0.678656
8943ac6cac7ffff,Families,14,12.322397,0.007533,0.616069
8943ac6cac7ffff,Families,16,11.024809,0.00674,0.551195
8943ac6cac7ffff,Families,18,2.115874,0.000618,0.105734
8943ac6cac7ffff,Families,20,1.845628,0.000539,0.092229
8943ac6cac7ffff,Families,22,1.522622,0.000445,0.076088
8943ac6cac7ffff,HNWI,0,10.38005,0.006284,0.51905
8943ac6cac7ffff,HNWI,2,9.103721,0.005511,0.455228
8943ac6cac7ffff,HNWI,4,11.585526,0.007014,0.57933
8943ac6cac7ffff,HNWI,6,27.954901,0.017904,1.397745
8943ac6cac7ffff,HNWI,8,27.673259,0.017723,1.383663
8943ac6cac7ffff,HNWI,10,1.072812,0.000105,0.053686
8943ac6cac7ffff,HNWI,12,1.390703,0.000137,0.069595
8943ac6cac7ffff,HNWI,14,19.689778,0.012401,0.984434
8943ac6cac7ffff,HNWI,16,15.214401,0.009582,0.760678
8943ac6cac7ffff,HNWI,18,26.20914,0.016712,1.310457
8943ac6cac7ffff,HNWI,20,19.003468,0.012118,0.950173
8943ac6cac7ffff,HNWI,22,18.969276,0.012096,0.948464
8943ac6cac7ffff,Potential Car Buyers,0,6.184705,0.003363,0.309178
8943ac6cac7ffff,Potential Car Buyers,2,6.434087,0.003499,0.321645
8943ac6cac7ffff,Potential Car Buyers,4,4.797712,0.002609,0.239841
8943ac6cac7ffff,Potential Car Buyers,6,24.316234,0.015429,1.215812
8943ac6cac7ffff,Potential Car Buyers,8,21.400871,0.01358,1.070044
8943ac6cac7ffff,Potential Car Buyers,10,19.497158,0.012233,0.974858
8943ac6cac7ffff,Potential Car Buyers,12,15.275338,0.009584,0.763767
8943ac6cac7ffff,Potential Car Buyers,14,21.844801,0.013766,1.0923
8943ac6cac7ffff,Potential Car Buyers,16,14.590371,0.009194,0.729559
8943ac6cac7ffff,Potential Car Buyers,18,16.57355,0.010419,0.828677
8943ac6cac7ffff,Potential Car Buyers,20,19.935125,0.012532,0.996756
8943ac6cac7ffff,Potential Car Buyers,22,20.122725,0.01265,1.006136
8943ac6cba7ffff,Families,0,17.241601,0.010874,0.86208
8943ac6cba7ffff,Families,2,21.299809,0.013433,1.06499
8943ac6cba7ffff,Families,4,20.045225,0.012642,1.002261
8943ac6cba7ffff,Families,6,24.041743,0.01546,1.20213
8943ac6cba7ffff,Families,8,32.378754,0.020821,1.618995
8943ac6cba7ffff,Families,10,7.218552,0.004266,0.360928
8943ac6cba7ffff,Families,12,7.722528,0.004564,0.386126
8943ac6cba7ffff,Families,14,1.190732,0.00019,0.059537
8943ac6cba7ffff,Families,16,1.344721,0.000214,0.067236
8943ac6cba7ffff,Families,18,36.112354,0.023289,1.805677
8943ac6cba7ffff,Families,20,35.761025,0.023062,1.78811
8943ac6cba7ffff,Families,22,25.860804,0.016678,1.293082
8943ac6cba7ffff,HNWI,0,20.687926,0.01323,1.034396
8943ac6cba7ffff,HNWI,2,28.768017,0.018398,1.438401
8943ac6cba7ffff,HNWI,4,29.072385,0.018593,1.453619
8943ac6cba7ffff,HNWI,6,22.636326,0.014468,1.131816
8943ac6cba7ffff,HNWI,8,22.265401,0.014231,1.11327
8943ac6cba7ffff,HNWI,10,12.703635,0.007927,0.635182
8943ac6cba7ffff,HNWI,12,12.888003,0.008042,0.6444
8943ac6cba7ffff,HNWI,14,17.220364,0.010801,0.861069
8943ac6cba7ffff,HNWI,16,17.7763,0.011149,0.888868
8943ac6cba7ffff,HNWI,18,18.066065,0.011299,0.903303
8943ac6cba7ffff,HNWI,20,13.718491,0.00858,0.685925
8943ac6cba7ffff,HNWI,22,14.827889,0.009273,0.741394
8943ac6cba7ffff,Potential Car Buyers,0,8.930197,0.005196,0.446453
8943ac6cba7ffff,Potential Car Buyers,2,7.602769,0.004423,0.38009
8943ac6cba7ffff,Potential Car Buyers,4,8.504557,0.004948,0.425174
8943ac6cba7ffff,Potential Car Buyers,6,8.859104,0.005121,0.442896
8943ac6cba7ffff,Potential Car Buyers,8,7.61127,0.0044,0.380513
8943ac6cba7ffff,Potential Car Buyers,10,33.434125,0.02152,1.671764
8943ac6cba7ffff,Potential Car Buyers,12,30.787825,0.019816,1.539444
8943ac6cba7ffff,Potential Car Buyers,14,27.688387,0.017848,1.384419
8943ac6cba7ffff,Potential Car Buyers,16,31.091633,0.020042,1.554582
8943ac6cba7ffff,Potential Car Buyers,18,17.410189,0.011025,0.870509
8943ac6cba7ffff,Potential Car Buyers,20,18.841728,0.011932,0.942086
8943ac6cba7ffff,Potential Car Buyers,22,20.814005,0.013181,1.0407
8943ac6ce6bffff,Families,0,4.777895,0.002586,0.23885
8943ac6ce6bffff,Families,2,5.589879,0.003025,0.279441
8943ac6ce6bffff,Families,4,5.076142,0.002747,0.253759
8943ac6ce6bffff,Families,6,5.697022,0.003036,0.284908
8943ac6ce6bffff,Families,8,5.934329,0.003162,0.296776
8943ac6ce6bffff,Families,10,25.220632,0.016177,1.261079
8943ac6ce6bffff,Families,12,30.85476,0.019791,1.542796
8943ac6ce6bffff,Families,14,26.968397,0.01733,1.34842
8943ac6ce6bffff,Families,16,24.632586,0.015829,1.231629
8943ac6ce6bffff,Families,18,14.713946,0.009246,0.735697
8943ac6ce6bffff,Families,20,15.900019,0.009991,0.795001
8943ac6ce6bffff,Families,22,15.668611,0.009846,0.783431
8943ac6ce6bffff,HNWI,0,27.362681,0.017554,1.368134
8943ac6ce6bffff,HNWI,2,26.036234,0.016703,1.301812
8943ac6ce6bffff,HNWI,4,27.004196,0.017324,1.35021
8943ac6ce6bffff,HNWI,6,14.438995,0.009048,0.721993
8943ac6ce6bffff,HNWI,8,19.737105,0.012368,0.986915
8943ac6ce6bffff,HNWI,10,10.727584,0.006553,0.536379
8943ac6ce6bffff,HNWI,12,14.015089,0.008562,0.700754
8943ac6ce6bffff,HNWI,14,9.927852,0.005907,0.496393
8943ac6ce6bffff,HNWI,16,8.460924,0.005034,0.423046
8943ac6ce6bffff,HNWI,18,9.468149,0.005576,0.473463
8943ac6ce6bffff,HNWI,20,8.146264,0.004797,0.407361
8943ac6ce6bffff,HNWI,22,9.069222,0.005341,0.453514
8943ac6ce6bffff,Potential Car Buyers,0,3.07298,0.001469,0.153649
8943ac6ce6bffff,Potential Car Buyers,2,3.8542,0.001842,0.19271
8943ac6ce6bffff,Potential Car Buyers,4,4.01964,0.001921,0.200982
8943ac6ce6bffff,Potential Car Buyers,6,2.557503,0.001172,0.127875
8943ac6ce6bffff,Potential Car Buyers,8,2.920377,0.001339,0.146019
8943ac6ce6bffff,Potential Car Buyers,10,31.025189,0.019982,1.551259
8943ac6ce6bffff,Potential Car Buyers,12,35.218888,0.022683,1.760944
8943ac6ce6bffff,Potential Car Buyers,14,34.95152,0.022544,1.747633
8943ac6ce6bffff,Potential Car Buyers,16,35.281399,0.022756,1.764127
8943ac6ce6bffff,Potential Car Buyers,18,16.101586,0.010048,0.805131
8943ac6ce6bffff,Potential Car Buyers,20,14.667615,0.009153,0.733428
8943ac6ce6bffff,Potential Car Buyers,22,16.106892,0.010051,0.805396
8943ac6d843ffff,Families,0,9.265833,0.005505,0.463292
8943ac6d843ffff,Families,2,7.739073,0.004598,0.386954
8943ac6d843ffff,Families,4,7.809927,0.00464,0.390496
8943ac6d843ffff,Families,6,2.890765,0.001332,0.144538
8943ac6d843ffff,Families,8,3.170592,0.001461,0.15853
8943ac6d843ffff,Families,10,29.084378,0.018604,1.454219
8943ac6d843ffff,Families,12,27.867952,0.017826,1.393398
8943ac6d843ffff,Families,14,20.921594,0.01341,1.04612
8943ac6d843ffff,Families,16,26.175759,0.016778,1.308838
8943ac6d843ffff,Families,18,19.788515,0.012573,0.989472
8943ac6d843ffff,Families,20,20.988586,0.013335,1.049479
8943ac6d843ffff,Families,22,21.201176,0.01347,1.060109
8943ac6d843ffff,HNWI,0,21.456748,0.013526,1.072837
8943ac6d843ffff,HNWI,2,17.671601,0.01114,0.88358
8943ac6d843ffff,HNWI,4,21.285396,0.013418,1.06427
8943ac6d843ffff,HNWI,6,28.376216,0.018244,1.418861
8943ac6d843ffff,HNWI,8,25.708607,0.016528,1.285476
8943ac6d843ffff,HNWI,10,4.243564,0.002086,0.212178
8943ac6d843ffff,HNWI,12,3.176571,0.001562,0.158829
8943ac6d843ffff,HNWI,14,26.124361,0.016736,1.306218
8943ac6d843ffff,HNWI,16,24.528503,0.015713,1.226425
8943ac6d843ffff,HNWI,18,35.458409,0.022863,1.772862
8943ac6d843ffff,HNWI,20,29.542487,0.019049,1.477076
8943ac6d843ffff,HNWI,22,32.557803,0.020993,1.627837
8943ac6d843ffff,Potential Car Buyers,0,1.483474,0.000435,0.074215
8943ac6d843ffff,Potential Car Buyers,2,2.04314,0.000599,0.102214
8943ac6d843ffff,Potential Car Buyers,4,1.754472,0.000515,0.087773
8943ac6d843ffff,Potential Car Buyers,6,1.239743,0.000259,0.06203
8943ac6d843ffff,Potential Car Buyers,8,1.286588,0.000268,0.064374
8943ac6d843ffff,Potential Car Buyers,10,32.948286,0.021174,1.647474
8943ac6d843ffff,Potential Car Buyers,12,23.728451,0.015249,1.186465
8943ac6d843ffff,Potential Car Buyers,14,33.381538,0.021487,1.669077
8943ac6d843ffff,Potential Car Buyers,16,30.384675,0.019558,1.519234
8943ac6d843ffff,Potential Car Buyers,18,13.89561,0.008597,0.69478
8943ac6d843ffff,Potential Car Buyers,20,14.09026,0.008717,0.704513
8943ac6d843ffff,Potential Car Buyers,22,11.285019,0.006982,0.564251
8943ac6d86fffff,Families,0,16.828565,0.010449,0.841486
8943ac6d86fffff,Families,2,13.506632,0.008386,0.675378
8943ac6d86fffff,Families,4,14.285663,0.00887,0.714332
8943ac6d86fffff,Families,6,4.63372,0.002431,0.231686
8943ac6d86fffff,Families,8,5.518489,0.002896,0.275924
8943ac6d86fffff,Families,10,12.195597,0.007355,0.609722
8943ac6d86fffff,Families,12,9.859077,0.005946,0.492907
8943ac6d86fffff,Families,14,21.946805,0.014097,1.0973
8943ac6d86fffff,Families,16,24.830108,0.015949,1.24146
8943ac6d86fffff,Families,18,27.58001,0.017697,1.379
8943ac6d86fffff,Families,20,22.656862,0.014538,1.132843
8943ac6d86fffff,Families,22,30.001378,0.019251,1.500069
8943ac6d86fffff,HNWI,0,29.851978,0.019143,1.492542
8943ac6d86fffff,HNWI,2,26.894228,0.017246,1.34466
8943ac6d86fffff,HNWI,4,26.233953,0.016823,1.311648
8943ac6d86fffff,HNWI,6,18.221107,0.011548,0.91101
8943ac6d86fffff,HNWI,8,16.556766,0.010493,0.827797
8943ac6d86fffff,HNWI,10,11.107045,0.00677,0.5554
8943ac6d86fffff,HNWI,12,9.758206,0.005948,0.487952
8943ac6d86fffff,HNWI,14,15.045978,0.009255,0.752299
8943ac6d86fffff,HNWI,16,10.58492,0.006511,0.529246
8943ac6d86fffff,HNWI,18,7.473917,0.004381,0.373696
8943ac6d86fffff,HNWI,20,7.562924,0.004433,0.378146
8943ac6d86fffff,HNWI,22,7.682951,0.004504,0.384148
8943ac6d86fffff,Potential Car Buyers,0,8.830555,0.005269,0.441528
8943ac6d86fffff,Potential Car Buyers,2,11.264698,0.006721,0.563235
8943ac6d86fffff,Potential Car Buyers,4,10.712949,0.006392,0.535647
8943ac6d86fffff,Potential Car Buyers,6,4.251959,0.00204,0.212598
8943ac6d86fffff,Potential Car Buyers,8,4.182002,0.002006,0.2091
8943ac6d86fffff,Potential Car Buyers,10,24.730587,0.015828,1.236529
8943ac6d86fffff,Potential Car Buyers,12,21.998277,0.014079,1.099914
8943ac6d86fffff,Potential Car Buyers,14,24.88987,0.015962,1.244446
8943ac6d86fffff,Potential Car Buyers,16,28.863645,0.01851,1.443127
8943ac6d86fffff,Potential Car Buyers,18,19.438736,0.01236,0.971982
8943ac6d86fffff,Potential Car Buyers,20,19.849574,0.012621,0.992525
8943ac6d86fffff,Potential Car Buyers,22,25.602179,0.016279,1.280168
8943ac6d903ffff,Families,0,29.503228,0.019021,1.475161
8943ac6d903ffff,Families,2,28.540998,0.018401,1.42705
8943ac6d903ffff,Families,4,29.722716,0.019163,1.486136
8943ac6d903ffff,Families,6,25.799355,0.016627,1.289968
8943ac6d903ffff,Families,8,24.145027,0.015561,1.207251
8943ac6d903ffff,Families,10,30.336424,0.019455,1.516821
8943ac6d903ffff,Families,12,23.891289,0.015321,1.194564
8943ac6d903ffff,Families,14,24.006451,0.015299,1.200376
8943ac6d903ffff,Families,16,21.593934,0.013762,1.079744
8943ac6d903ffff,Families,18,12.451175,0.007632,0.622609
8943ac6d903ffff,Families,20,14.81082,0.009079,0.740601
8943ac6d903ffff,Families,22,9.918096,0.00608,0.495945
8943ac6d903ffff,HNWI,0,11.332621,0.00676,0.566631
8943ac6d903ffff,HNWI,2,8.407661,0.005015,0.420383
8943ac6d903ffff,HNWI,4,11.156124,0.006654,0.557806
8943ac6d903ffff,HNWI,6,26.178401,0.016749,1.308867
8943ac6d903ffff,HNWI,8,22.879306,0.014638,1.143919
8943ac6d903ffff,HNWI,10,23.864927,0.015155,1.19319
8943ac6d903ffff,HNWI,12,20.887358,0.013264,1.044318
8943ac6d903ffff,HNWI,14,23.715158,0.015102,1.185758
8943ac6d903ffff,HNWI,16,20.018041,0.012748,1.000902
8943ac6d903ffff,HNWI,18,24.617741,0.015652,1.23083
8943ac6d903ffff,HNWI,20,23.138814,0.014712,1.156887
8943ac6d903ffff,HNWI,22,20.199073,0.012843,1.009907
8943ac6d903ffff,Potential Car Buyers,0,3.362422,0.00158,0.168171
8943ac6d903ffff,Potential Car Buyers,2,3.813507,0.001792,0.190732
8943ac6d903ffff,Potential Car Buyers,4,3.145816,0.001479,0.157337
8943ac6d903ffff,Potential Car Buyers,6,2.680671,0.001203,0.13399
8943ac6d903ffff,Potential Car Buyers,8,2.679296,0.001202,0.133921
8943ac6d903ffff,Potential Car Buyers,10,26.381032,0.016869,1.318998
8943ac6d903ffff,Potential Car Buyers,12,24.920949,0.015936,1.245997
8943ac6d903ffff,Potential Car Buyers,14,29.430544,0.018859,1.471527
8943ac6d903ffff,Potential Car Buyers,16,30.797624,0.019735,1.539881
8943ac6d903ffff,Potential Car Buyers,18,13.573271,0.008465,0.678664
8943ac6d903ffff,Potential Car Buyers,20,14.152627,0.008826,0.707631
8943ac6d903ffff,Potential Car Buyers,22,13.533214,0.00844,0.676661
8943ac6d9b7ffff,Families,0,10.523571,0.006448,0.526221
8943ac6d9b7ffff,Families,2,13.733199,0.008415,0.686716
8943ac6d9b7ffff,Families,4,12.239464,0.0075,0.612023
8943ac6d9b7ffff,Families,6,9.615921,0.005878,0.480836
8943ac6d9b7ffff,Families,8,11.741001,0.007177,0.587099
8943ac6d9b7ffff,Families,10,8.251304,0.004837,0.412515
8943ac6d9b7ffff,Families,12,9.845733,0.005771,0.492227
8943ac6d9b7ffff,Families,14,9.00349,0.005374,0.450175
8943ac6d9b7ffff,Families,16,8.253136,0.004926,0.412657
8943ac6d9b7ffff,Families,18,28.291162,0.01809,1.414558
8943ac6d9b7ffff,Families,20,22.923402,0.014658,1.14617
8943ac6d9b7ffff,Families,22,22.317294,0.01427,1.115865
8943ac6d9b7ffff,HNWI,0,17.70096,0.011253,0.885007
8943ac6d9b7ffff,HNWI,2,25.351114,0.016116,1.267497
8943ac6d9b7ffff,HNWI,4,22.321521,0.01419,1.116024
8943ac6d9b7ffff,HNWI,6,9.428727,0.005748,0.471436
8943ac6d9b7ffff,HNWI,8,13.826584,0.008429,0.691329
8943ac6d9b7ffff,HNWI,10,3.037895,0.001365,0.151895
8943ac6d9b7ffff,HNWI,12,3.169494,0.001424,0.158475
8943ac6d9b7ffff,HNWI,14,4.107121,0.002107,0.205403
8943ac6d9b7ffff,HNWI,16,3.615455,0.001855,0.180814
8943ac6d9b7ffff,HNWI,18,3.953554,0.001904,0.197678
8943ac6d9b7ffff,HNWI,20,3.001739,0.001446,0.150087
8943ac6d9b7ffff,HNWI,22,3.958124,0.001906,0.197906
8943ac6d9b7ffff,Potential Car Buyers,0,13.655568,0.008514,0.682778
8943ac6d9b7ffff,Potential Car Buyers,2,13.899481,0.008666,0.694974
8943ac6d9b7ffff,Potential Car Buyers,4,17.195233,0.010721,0.859762
8943ac6d9b7ffff,Potential Car Buyers,6,12.966929,0.008073,0.648346
8943ac6d9b7ffff,Potential Car Buyers,8,15.493415,0.009645,0.774671
8943ac6d9b7ffff,Potential Car Buyers,10,35.910784,0.023166,1.795539
8943ac6d9b7ffff,Potential Car Buyers,12,26.268217,0.016946,1.313411
8943ac6d9b7ffff,Potential Car Buyers,14,6.686396,0.003884,0.334277
8943ac6d9b7ffff,Potential Car Buyers,16,8.584713,0.004987,0.42918
8943ac6d9b7ffff,Potential Car Buyers,18,27.794339,0.017857,1.389666
8943ac6d9b7ffff,Potential Car Buyers,20,30.486491,0.019586,1.524269
8943ac6d9b7ffff,Potential Car Buyers,22,24.903369,0.015999,1.245123
8943ac6d9d7ffff,Families,0,23.608894,0.014987,1.180388
8943ac6d9d7ffff,Families,2,19.553804,0.012413,0.977643
8943ac6d9d7ffff,Families,4,22.828362,0.014491,1.141363
8943ac6d9d7ffff,Families,6,19.267179,0.012221,0.963312
8943ac6d9d7ffff,Families,8,21.884965,0.013881,1.094195
8943ac6d9d7ffff,Families,10,15.789412,0.009901,0.789424
8943ac6d9d7ffff,Families,12,16.219013,0.01017,0.810902
8943ac6d9d7ffff,Families,14,15.690547,0.00967,0.784527
8943ac6d9d7ffff,Families,16,12.597657,0.007764,0.629883
8943ac6d9d7ffff,Families,18,2.808746,0.001241,0.140437
8943ac6d9d7ffff,Families,20,3.402627,0.001504,0.170131
8943ac6d9d7ffff,Families,22,2.428336,0.001073,0.121417
8943ac6d9d7ffff,HNWI,0,31.865301,0.020495,1.593265
8943ac6d9d7ffff,HNWI,2,28.461734,0.018306,1.423087
8943ac6d9d7ffff,HNWI,4,23.324089,0.015001,1.166204
8943ac6d9d7ffff,HNWI,6,26.97324,0.017341,1.348662
8943ac6d9d7ffff,HNWI,8,25.19188,0.016196,1.259594
8943ac6d9d7ffff,HNWI,10,20.95491,0.013395,1.047745
8943ac6d9d7ffff,HNWI,12,22.919888,0.014651,1.145994
8943ac6d9d7ffff,HNWI,14,22.687667,0.014533,1.134428
8943ac6d9d7ffff,HNWI,16,30.560278,0.019576,1.528074
8943ac6d9d7ffff,HNWI,18,8.830298,0.005322,0.441472
8943ac6d9d7ffff,HNWI,20,8.62239,0.005197,0.431078
8943ac6d9d7ffff,HNWI,22,10.932383,0.006589,0.546567
8943ac6d9d7ffff,Potential Car Buyers,0,22.846053,0.014631,1.142348
8943ac6d9d7ffff,Potential Car Buyers,2,27.810513,0.017811,1.39058
8943ac6d9d7ffff,Potential Car Buyers,4,29.472436,0.018875,1.47368
8943ac6d9d7ffff,Potential Car Buyers,6,8.78883,0.005268,0.439442
8943ac6d9d7ffff,Potential Car Buyers,8,8.716278,0.005225,0.435814
8943ac6d9d7ffff,Potential Car Buyers,10,1.380353,0.000213,0.069018
8943ac6d9d7ffff,Potential Car Buyers,12,1.26347,0.000195,0.063174
8943ac6d9d7ffff,Potential Car Buyers,14,2.830293,0.001153,0.14157
8943ac6d9d7ffff,Potential Car Buyers,16,2.489284,0.001015,0.124513
8943ac6d9d7ffff,Potential Car Buyers,18,7.636772,0.004409,0.381839
8943ac6d9d7ffff,Potential Car Buyers,20,7.817509,0.004513,0.390875
8943ac6d9d7ffff,Potential Car Buyers,22,6.286981,0.00363,0.314349
8943ac6db13ffff,Families,0,2.564049,0.001008,0.128202
8943ac6db13ffff,Families,2,2.285988,0.000899,0.114299
8943ac6db13ffff,Families,4,2.027449,0.000797,0.101372
8943ac6db13ffff,Families,6,2.193967,0.000769,0.109698
8943ac6db13ffff,Families,8,2.22315,0.000779,0.111157
8943ac6db13ffff,Families,10,25.144368,0.016051,1.257218
8943ac6db13ffff,Families,12,22.179321,0.014158,1.108966
8943ac6db13ffff,Families,14,17.057582,0.010627,0.852879
8943ac6db13ffff,Families,16,14.879578,0.00927,0.743979
8943ac6db13ffff,Families,18,15.381546,0.009549,0.76913
8943ac6db13ffff,Families,20,14.547223,0.009031,0.727411
8943ac6db13ffff,Families,22,15.404915,0.009563,0.770299
8943ac6db13ffff,HNWI,0,6.303306,0.003581,0.315165
8943ac6db13ffff,HNWI,2,7.432304,0.004222,0.371615
8943ac6db13ffff,HNWI,4,5.563608,0.003161,0.27818
8943ac6db13ffff,HNWI,6,30.929815,0.019854,1.546548
8943ac6db13ffff,HNWI,8,28.412069,0.018238,1.420656
8943ac6db13ffff,HNWI,10,20.144028,0.01285,1.007245
8943ac6db13ffff,HNWI,12,19.054405,0.012155,0.952761
8943ac6db13ffff,HNWI,14,16.316488,0.010323,0.815824
8943ac6db13ffff,HNWI,16,19.762177,0.012503,0.988109
8943ac6db13ffff,HNWI,18,21.230059,0.013403,1.061559
8943ac6db13ffff,HNWI,20,18.457923,0.011653,0.922945
8943ac6db13ffff,HNWI,22,20.359505,0.012853,1.018029
8943ac6db13ffff,Potential Car Buyers,0,25.371814,0.016298,1.268637
8943ac6db13ffff,Potential Car Buyers,2,26.446872,0.016989,1.322392
8943ac6db13ffff,Potential Car Buyers,4,27.868502,0.017902,1.393476
8943ac6db13ffff,Potential Car Buyers,6,18.158701,0.011378,0.90799
8943ac6db13ffff,Potential Car Buyers,8,13.769698,0.008628,0.688526
8943ac6db13ffff,Potential Car Buyers,10,13.993575,0.008604,0.699733
8943ac6db13ffff,Potential Car Buyers,12,12.810714,0.007877,0.640586
8943ac6db13ffff,Potential Car Buyers,14,13.078243,0.008102,0.653912
8943ac6db13ffff,Potential Car Buyers,16,13.616291,0.008436,0.680815
8943ac6db13ffff,Potential Car Buyers,18,11.239486,0.006704,0.561974
8943ac6db13ffff,Potential Car Buyers,20,9.577235,0.005712,0.478862
8943ac6db13ffff,Potential Car Buyers,22,9.672962,0.005769,0.483648
8943ac6dc07ffff,Families,0,14.6916,0.009083,0.73458
8943ac6dc07ffff,Families,2,13.609888,0.008414,0.680494
8943ac6dc07ffff,Families,4,12.469463,0.007709,0.623473
8943ac6dc07ffff,Families,6,13.221384,0.008158,0.661069
8943ac6dc07ffff,Families,8,13.306735,0.008211,0.665337
8943ac6dc07ffff,Families,10,5.053745,0.002672,0.252687
8943ac6dc07ffff,Families,12,4.226097,0.002234,0.211305
8943ac6dc07ffff,Families,14,6.397499,0.003566,0.319822
8943ac6dc07ffff,Families,16,5.640449,0.003144,0.281976
8943ac6dc07ffff,Families,18,5.540354,0.003005,0.277018
8943ac6dc07ffff,Families,20,5.941518,0.003223,0.297076
8943ac6dc07ffff,Families,22,4.945141,0.002682,0.247257
8943ac6dc07ffff,HNWI,0,20.541195,0.013049,1.027011
8943ac6dc07ffff,HNWI,2,24.224097,0.015389,1.211148
8943ac6dc07ffff,HNWI,4,17.235635,0.010949,0.861741
8943ac6dc07ffff,HNWI,6,22.999308,0.014599,1.14991
8943ac6dc07ffff,HNWI,8,22.502208,0.014284,1.125056
8943ac6dc07ffff,HNWI,10,15.63581,0.009816,0.781745
8943ac6dc07ffff,HNWI,12,17.198946,0.010797,0.859897
8943ac6dc07ffff,HNWI,14,14.985395,0.009254,0.74927
8943ac6dc07ffff,HNWI,16,13.219508,0.008163,0.660975
8943ac6dc07ffff,HNWI,18,3.109834,0.001442,0.155492
8943ac6dc07ffff,HNWI,20,3.355834,0.001556,0.167792
8943ac6dc07ffff,HNWI,22,3.761668,0.001744,0.188083
8943ac6dc07ffff,Potential Car Buyers,0,21.782008,0.013726,1.0891
8943ac6dc07ffff,Potential Car Buyers,2,17.594928,0.011088,0.879746
8943ac6dc07ffff,Potential Car Buyers,4,16.037403,0.010106,0.80187
8943ac6dc07ffff,Potential Car Buyers,6,25.049764,0.016103,1.252533
8943ac6dc07ffff,Potential Car Buyers,8,23.595184,0.015168,1.179801
8943ac6dc07ffff,Potential Car Buyers,10,3.234873,0.001574,0.161744
8943ac6dc07ffff,Potential Car Buyers,12,3.34488,0.001627,0.167244
8943ac6dc07ffff,Potential Car Buyers,14,30.452847,0.019505,1.522642
8943ac6dc07ffff,Potential Car Buyers,16,25.916998,0.0166,1.29585
8943ac6dc07ffff,Potential Car Buyers,18,35.766718,0.023059,1.788277
8943ac6dc07ffff,Potential Car Buyers,20,36.004116,0.023212,1.800146
8943ac6dc07ffff,Potential Car Buyers,22,30.622493,0.019743,1.531074
8943ac6dd07ffff,Families,0,18.031172,0.011469,0.901559
8943ac6dd07ffff,Families,2,18.209,0.011582,0.91045
8943ac6dd07ffff,Families,4,20.969364,0.013338,1.048468
8943ac6dd07ffff,Families,6,19.232594,0.012224,0.96163
8943ac6dd07ffff,Families,8,21.023357,0.013363,1.051168
8943ac6dd07ffff,Families,10,13.862858,0.008523,0.693143
8943ac6dd07ffff,Families,12,13.551023,0.008331,0.677551
8943ac6dd07ffff,Families,14,3.796508,0.001979,0.189825
8943ac6dd07ffff,Families,16,4.796758,0.002501,0.239838
8943ac6dd07ffff,Families,18,4.09367,0.002021,0.204737
8943ac6dd07ffff,Families,20,3.203051,0.001581,0.160194
8943ac6dd07ffff,Families,22,3.653573,0.001804,0.182726
8943ac6dd07ffff,HNWI,0,15.480155,0.009524,0.774068
8943ac6dd07ffff,HNWI,2,10.564484,0.006499,0.528265
8943ac6dd07ffff,HNWI,4,13.217086,0.008131,0.660905
8943ac6dd07ffff,HNWI,6,3.156862,0.001423,0.157843
8943ac6dd07ffff,HNWI,8,2.984116,0.001345,0.149206
8943ac6dd07ffff,HNWI,10,18.372149,0.0116,0.918607
8943ac6dd07ffff,HNWI,12,20.881216,0.013184,1.044061
8943ac6dd07ffff,HNWI,14,23.162506,0.014843,1.15808
8943ac6dd07ffff,HNWI,16,27.174566,0.017414,1.358676
8943ac6dd07ffff,HNWI,18,23.629251,0.015124,1.181463
8943ac6dd07ffff,HNWI,20,23.79537,0.01523,1.189769
8943ac6dd07ffff,HNWI,22,26.882592,0.017206,1.34413
8943ac6dd07ffff,Potential Car Buyers,0,19.523302,0.012365,0.976214
8943ac6dd07ffff,Potential Car Buyers,2,16.401132,0.010388,0.820098
8943ac6dd07ffff,Potential Car Buyers,4,19.517106,0.012361,0.975904
8943ac6dd07ffff,Potential Car Buyers,6,21.588693,0.013661,1.07949
8943ac6dd07ffff,Potential Car Buyers,8,21.591839,0.013663,1.079647
8943ac6dd07ffff,Potential Car Buyers,10,16.571435,0.010354,0.828624
8943ac6dd07ffff,Potential Car Buyers,12,17.9458,0.011213,0.897346
8943ac6dd07ffff,Potential Car Buyers,14,2.663691,0.001143,0.133137
8943ac6dd07ffff,Potential Car Buyers,16,3.311436,0.001421,0.165513
8943ac6dd07ffff,Potential Car Buyers,18,2.479429,0.000855,0.123971
8943ac6dd07ffff,Potential Car Buyers,20,1.811237,0.000624,0.090562
8943ac6dd07ffff,Potential Car Buyers,22,2.018409,0.000696,0.10092
8943ac6dd2fffff,Families,0,22.733952,0.014485,1.136698
8943ac6dd2fffff,Families,2,21.086767,0.013436,1.054338
8943ac6dd2fffff,Families,4,21.934046,0.013975,1.096702
8943ac6dd2fffff,Families,6,19.501736,0.012417,0.975087
8943ac6dd2fffff,Families,8,20.853865,0.013278,1.042693
8943ac6dd2fffff,Families,10,7.711632,0.004501,0.385582
8943ac6dd2fffff,Families,12,9.121615,0.005323,0.456081
8943ac6dd2fffff,Families,14,13.266815,0.008252,0.663385
8943ac6dd2fffff,Families,16,13.899277,0.008645,0.695011
8943ac6dd2fffff,Families,18,4.667808,0.002442,0.23334
8943ac6dd2fffff,Families,20,5.089957,0.002663,0.254443
8943ac6dd2fffff,Families,22,3.907522,0.002044,0.195334
8943ac6dd2fffff,HNWI,0,6.772408,0.003959,0.338662
8943ac6dd2fffff,HNWI,2,9.233324,0.005398,0.461723
8943ac6dd2fffff,HNWI,4,9.057353,0.005295,0.452923
8943ac6dd2fffff,HNWI,6,8.591887,0.004993,0.429539
8943ac6dd2fffff,HNWI,8,7.775528,0.004519,0.388726
8943ac6dd2fffff,HNWI,10,4.163185,0.002088,0.208108
8943ac6dd2fffff,HNWI,12,4.464854,0.00224,0.223187
8943ac6dd2fffff,HNWI,14,22.011448,0.013974,1.100625
8943ac6dd2fffff,HNWI,16,20.452028,0.012984,1.02265
8943ac6dd2fffff,HNWI,18,23.753193,0.015052,1.18766
8943ac6dd2fffff,HNWI,20,19.801833,0.012548,0.990092
8943ac6dd2fffff,HNWI,22,21.897162,0.013876,1.094858
8943ac6dd2fffff,Potential Car Buyers,0,3.278446,0.00155,0.16397
8943ac6dd2fffff,Potential Car Buyers,2,3.599432,0.001702,0.180024
8943ac6dd2fffff,Potential Car Buyers,4,2.938545,0.001389,0.14697
8943ac6dd2fffff,Potential Car Buyers,6,20.202809,0.012898,1.01014
8943ac6dd2fffff,Potential Car Buyers,8,22.757721,0.014529,1.137886
8943ac6dd2fffff,Potential Car Buyers,10,29.945931,0.019285,1.497348
8943ac6dd2fffff,Potential Car Buyers,12,27.39721,0.017643,1.369907
8943ac6dd2fffff,Potential Car Buyers,14,15.819376,0.009898,0.791017
8943ac6dd2fffff,Potential Car Buyers,16,13.316705,0.008332,0.665876
8943ac6dd2fffff,Potential Car Buyers,18,15.780065,0.009843,0.789003
8943ac6dd2fffff,Potential Car Buyers,20,14.880563,0.009282,0.744028
8943ac6dd2fffff,Potential Car Buyers,22,16.03465,0.010002,0.801732
8943ac6dd4fffff,Families,0,9.622279,0.005851,0.481114
8943ac6dd4fffff,Families,2,9.46216,0.005753,0.473108
8943ac6dd4fffff,Families,4,12.496483,0.007598,0.624824
8943ac6dd4fffff,Families,6,1.685128,0.000376,0.084313
8943ac6dd4fffff,Families,8,1.540236,0.000344,0.077063
8943ac6dd4fffff,Families,10,28.291589,0.018182,1.41463
8943ac6dd4fffff,Families,12,27.422428,0.017624,1.371171
8943ac6dd4fffff,Families,14,27.468577,0.017556,1.373429
8943ac6dd4fffff,Families,16,25.642624,0.016389,1.282131
8943ac6dd4fffff,Families,18,23.120132,0.014757,1.156056
8943ac6dd4fffff,Families,20,27.553943,0.017587,1.377756
8943ac6dd4fffff,Families,22,24.886578,0.015884,1.244382
8943ac6dd4fffff,HNWI,0,9.562531,0.005796,0.47817
8943ac6dd4fffff,HNWI,2,10.134809,0.006143,0.506787
8943ac6dd4fffff,HNWI,4,12.132887,0.007354,0.6067
8943ac6dd4fffff,HNWI,6,23.074214,0.014799,1.153711
8943ac6dd4fffff,HNWI,8,26.299418,0.016867,1.314971
8943ac6dd4fffff,HNWI,10,1.923648,0.000664,0.096229
8943ac6dd4fffff,HNWI,12,1.945849,0.000672,0.097339
8943ac6dd4fffff,HNWI,14,23.177234,0.014804,1.158813
8943ac6dd4fffff,HNWI,16,23.119364,0.014767,1.15592
8943ac6dd4fffff,HNWI,18,22.969908,0.014651,1.148495
8943ac6dd4fffff,HNWI,20,21.318996,0.013598,1.06595
8943ac6dd4fffff,HNWI,22,27.271559,0.017394,1.363578
8943ac6dd4fffff,Potential Car Buyers,0,12.737708,0.007904,0.63693
8943ac6dd4fffff,Potential Car Buyers,2,15.781094,0.009792,0.789109
8943ac6dd4fffff,Potential Car Buyers,4,16.153981,0.010024,0.807755
8943ac6dd4fffff,Potential Car Buyers,6,5.050718,0.002631,0.252536
8943ac6dd4fffff,Potential Car Buyers,8,4.710436,0.002454,0.235522
8943ac6dd4fffff,Potential Car Buyers,10,19.236013,0.012195,0.961801
8943ac6dd4fffff,Potential Car Buyers,12,17.701578,0.011222,0.885079
8943ac6dd4fffff,Potential Car Buyers,14,27.192511,0.017464,1.359675
8943ac6dd4fffff,Potential Car Buyers,16,30.619156,0.019665,1.531014
8943ac6dd4fffff,Potential Car Buyers,18,28.592817,0.018344,1.429641
8943ac6dd4fffff,Potential Car Buyers,20,23.869713,0.015314,1.193486
8943ac6dd4fffff,Potential Car Buyers,22,29.911491,0.01919,1.495575
8943ac6de17ffff,Families,0,2.072862,0.000779,0.103643
8943ac6de17ffff,Families,2,2.172477,0.000817,0.108624
8943ac6de17ffff,Families,4,2.136272,0.000803,0.106814
8943ac6de17ffff,Families,6,2.299648,0.000752,0.114982
8943ac6de17ffff,Families,8,2.343886,0.000767,0.117194
8943ac6de17ffff,Families,10,22.749955,0.01463,1.137498
8943ac6de17ffff,Families,12,28.820464,0.018534,1.441023
8943ac6de17ffff,Families,14,27.444359,0.017677,1.372265
8943ac6de17ffff,Families,16,24.398589,0.015715,1.219971
8943ac6de17ffff,Families,18,12.236619,0.007591,0.611874
8943ac6de17ffff,Families,20,11.510596,0.007141,0.57557
8943ac6de17ffff,Families,22,12.742622,0.007905,0.637175
8943ac6de17ffff,HNWI,0,24.043683,0.015464,1.202227
8943ac6de17ffff,HNWI,2,23.968098,0.015415,1.198447
8943ac6de17ffff,HNWI,4,27.16475,0.017471,1.358285
8943ac6de17ffff,HNWI,6,11.62864,0.007184,0.581432
8943ac6de17ffff,HNWI,8,16.25087,0.010039,0.812544
8943ac6de17ffff,HNWI,10,16.798676,0.010622,0.839977
8943ac6de17ffff,HNWI,12,22.648637,0.014321,1.13249
8943ac6de17ffff,HNWI,14,9.562828,0.005803,0.478184
8943ac6de17ffff,HNWI,16,9.252774,0.005615,0.46268
8943ac6de17ffff,HNWI,18,9.779068,0.005893,0.488953
8943ac6de17ffff,HNWI,20,11.827872,0.007127,0.591394
8943ac6de17ffff,HNWI,22,9.234944,0.005565,0.461747
8943ac6de17ffff,Potential Car Buyers,0,6.03477,0.003274,0.301795
8943ac6de17ffff,Potential Car Buyers,2,4.805737,0.002607,0.240332
8943ac6de17ffff,Potential Car Buyers,4,6.387392,0.003465,0.319429
8943ac6de17ffff,Potential Car Buyers,6,4.443926,0.002374,0.22224
8943ac6de17ffff,Potential Car Buyers,8,5.677691,0.003034,0.283941
8943ac6de17ffff,Potential Car Buyers,10,1.139039,0.000167,0.056996
8943ac6de17ffff,Potential Car Buyers,12,1.454185,0.000213,0.072766
8943ac6de17ffff,Potential Car Buyers,14,23.551094,0.015135,1.177555
8943ac6de17ffff,Potential Car Buyers,16,24.218664,0.015564,1.210933
8943ac6de17ffff,Potential Car Buyers,18,17.353149,0.010906,0.867657
8943ac6de17ffff,Potential Car Buyers,20,17.867629,0.01123,0.893381
8943ac6de17ffff,Potential Car Buyers,22,19.766496,0.012423,0.988325
8943acac093ffff,Families,0,5.785947,0.003076,0.289297
8943acac093ffff,Families,2,5.101811,0.002712,0.255091
8943acac093ffff,Families,4,5.100874,0.002712,0.255044
8943acac093ffff,Families,6,5.069614,0.002646,0.253481
8943acac093ffff,Families,8,3.697434,0.00193,0.184872
8943acac093ffff,Families,10,28.865728,0.018621,1.443286
8943acac093ffff,Families,12,31.649632,0.020417,1.582482
8943acac093ffff,Families,14,16.207954,0.010197,0.810398
8943acac093ffff,Families,16,17.479278,0.010997,0.873964
8943acac093ffff,Families,18,22.998291,0.014632,1.149967
8943acac093ffff,Families,20,18.745185,0.011926,0.937302
8943acac093ffff,Families,22,18.983886,0.012078,0.949238
8943acac093ffff,HNWI,0,26.648543,0.017065,1.33248
8943acac093ffff,HNWI,2,29.688503,0.019012,1.484484
8943acac093ffff,HNWI,4,26.775714,0.017147,1.338839
8943acac093ffff,HNWI,6,10.549531,0.006372,0.527477
8943acac093ffff,HNWI,8,8.939724,0.0054,0.446986
8943acac093ffff,HNWI,10,5.513082,0.003142,0.275654
8943acac093ffff,HNWI,12,7.986235,0.004551,0.399312
8943acac093ffff,HNWI,14,7.583215,0.004436,0.379207
8943acac093ffff,HNWI,16,8.462818,0.004951,0.423193
8943acac093ffff,HNWI,18,11.039668,0.006796,0.551983
8943acac093ffff,HNWI,20,15.064244,0.009273,0.753212
8943acac093ffff,HNWI,22,13.309884,0.008193,0.665494
8943acac093ffff,Potential Car Buyers,0,8.511976,0.004966,0.425546
8943acac093ffff,Potential Car Buyers,2,6.982167,0.004074,0.349065
8943acac093ffff,Potential Car Buyers,4,8.973998,0.005236,0.448644
8943acac093ffff,Potential Car Buyers,6,7.926832,0.004597,0.396393
8943acac093ffff,Potential Car Buyers,8,7.075189,0.004103,0.353806
8943acac093ffff,Potential Car Buyers,10,18.806454,0.012004,0.940363
8943acac093ffff,Potential Car Buyers,12,23.772112,0.015173,1.188656
8943acac093ffff,Potential Car Buyers,14,24.641005,0.015639,1.232109
8943acac093ffff,Potential Car Buyers,16,22.472707,0.014263,1.123689
8943acac093ffff,Potential Car Buyers,18,17.710761,0.01122,0.885538
8943acac093ffff,Potential Car Buyers,20,17.779234,0.011263,0.888962
8943acac093ffff,Potential Car Buyers,22,19.37459,0.012274,0.968729
8943acac0dbffff,Families,0,8.259787,0.00492,0.412989
8943acac0dbffff,Families,2,10.961013,0.006529,0.548051
8943acac0dbffff,Families,4,9.448945,0.005628,0.472447
8943acac0dbffff,Families,6,9.718661,0.005764,0.485933
8943acac0dbffff,Families,8,8.41278,0.004989,0.420639
8943acac0dbffff,Families,10,5.870298,0.003176,0.293515
8943acac0dbffff,Families,12,4.578445,0.002477,0.228922
8943acac0dbffff,Families,14,26.085364,0.016608,1.304268
8943acac0dbffff,Families,16,25.840587,0.016452,1.292029
8943acac0dbffff,Families,18,20.653221,0.013128,1.032709
8943acac0dbffff,Families,20,17.258509,0.01097,0.862966
8943acac0dbffff,Families,22,22.423209,0.014253,1.121213
8943acac0dbffff,HNWI,0,9.653667,0.005723,0.48263
8943acac0dbffff,HNWI,2,9.513963,0.00564,0.475645
8943acac0dbffff,HNWI,4,7.764277,0.004603,0.388171
8943acac0dbffff,HNWI,6,8.685611,0.005125,0.434231
8943acac0dbffff,HNWI,8,8.156712,0.004813,0.407789
8943acac0dbffff,HNWI,10,28.739613,0.018524,1.437028
8943acac0dbffff,HNWI,12,25.305026,0.01631,1.265293
8943acac0dbffff,HNWI,14,1.161766,0.000206,0.058088
8943acac0dbffff,HNWI,16,1.514945,0.000268,0.075747
8943acac0dbffff,HNWI,18,31.629194,0.020399,1.581511
8943acac0dbffff,HNWI,20,35.339719,0.022792,1.767044
8943acac0dbffff,HNWI,22,27.700006,0.017865,1.385046
8943acac0dbffff,Potential Car Buyers,0,10.832626,0.006642,0.541675
8943acac0dbffff,Potential Car Buyers,2,11.33503,0.00695,0.566797
8943acac0dbffff,Potential Car Buyers,4,10.282308,0.006305,0.514157
8943acac0dbffff,Potential Car Buyers,6,14.301152,0.008748,0.715117
8943acac0dbffff,Potential Car Buyers,8,10.825964,0.006622,0.541343
8943acac0dbffff,Potential Car Buyers,10,9.924738,0.005827,0.496178
8943acac0dbffff,Potential Car Buyers,12,7.698059,0.004519,0.384857
8943acac0dbffff,Potential Car Buyers,14,5.626757,0.002969,0.281338
8943acac0dbffff,Potential Car Buyers,16,5.682322,0.002998,0.284116
8943acac0dbffff,Potential Car Buyers,18,21.858798,0.013979,1.09294
8943acac0dbffff,Potential Car Buyers,20,23.446365,0.014995,1.172318
8943acac0dbffff,Potential Car Buyers,22,21.075682,0.013478,1.053784
8943acac497ffff,Families,0,5.459278,0.002918,0.272964
8943acac497ffff,Families,2,5.995673,0.003205,0.299784
8943acac497ffff,Families,4,5.091907,0.002722,0.254595
8943acac497ffff,Families,6,4.159141,0.002185,0.207957
8943acac497ffff,Families,8,4.412149,0.002318,0.220607
8943acac497ffff,Families,10,31.1422,0.020092,1.55711
8943acac497ffff,Families,12,34.960869,0.022556,1.748043
8943acac497ffff,Families,14,2.255595,0.00083,0.11283
8943acac497ffff,Families,16,2.134936,0.000785,0.106795
8943acac497ffff,Families,18,15.856645,0.009955,0.792786
8943acac497ffff,Families,20,16.632992,0.010442,0.831601
8943acac497ffff,Families,22,15.74092,0.009882,0.787
8943acac497ffff,HNWI,0,1.125642,4.2e-05,0.056335
8943acac497ffff,HNWI,2,1.257175,4.6e-05,0.062918
8943acac497ffff,HNWI,4,1.043248,3.8e-05,0.052212
8943acac497ffff,HNWI,6,17.856363,0.011318,0.892774
8943acac497ffff,HNWI,8,21.273313,0.013483,1.063613
8943acac497ffff,HNWI,10,18.050195,0.011306,0.902455
8943acac497ffff,HNWI,12,16.334825,0.010231,0.816692
8943acac497ffff,HNWI,14,13.923498,0.008614,0.696125
8943acac497ffff,HNWI,16,13.012597,0.008051,0.650583
8943acac497ffff,HNWI,18,13.402205,0.008256,0.67011
8943acac497ffff,HNWI,20,14.899543,0.009178,0.744977
8943acac497ffff,HNWI,22,12.651106,0.007793,0.632555
8943acac497ffff,Potential Car Buyers,0,16.116416,0.009998,0.805821
8943acac497ffff,Potential Car Buyers,2,12.467433,0.007734,0.623372
8943acac497ffff,Potential Car Buyers,4,13.975984,0.00867,0.698799
8943acac497ffff,Potential Car Buyers,6,20.902833,0.013357,1.045098
8943acac497ffff,Potential Car Buyers,8,20.054172,0.012814,1.002667
8943acac497ffff,Potential Car Buyers,10,21.67376,0.013739,1.083635
8943acac497ffff,Potential Car Buyers,12,22.873786,0.014499,1.143633
8943acac497ffff,Potential Car Buyers,14,25.764972,0.016546,1.288249
8943acac497ffff,Potential Car Buyers,16,31.050436,0.01994,1.552522
8943acac497ffff,Potential Car Buyers,18,21.748656,0.013952,1.087474
8943acac497ffff,Potential Car Buyers,20,26.554471,0.017035,1.327774
8943acac497ffff,Potential Car Buyers,22,23.479077,0.015062,1.173998
8943acac4c3ffff,Families,0,11.975455,0.007433,0.598773
8943acac4c3ffff,Families,2,12.131282,0.00753,0.606564
8943acac4c3ffff,Families,4,13.240168,0.008218,0.662008
8943acac4c3ffff,Families,6,5.045929,0.002638,0.252351
8943acac4c3ffff,Families,8,5.489195,0.00287,0.274519
8943acac4c3ffff,Families,10,10.580602,0.006377,0.52903
8943acac4c3ffff,Families,12,12.338852,0.007436,0.616943
8943acac4c3ffff,Families,14,30.170842,0.019378,1.508542
8943acac4c3ffff,Families,16,27.681264,0.017779,1.384063
8943acac4c3ffff,Families,18,24.843843,0.01594,1.242145
8943acac4c3ffff,Families,20,26.924788,0.017275,1.346189
8943acac4c3ffff,Families,22,22.584394,0.01449,1.129177
8943acac4c3ffff,HNWI,0,27.311598,0.017512,1.36558
8943acac4c3ffff,HNWI,2,21.608901,0.013855,1.080445
8943acac4c3ffff,HNWI,4,30.688642,0.019677,1.534432
8943acac4c3ffff,HNWI,6,29.296725,0.018775,1.464836
8943acac4c3ffff,HNWI,8,24.899714,0.015957,1.244986
8943acac4c3ffff,HNWI,10,9.554599,0.005821,0.47773
8943acac4c3ffff,HNWI,12,11.214934,0.006832,0.560747
8943acac4c3ffff,HNWI,14,22.137867,0.013961,1.106953
8943acac4c3ffff,HNWI,16,15.93413,0.010048,0.79675
8943acac4c3ffff,HNWI,18,7.984894,0.004676,0.399293
8943acac4c3ffff,HNWI,20,7.022882,0.004112,0.351187
8943acac4c3ffff,HNWI,22,6.797873,0.003981,0.339935
8943acac4c3ffff,Potential Car Buyers,0,10.608246,0.006325,0.530356
8943acac4c3ffff,Potential Car Buyers,2,10.974901,0.006543,0.548687
8943acac4c3ffff,Potential Car Buyers,4,7.984614,0.00476,0.399188
8943acac4c3ffff,Potential Car Buyers,6,7.465641,0.004432,0.373323
8943acac4c3ffff,Potential Car Buyers,8,8.139695,0.004832,0.407029
8943acac4c3ffff,Potential Car Buyers,10,29.050503,0.01859,1.452467
8943acac4c3ffff,Potential Car Buyers,12,20.268667,0.012971,1.013393
8943acac4c3ffff,Potential Car Buyers,14,20.001063,0.012736,1.000098
8943acac4c3ffff,Potential Car Buyers,16,22.076456,0.014057,1.103872
8943acac4c3ffff,Potential Car Buyers,18,18.728051,0.011906,0.936403
8943acac4c3ffff,Potential Car Buyers,20,22.450757,0.014273,1.122538
8943acac4c3ffff,Potential Car Buyers,22,24.223854,0.0154,1.211193
8943acac5cfffff,Families,0,9.127839,0.005509,0.456435
8943acac5cfffff,Families,2,11.837771,0.007145,0.591945
8943acac5cfffff,Families,4,10.435704,0.006299,0.521835
8943acac5cfffff,Families,6,29.144874,0.018798,1.457244
8943acac5cfffff,Families,8,24.773127,0.015978,1.238656
8943acac5cfffff,Families,10,26.251816,0.01671,1.312591
8943acac5cfffff,Families,12,23.262669,0.014808,1.163133
8943acac5cfffff,Families,14,20.251614,0.012924,1.012624
8943acac5cfffff,Families,16,27.712993,0.017686,1.385709
8943acac5cfffff,Families,18,21.16516,0.013488,1.058258
8943acac5cfffff,Families,20,20.441679,0.013026,1.022084
8943acac5cfffff,Families,22,19.017121,0.012119,0.950856
8943acac5cfffff,HNWI,0,13.076283,0.0081,0.653861
8943acac5cfffff,HNWI,2,14.545202,0.00901,0.727312
8943acac5cfffff,HNWI,4,14.967449,0.009271,0.748426
8943acac5cfffff,HNWI,6,8.072889,0.004722,0.403694
8943acac5cfffff,HNWI,8,8.375401,0.004899,0.418821
8943acac5cfffff,HNWI,10,4.034707,0.002078,0.201781
8943acac5cfffff,HNWI,12,4.010062,0.002066,0.200549
8943acac5cfffff,HNWI,14,34.703035,0.022386,1.735152
8943acac5cfffff,HNWI,16,36.775893,0.023723,1.838795
8943acac5cfffff,HNWI,18,22.214143,0.014244,1.110707
8943acac5cfffff,HNWI,20,22.195562,0.014232,1.109778
8943acac5cfffff,HNWI,22,22.821549,0.014634,1.141077
8943acac5cfffff,Potential Car Buyers,0,6.462269,0.003528,0.323113
8943acac5cfffff,Potential Car Buyers,2,5.857327,0.003198,0.292866
8943acac5cfffff,Potential Car Buyers,4,5.944582,0.003245,0.297229
8943acac5cfffff,Potential Car Buyers,6,26.14474,0.016752,1.307288
8943acac5cfffff,Potential Car Buyers,8,26.90393,0.017238,1.345249
8943acac5cfffff,Potential Car Buyers,10,19.924632,0.012651,0.996232
8943acac5cfffff,Potential Car Buyers,12,21.402457,0.013589,1.070123
8943acac5cfffff,Potential Car Buyers,14,20.584543,0.012975,1.029227
8943acac5cfffff,Potential Car Buyers,16,18.947303,0.011943,0.947365
8943acac5cfffff,Potential Car Buyers,18,18.988477,0.011941,0.949478
8943acac5cfffff,Potential Car Buyers,20,16.943818,0.010655,0.847239
8943acac5cfffff,Potential Car Buyers,22,14.097799,0.008865,0.70493
8943acad5a7ffff,Families,0,2.674105,0.00106,0.133705
8943acad5a7ffff,Families,2,2.195079,0.00087,0.109754
8943acad5a7ffff,Families,4,2.370885,0.00094,0.118544
8943acad5a7ffff,Families,6,11.873195,0.007265,0.593709
8943acad5a7ffff,Families,8,9.931817,0.006077,0.496632
8943acad5a7ffff,Families,10,7.90171,0.004641,0.395133
8943acad5a7ffff,Families,12,7.465674,0.004385,0.373328
8943acad5a7ffff,Families,14,4.052134,0.002141,0.202607
8943acad5a7ffff,Families,16,4.973242,0.002628,0.248662
8943acad5a7ffff,Families,18,13.428526,0.008338,0.671472
8943acad5a7ffff,Families,20,16.751622,0.010401,0.837639
8943acad5a7ffff,Families,22,14.39315,0.008937,0.719707
8943acad5a7ffff,HNWI,0,3.685523,0.001784,0.184276
8943acad5a7ffff,HNWI,2,4.293201,0.002078,0.21466
8943acad5a7ffff,HNWI,4,3.138367,0.001519,0.156918
8943acad5a7ffff,HNWI,6,3.48442,0.001623,0.174221
8943acad5a7ffff,HNWI,8,3.376517,0.001573,0.168826
8943acad5a7ffff,HNWI,10,25.234877,0.016255,1.261744
8943acad5a7ffff,HNWI,12,24.330453,0.015673,1.216523
8943acad5a7ffff,HNWI,14,26.3556,0.017001,1.317823
8943acad5a7ffff,HNWI,16,34.846017,0.022478,1.742357
8943acad5a7ffff,HNWI,18,15.866498,0.009906,0.793375
8943acad5a7ffff,HNWI,20,13.890873,0.008673,0.694588
8943acad5a7ffff,HNWI,22,18.145498,0.011329,0.907333
8943acad5a7ffff,Potential Car Buyers,0,14.456886,0.009071,0.722887
8943acad5a7ffff,Potential Car Buyers,2,17.825569,0.011184,0.891331
8943acad5a7ffff,Potential Car Buyers,4,16.305514,0.01023,0.815324
8943acad5a7ffff,Potential Car Buyers,6,7.342919,0.004208,0.367146
8943acad5a7ffff,Potential Car Buyers,8,6.489746,0.003719,0.324487
8943acad5a7ffff,Potential Car Buyers,10,11.029007,0.006783,0.551493
8943acad5a7ffff,Potential Car Buyers,12,12.076138,0.007427,0.603854
8943acad5a7ffff,Potential Car Buyers,14,30.998152,0.019973,1.54996
8943acad5a7ffff,Potential Car Buyers,16,24.701383,0.015915,1.235111
8943acad5a7ffff,Potential Car Buyers,18,30.70735,0.019768,1.535367
8943acad5a7ffff,Potential Car Buyers,20,28.974585,0.018652,1.448729
8943acad5a7ffff,Potential Car Buyers,22,26.469249,0.01704,1.323462
8943acae01bffff,Families,0,7.662393,0.004454,0.38312
8943acae01bffff,Families,2,9.068528,0.005272,0.453426
8943acae01bffff,Families,4,8.817666,0.005126,0.440883
8943acae01bffff,Families,6,6.503657,0.003756,0.325183
8943acae01bffff,Families,8,7.853349,0.004536,0.392667
8943acae01bffff,Families,10,4.458477,0.002174,0.222924
8943acae01bffff,Families,12,3.035673,0.00148,0.151784
8943acae01bffff,Families,14,28.757127,0.018536,1.437904
8943acae01bffff,Families,16,26.917744,0.017351,1.345932
8943acae01bffff,Families,18,16.901126,0.010701,0.845099
8943acae01bffff,Families,20,22.249571,0.014088,1.112534
8943acae01bffff,Families,22,21.151654,0.013393,1.057636
8943acae01bffff,HNWI,0,17.920168,0.011244,0.896008
8943acae01bffff,HNWI,2,16.007421,0.010044,0.800371
8943acae01bffff,HNWI,4,18.052163,0.011326,0.902608
8943acae01bffff,HNWI,6,2.097824,0.000781,0.104938
8943acae01bffff,HNWI,8,2.458931,0.000916,0.123001
8943acae01bffff,HNWI,10,24.540569,0.015787,1.227071
8943acae01bffff,HNWI,12,25.10142,0.016148,1.255115
8943acae01bffff,HNWI,14,24.310153,0.015663,1.215508
8943acae01bffff,HNWI,16,27.679391,0.017834,1.38397
8943acae01bffff,HNWI,18,25.739418,0.01657,1.287015
8943acae01bffff,HNWI,20,34.549083,0.022241,1.727514
8943acae01bffff,HNWI,22,31.240339,0.020111,1.562071
8943acae01bffff,Potential Car Buyers,0,11.448493,0.006931,0.572477
8943acae01bffff,Potential Car Buyers,2,11.020659,0.006672,0.551084
8943acae01bffff,Potential Car Buyers,4,12.030204,0.007283,0.601566
8943acae01bffff,Potential Car Buyers,6,9.161605,0.005529,0.458124
8943acae01bffff,Potential Car Buyers,8,12.631123,0.007623,0.631616
8943acae01bffff,Potential Car Buyers,10,21.130788,0.013553,1.056499
8943acae01bffff,Potential Car Buyers,12,31.007441,0.019887,1.550313
8943acae01bffff,Potential Car Buyers,14,3.586544,0.001647,0.179327
8943acae01bffff,Potential Car Buyers,16,2.951841,0.001355,0.147592
8943acae01bffff,Potential Car Buyers,18,20.146508,0.012847,1.007325
8943acae01bffff,Potential Car Buyers,20,20.715389,0.013209,1.035769
8943acae01bffff,Potential Car Buyers,22,23.104505,0.014733,1.155225
8943acae02bffff,Families,0,24.707053,0.015728,1.235408
8943acae02bffff,Families,2,23.722229,0.015101,1.186165
8943acae02bffff,Families,4,26.399207,0.016805,1.32002
8943acae02bffff,Families,6,9.827596,0.006018,0.49138
8943acae02bffff,Families,8,11.257871,0.006894,0.562894
8943acae02bffff,Families,10,30.462305,0.019585,1.523115
8943acae02bffff,Families,12,25.25126,0.016235,1.262563
8943acae02bffff,Families,14,5.165516,0.002746,0.258223
8943acae02bffff,Families,16,4.40661,0.002342,0.220286
8943acae02bffff,Families,18,4.645491,0.002359,0.232275
8943acae02bffff,Families,20,4.411745,0.002241,0.220587
8943acae02bffff,Families,22,4.973137,0.002526,0.248657
8943acae02bffff,HNWI,0,29.452089,0.018938,1.472552
8943acae02bffff,HNWI,2,26.528239,0.017058,1.326365
8943acae02bffff,HNWI,4,26.413424,0.016984,1.320624
8943acae02bffff,HNWI,6,22.367553,0.014376,1.118418
8943acae02bffff,HNWI,8,28.854469,0.018546,1.442775
8943acae02bffff,HNWI,10,20.832254,0.013312,1.041656
8943acae02bffff,HNWI,12,23.396676,0.01495,1.169882
8943acae02bffff,HNWI,14,25.720589,0.016471,1.286029
8943acae02bffff,HNWI,16,21.095837,0.013509,1.054792
8943acae02bffff,HNWI,18,9.704971,0.005838,0.485249
8943acae02bffff,HNWI,20,11.428809,0.006875,0.57144
8943acae02bffff,HNWI,22,11.866618,0.007138,0.593331
8943acae02bffff,Potential Car Buyers,0,10.068832,0.006128,0.503442
8943acae02bffff,Potential Car Buyers,2,12.658913,0.007704,0.632946
8943acae02bffff,Potential Car Buyers,4,13.553324,0.008248,0.677666
8943acae02bffff,Potential Car Buyers,6,12.150997,0.007374,0.60755
8943acae02bffff,Potential Car Buyers,8,13.0754,0.007935,0.65377
8943acae02bffff,Potential Car Buyers,10,6.325086,0.003646,0.316254
8943acae02bffff,Potential Car Buyers,12,7.90715,0.004558,0.395358
8943acae02bffff,Potential Car Buyers,14,24.264048,0.015511,1.213202
8943acae02bffff,Potential Car Buyers,16,20.501092,0.013105,1.025055
8943acae02bffff,Potential Car Buyers,18,24.312962,0.015521,1.215596
8943acae02bffff,Potential Car Buyers,20,24.335089,0.015535,1.216703
8943acae02bffff,Potential Car Buyers,22,22.886264,0.01461,1.144265
8943acae20fffff,Families,0,28.285048,0.018064,1.414252
8943acae20fffff,Families,2,21.271667,0.013585,1.063583
8943acae20fffff,Families,4,23.337569,0.014904,1.166878
8943acae20fffff,Families,6,10.602013,0.006288,0.530042
8943acae20fffff,Families,8,10.759271,0.006381,0.537904
8943acae20fffff,Families,10,12.301904,0.007649,0.615095
8943acae20fffff,Families,12,15.143551,0.009415,0.757178
8943acae20fffff,Families,14,5.572385,0.00315,0.278619
8943acae20fffff,Families,16,7.434024,0.004202,0.371701
8943acae20fffff,Families,18,4.904003,0.002709,0.245158
8943acae20fffff,Families,20,4.925097,0.002721,0.246213
8943acae20fffff,Families,22,6.66469,0.003682,0.333177
8943acae20fffff,HNWI,0,20.670805,0.013038,1.033596
8943acae20fffff,HNWI,2,17.821238,0.011241,0.89111
8943acae20fffff,HNWI,4,15.430933,0.009733,0.771588
8943acae20fffff,HNWI,6,15.022618,0.009466,0.75109
8943acae20fffff,HNWI,8,20.996737,0.01323,1.049779
8943acae20fffff,HNWI,10,12.31224,0.007641,0.615569
8943acae20fffff,HNWI,12,15.233651,0.009455,0.76163
8943acae20fffff,HNWI,14,9.385181,0.005683,0.469259
8943acae20fffff,HNWI,16,11.471478,0.006946,0.573574
8943acae20fffff,HNWI,18,27.850709,0.017962,1.392535
8943acae20fffff,HNWI,20,31.219435,0.020134,1.560972
8943acae20fffff,HNWI,22,34.597348,0.022313,1.729867
8943acae20fffff,Potential Car Buyers,0,18.034907,0.011477,0.901704
8943acae20fffff,Potential Car Buyers,2,24.68278,0.015707,1.234083
8943acae20fffff,Potential Car Buyers,4,25.314112,0.016109,1.265648
8943acae20fffff,Potential Car Buyers,6,13.551511,0.00829,0.677576
8943acae20fffff,Potential Car Buyers,8,12.26231,0.007501,0.613115
8943acae20fffff,Potential Car Buyers,10,18.98401,0.01195,0.949147
8943acae20fffff,Potential Car Buyers,12,15.203413,0.00957,0.760128
8943acae20fffff,Potential Car Buyers,14,5.143303,0.002713,0.257111
8943acae20fffff,Potential Car Buyers,16,5.70258,0.003008,0.285069
8943acae20fffff,Potential Car Buyers,18,4.584967,0.002303,0.229248
8943acae20fffff,Potential Car Buyers,20,4.618728,0.00232,0.230936
8943acae20fffff,Potential Car Buyers,22,3.40028,0.001708,0.170014
8943acae2c7ffff,Families,0,18.800395,0.011928,0.94002
8943acae2c7ffff,Families,2,23.132234,0.014677,1.156612
8943acae2c7ffff,Families,4,23.507163,0.014915,1.175358
8943acae2c7ffff,Families,6,11.969018,0.007439,0.598451
8943acae2c7ffff,Families,8,17.583114,0.010928,0.879156
8943acae2c7ffff,Families,10,5.019555,0.002802,0.250978
8943acae2c7ffff,Families,12,6.508271,0.003633,0.325414
8943acae2c7ffff,Families,14,3.368711,0.001604,0.168436
8943acae2c7ffff,Families,16,3.697859,0.001761,0.184893
8943acae2c7ffff,Families,18,3.246411,0.001382,0.162379
8943acae2c7ffff,Families,20,2.274816,0.000968,0.113782
8943acae2c7ffff,Families,22,2.551385,0.001086,0.127615
8943acae2c7ffff,HNWI,0,33.0963,0.021281,1.654756
8943acae2c7ffff,HNWI,2,26.949832,0.017329,1.347444
8943acae2c7ffff,HNWI,4,29.860903,0.019201,1.492992
8943acae2c7ffff,HNWI,6,17.808927,0.011224,0.890446
8943acae2c7ffff,HNWI,8,16.24851,0.01024,0.812425
8943acae2c7ffff,HNWI,10,22.74362,0.014533,1.137228
8943acae2c7ffff,HNWI,12,21.7718,0.013912,1.088635
8943acae2c7ffff,HNWI,14,9.870967,0.00598,0.493593
8943acae2c7ffff,HNWI,16,12.235416,0.007413,0.611827
8943acae2c7ffff,HNWI,18,8.369341,0.005034,0.418467
8943acae2c7ffff,HNWI,20,11.364343,0.006835,0.568217
8943acae2c7ffff,HNWI,22,8.741496,0.005258,0.437075
8943acae2c7ffff,Potential Car Buyers,0,1.327472,0.000317,0.066331
8943acae2c7ffff,Potential Car Buyers,2,1.81851,0.000434,0.090867
8943acae2c7ffff,Potential Car Buyers,4,1.372816,0.000328,0.068597
8943acae2c7ffff,Potential Car Buyers,6,17.770347,0.011302,0.888517
8943acae2c7ffff,Potential Car Buyers,8,23.064496,0.014669,1.153225
8943acae2c7ffff,Potential Car Buyers,10,15.094335,0.009503,0.754717
8943acae2c7ffff,Potential Car Buyers,12,15.980526,0.010061,0.799026
8943acae2c7ffff,Potential Car Buyers,14,15.082365,0.009356,0.754171
8943acae2c7ffff,Potential Car Buyers,16,15.737395,0.009763,0.786924
8943acae2c7ffff,Potential Car Buyers,18,11.984544,0.007405,0.599227
8943acae2c7ffff,Potential Car Buyers,20,11.156702,0.006893,0.557835
8943acae2c7ffff,Potential Car Buyers,22,13.968855,0.008631,0.698443
8943acae387ffff,Families,0,21.264452,0.013514,1.063223
8943acae387ffff,Families,2,21.74223,0.013817,1.087112
8943acae387ffff,Families,4,22.820169,0.014502,1.141008
8943acae387ffff,Families,6,11.475039,0.006927,0.573752
8943acae387ffff,Families,8,12.571583,0.007589,0.628579
8943acae387ffff,Families,10,7.392645,0.004206,0.369632
8943acae387ffff,Families,12,8.145864,0.004635,0.407293
8943acae387ffff,Families,14,6.711315,0.003922,0.335607
8943acae387ffff,Families,16,7.004,0.004093,0.350243
8943acae387ffff,Families,18,3.487352,0.00165,0.174317
8943acae387ffff,Families,20,3.368397,0.001594,0.168371
8943acae387ffff,Families,22,4.054512,0.001918,0.202667
8943acae387ffff,HNWI,0,26.748002,0.017139,1.3374
8943acae387ffff,HNWI,2,28.830488,0.018473,1.441524
8943acae387ffff,HNWI,4,28.494877,0.018258,1.424744
8943acae387ffff,HNWI,6,10.941802,0.006581,0.547144
8943acae387ffff,HNWI,8,12.165927,0.007317,0.608356
8943acae387ffff,HNWI,10,14.503665,0.009065,0.725183
8943acae387ffff,HNWI,12,15.169635,0.009481,0.758482
8943acae387ffff,HNWI,14,3.429281,0.001493,0.171464
8943acae387ffff,HNWI,16,2.734129,0.00119,0.136706
8943acae387ffff,HNWI,18,7.025852,0.004081,0.351247
8943acae387ffff,HNWI,20,8.775429,0.005097,0.438715
8943acae387ffff,HNWI,22,8.577962,0.004983,0.428843
8943acae387ffff,Potential Car Buyers,0,25.128167,0.01604,1.256408
8943acae387ffff,Potential Car Buyers,2,25.393816,0.01621,1.269691
8943acae387ffff,Potential Car Buyers,4,24.267802,0.015491,1.21339
8943acae387ffff,Potential Car Buyers,6,16.31652,0.010081,0.815766
8943acae387ffff,Potential Car Buyers,8,14.053987,0.008683,0.702648
8943acae387ffff,Potential Car Buyers,10,11.294688,0.006769,0.564677
8943acae387ffff,Potential Car Buyers,12,10.566904,0.006333,0.528292
8943acae387ffff,Potential Car Buyers,14,6.030974,0.003384,0.301549
8943acae387ffff,Potential Car Buyers,16,6.626891,0.003718,0.331345
8943acae387ffff,Potential Car Buyers,18,5.090344,0.002785,0.254472
8943acae387ffff,Potential Car Buyers,20,4.857003,0.002657,0.242807
8943acae387ffff,Potential Car Buyers,22,5.409114,0.00296,0.270407
8943acae44bffff,Families,0,17.380236,0.010963,0.869012
8943acae44bffff,Families,2,18.114845,0.011426,0.905742
8943acae44bffff,Families,4,16.36042,0.010319,0.818021
8943acae44bffff,Families,6,21.482911,0.013536,1.074146
8943acae44bffff,Families,8,17.676144,0.011138,0.883807
8943acae44bffff,Families,10,9.89473,0.005851,0.494736
8943acae44bffff,Families,12,9.507359,0.005622,0.475368
8943acae44bffff,Families,14,1.535534,0.000265,0.076777
8943acae44bffff,Families,16,1.252144,0.000216,0.062607
8943acae44bffff,Families,18,31.936706,0.020597,1.596887
8943acae44bffff,Families,20,31.535064,0.020338,1.576805
8943acae44bffff,Families,22,33.311842,0.021484,1.665647
8943acae44bffff,HNWI,0,3.706255,0.001867,0.185358
8943acae44bffff,HNWI,2,4.019442,0.002025,0.201021
8943acae44bffff,HNWI,4,4.42712,0.00223,0.22141
8943acae44bffff,HNWI,6,25.535197,0.016322,1.27676
8943acae44bffff,HNWI,8,27.377798,0.0175,1.36889
8943acae44bffff,HNWI,10,21.702318,0.013763,1.085116
8943acae44bffff,HNWI,12,16.603733,0.01053,0.830187
8943acae44bffff,HNWI,14,19.651597,0.012327,0.982638
8943acae44bffff,HNWI,16,18.510644,0.011611,0.925587
8943acae44bffff,HNWI,18,14.490247,0.009064,0.724512
8943acae44bffff,HNWI,20,15.215381,0.009517,0.760769
8943acae44bffff,HNWI,22,17.884072,0.011186,0.894204
8943acae44bffff,Potential Car Buyers,0,8.250337,0.004803,0.412465
8943acae44bffff,Potential Car Buyers,2,7.772318,0.004525,0.388567
8943acae44bffff,Potential Car Buyers,4,8.251204,0.004804,0.412508
8943acae44bffff,Potential Car Buyers,6,8.86079,0.005126,0.443098
8943acae44bffff,Potential Car Buyers,8,7.961402,0.004606,0.398123
8943acae44bffff,Potential Car Buyers,10,32.817696,0.021124,1.640828
8943acae44bffff,Potential Car Buyers,12,30.742777,0.019788,1.537086
8943acae44bffff,Potential Car Buyers,14,35.821881,0.023092,1.791094
8943acae44bffff,Potential Car Buyers,16,33.572909,0.021642,1.678645
8943acae44bffff,Potential Car Buyers,18,23.350206,0.014788,1.16751
8943acae44bffff,Potential Car Buyers,20,23.123261,0.014644,1.156163
8943acae44bffff,Potential Car Buyers,22,19.211101,0.012167,0.960555
8943acae65bffff,Families,0,21.735667,0.013768,1.086838
8943acae65bffff,Families,2,19.793494,0.012538,0.989724
8943acae65bffff,Families,4,16.782133,0.010631,0.839149
8943acae65bffff,Families,6,11.701168,0.007036,0.585058
8943acae65bffff,Families,8,9.245527,0.005559,0.462276
8943acae65bffff,Families,10,7.231618,0.004073,0.361581
8943acae65bffff,Families,12,7.400048,0.004168,0.370002
8943acae65bffff,Families,14,3.280779,0.001423,0.163982
8943acae65bffff,Families,16,3.396944,0.001473,0.169788
8943acae65bffff,Families,18,2.390666,0.000844,0.119533
8943acae65bffff,Families,20,2.374518,0.000838,0.118726
8943acae65bffff,Families,22,2.420247,0.000854,0.121012
8943acae65bffff,HNWI,0,1.591701,0.000433,0.079632
8943acae65bffff,HNWI,2,1.907811,0.000519,0.095447
8943acae65bffff,HNWI,4,1.436801,0.000391,0.071883
8943acae65bffff,HNWI,6,1.473865,0.00026,0.073748
8943acae65bffff,HNWI,8,1.090567,0.000192,0.054569
8943acae65bffff,HNWI,10,23.199266,0.014907,1.160005
8943acae65bffff,HNWI,12,22.18112,0.014253,1.109096
8943acae65bffff,HNWI,14,26.864787,0.017291,1.343239
8943acae65bffff,HNWI,16,23.855041,0.015353,1.192752
8943acae65bffff,HNWI,18,13.572219,0.008392,0.678611
8943acae65bffff,HNWI,20,13.398329,0.008284,0.669916
8943acae65bffff,HNWI,22,14.027802,0.008674,0.70139
8943acae65bffff,Potential Car Buyers,0,17.541627,0.010916,0.877081
8943acae65bffff,Potential Car Buyers,2,15.517887,0.009657,0.775894
8943acae65bffff,Potential Car Buyers,4,16.567717,0.01031,0.828386
8943acae65bffff,Potential Car Buyers,6,4.270838,0.002295,0.213583
8943acae65bffff,Potential Car Buyers,8,5.993796,0.003221,0.299748
8943acae65bffff,Potential Car Buyers,10,9.188395,0.005566,0.45942
8943acae65bffff,Potential Car Buyers,12,10.425101,0.006315,0.521255
8943acae65bffff,Potential Car Buyers,14,22.37813,0.014383,1.118906
8943acae65bffff,Potential Car Buyers,16,22.473552,0.014445,1.123678
8943acae65bffff,Potential Car Buyers,18,30.900735,0.019841,1.545094
8943acae65bffff,Potential Car Buyers,20,23.266015,0.014939,1.163344
8943acae65bffff,Potential Car Buyers,22,26.054957,0.01673,1.302796
8943acaee57ffff,Families,0,28.607845,0.018337,1.430392
8943acaee57ffff,Families,2,23.958277,0.015356,1.197914
8943acaee57ffff,Families,4,24.882907,0.015949,1.244145
8943acaee57ffff,Families,6,29.294526,0.018767,1.464726
8943acaee57ffff,Families,8,24.851739,0.015921,1.242587
8943acaee57ffff,Families,10,13.791956,0.008654,0.689598
8943acaee57ffff,Families,12,14.501895,0.009099,0.725095
8943acaee57ffff,Families,14,21.700223,0.013675,1.085071
8943acaee57ffff,Families,16,18.445846,0.011624,0.922343
8943acaee57ffff,Families,18,6.564293,0.003829,0.328174
8943acaee57ffff,Families,20,7.490488,0.004369,0.374477
8943acaee57ffff,Families,22,7.375561,0.004302,0.368732
8943acaee57ffff,HNWI,0,20.121417,0.01263,1.00613
8943acaee57ffff,HNWI,2,17.301629,0.01086,0.865132
8943acaee57ffff,HNWI,4,14.452821,0.009072,0.722683
8943acaee57ffff,HNWI,6,13.655131,0.00856,0.682797
8943acaee57ffff,HNWI,8,18.850533,0.011817,0.942583
8943acaee57ffff,HNWI,10,2.048437,0.000826,0.102462
8943acaee57ffff,HNWI,12,2.963969,0.001195,0.148257
8943acaee57ffff,HNWI,14,33.398424,0.021522,1.669977
8943acaee57ffff,HNWI,16,34.237053,0.022062,1.71191
8943acaee57ffff,HNWI,18,31.323241,0.020167,1.566162
8943acaee57ffff,HNWI,20,29.616391,0.019068,1.48082
8943acaee57ffff,HNWI,22,33.02805,0.021265,1.651402
8943acaee57ffff,Potential Car Buyers,0,20.92352,0.013372,1.046219
8943acaee57ffff,Potential Car Buyers,2,21.397498,0.013674,1.069919
8943acaee57ffff,Potential Car Buyers,4,20.679898,0.013216,1.034038
8943acaee57ffff,Potential Car Buyers,6,24.904895,0.015906,1.245297
8943acaee57ffff,Potential Car Buyers,8,20.128613,0.012856,1.006473
8943acaee57ffff,Potential Car Buyers,10,16.92743,0.010723,0.846414
8943acaee57ffff,Potential Car Buyers,12,21.93287,0.013893,1.096698
8943acaee57ffff,Potential Car Buyers,14,19.330301,0.012283,0.966515
8943acaee57ffff,Potential Car Buyers,16,23.643445,0.015024,1.182172
8943acaee57ffff,Potential Car Buyers,18,20.56821,0.013047,1.02846
8943acaee57ffff,Potential Car Buyers,20,21.981713,0.013943,1.099139
8943acaee57ffff,Potential Car Buyers,22,16.610197,0.010536,0.83055
8943acaf103ffff,Families,0,11.698153,0.007232,0.584908
8943acaf103ffff,Families,2,13.914224,0.008602,0.695711
8943acaf103ffff,Families,4,15.530617,0.009601,0.776531
8943acaf103ffff,Families,6,13.995441,0.008635,0.699772
8943acaf103ffff,Families,8,11.540462,0.00712,0.577023
8943acaf103ffff,Families,10,7.934909,0.004743,0.396745
8943acaf103ffff,Families,12,8.058262,0.004816,0.402913
8943acaf103ffff,Families,14,21.847942,0.014017,1.092397
8943acaf103ffff,Families,16,26.422693,0.016953,1.321135
8943acaf103ffff,Families,18,23.474858,0.015045,1.173788
8943acaf103ffff,Families,20,29.501161,0.018907,1.475115
8943acaf103ffff,Families,22,21.596188,0.013841,1.079851
8943acaf103ffff,HNWI,0,5.509697,0.002925,0.275429
8943acaf103ffff,HNWI,2,4.416671,0.002345,0.220789
8943acaf103ffff,HNWI,4,4.715656,0.002504,0.235735
8943acaf103ffff,HNWI,6,27.755689,0.017766,1.387784
8943acaf103ffff,HNWI,8,28.611579,0.018314,1.430579
8943acaf103ffff,HNWI,10,22.907703,0.014556,1.145385
8943acaf103ffff,HNWI,12,22.987144,0.014606,1.149357
8943acaf103ffff,HNWI,14,14.898312,0.009373,0.744958
8943acaf103ffff,HNWI,16,19.093108,0.012011,0.954709
8943acaf103ffff,HNWI,18,18.038367,0.011319,0.901918
8943acaf103ffff,HNWI,20,17.71669,0.011117,0.885834
8943acaf103ffff,HNWI,22,16.768983,0.010522,0.838449
8943acaf103ffff,Potential Car Buyers,0,7.453528,0.004398,0.372719
8943acaf103ffff,Potential Car Buyers,2,9.11349,0.005378,0.455727
8943acaf103ffff,Potential Car Buyers,4,8.439802,0.00498,0.422039
8943acaf103ffff,Potential Car Buyers,6,7.718386,0.004531,0.385873
8943acaf103ffff,Potential Car Buyers,8,9.122451,0.005356,0.456068
8943acaf103ffff,Potential Car Buyers,10,3.769809,0.001969,0.188531
8943acaf103ffff,Potential Car Buyers,12,3.962485,0.00207,0.198167
8943acaf103ffff,Potential Car Buyers,14,1.123356,2.7e-05,0.056168
8943acaf103ffff,Potential Car Buyers,16,1.137373,2.7e-05,0.056869
8943acaf103ffff,Potential Car Buyers,18,17.227251,0.010933,0.861363
8943acaf103ffff,Potential Car Buyers,20,17.615347,0.011179,0.880767
8943acaf103ffff,Potential Car Buyers,22,17.091792,0.010847,0.85459
8943acaf12fffff,Families,0,14.429197,0.009018,0.721505
8943acaf12fffff,Families,2,15.376112,0.00961,0.768854
8943acaf12fffff,Families,4,16.749827,0.010469,0.837544
8943acaf12fffff,Families,6,5.598132,0.003124,0.279907
8943acaf12fffff,Families,8,5.346497,0.002983,0.267325
8943acaf12fffff,Families,10,10.762764,0.006573,0.538183
8943acaf12fffff,Families,12,12.66244,0.007733,0.633175
8943acaf12fffff,Families,14,32.683189,0.021033,1.634216
8943acaf12fffff,Families,16,30.976509,0.019935,1.548879
8943acaf12fffff,Families,18,28.5185,0.018336,1.425925
8943acaf12fffff,Families,20,31.562449,0.020293,1.578122
8943acaf12fffff,Families,22,32.179208,0.020689,1.60896
8943acaf12fffff,HNWI,0,12.408212,0.007584,0.620411
8943acaf12fffff,HNWI,2,12.902529,0.007886,0.645126
8943acaf12fffff,HNWI,4,13.140929,0.008032,0.657046
8943acaf12fffff,HNWI,6,25.138422,0.016146,1.256875
8943acaf12fffff,HNWI,8,30.575313,0.019638,1.52871
8943acaf12fffff,HNWI,10,24.702001,0.01577,1.235048
8943acaf12fffff,HNWI,12,21.955713,0.014016,1.097739
8943acaf12fffff,HNWI,14,20.898599,0.013372,1.04493
8943acaf12fffff,HNWI,16,22.884215,0.014642,1.144211
8943acaf12fffff,HNWI,18,26.330387,0.016826,1.316574
8943acaf12fffff,HNWI,20,20.628961,0.013182,1.031491
8943acaf12fffff,HNWI,22,26.406235,0.016874,1.320367
8943acaf12fffff,Potential Car Buyers,0,1.256481,4.2e-05,0.062764
8943acaf12fffff,Potential Car Buyers,2,0.98072,3.3e-05,0.048989
8943acaf12fffff,Potential Car Buyers,4,1.111306,3.7e-05,0.055512
8943acaf12fffff,Potential Car Buyers,6,31.747081,0.020477,1.587406
8943acaf12fffff,Potential Car Buyers,8,32.737834,0.021116,1.636945
8943acaf12fffff,Potential Car Buyers,10,20.588783,0.013084,1.029391
8943acaf12fffff,Potential Car Buyers,12,18.29974,0.011629,0.914944
8943acaf12fffff,Potential Car Buyers,14,26.763048,0.017211,1.338152
8943acaf12fffff,Potential Car Buyers,16,30.932684,0.019893,1.546634
8943acaf12fffff,Potential Car Buyers,18,11.045719,0.006804,0.552286
8943acaf12fffff,Potential Car Buyers,20,11.456882,0.007057,0.572844
8943acaf12fffff,Potential Car Buyers,22,10.684983,0.006582,0.534249
8943acaf1b7ffff,Families,0,5.175709,0.002905,0.258785
8943acaf1b7ffff,Families,2,6.477121,0.003635,0.323856
8943acaf1b7ffff,Families,4,6.720287,0.003772,0.336014
8943acaf1b7ffff,Families,6,18.58437,0.011817,0.929262
8943acaf1b7ffff,Families,8,18.449073,0.011731,0.922496
8943acaf1b7ffff,Families,10,15.940941,0.010033,0.797092
8943acaf1b7ffff,Families,12,16.771928,0.010556,0.838643
8943acaf1b7ffff,Families,14,17.703414,0.011186,0.885171
8943acaf1b7ffff,Families,16,20.241082,0.01279,1.012054
8943acaf1b7ffff,Families,18,16.722689,0.010543,0.83618
8943acaf1b7ffff,Families,20,18.684913,0.011781,0.934296
8943acaf1b7ffff,Families,22,20.382036,0.012851,1.019157
8943acaf1b7ffff,HNWI,0,17.516902,0.011029,0.875845
8943acaf1b7ffff,HNWI,2,15.844819,0.009976,0.792241
8943acaf1b7ffff,HNWI,4,19.287775,0.012144,0.964389
8943acaf1b7ffff,HNWI,6,15.226995,0.009576,0.76135
8943acaf1b7ffff,HNWI,8,16.189879,0.010182,0.809494
8943acaf1b7ffff,HNWI,10,4.027361,0.001901,0.201368
8943acaf1b7ffff,HNWI,12,3.715127,0.001753,0.185756
8943acaf1b7ffff,HNWI,14,8.979683,0.005406,0.448941
8943acaf1b7ffff,HNWI,16,10.996186,0.00662,0.549756
8943acaf1b7ffff,HNWI,18,26.435136,0.017038,1.321801
8943acaf1b7ffff,HNWI,20,24.916162,0.016059,1.24585
8943acaf1b7ffff,HNWI,22,32.745668,0.021105,1.637338
8943acaf1b7ffff,Potential Car Buyers,0,4.731683,0.00246,0.236532
8943acaf1b7ffff,Potential Car Buyers,2,4.121184,0.002143,0.206014
8943acaf1b7ffff,Potential Car Buyers,4,5.031533,0.002616,0.251521
8943acaf1b7ffff,Potential Car Buyers,6,20.169884,0.012903,1.008494
8943acaf1b7ffff,Potential Car Buyers,8,24.537117,0.015696,1.226856
8943acaf1b7ffff,Potential Car Buyers,10,17.603812,0.011176,0.880191
8943acaf1b7ffff,Potential Car Buyers,12,22.977894,0.014588,1.148895
8943acaf1b7ffff,Potential Car Buyers,14,16.10341,0.010118,0.805217
8943acaf1b7ffff,Potential Car Buyers,16,14.912301,0.009369,0.745658
8943acaf1b7ffff,Potential Car Buyers,18,15.397574,0.009648,0.769879
8943acaf1b7ffff,Potential Car Buyers,20,18.735632,0.01174,0.936782
8943acaf1b7ffff,Potential Car Buyers,22,15.559932,0.00975,0.777997
8943acaf1d7ffff,Families,0,16.913116,0.010579,0.845603
8943acaf1d7ffff,Families,2,14.390406,0.009001,0.719476
8943acaf1d7ffff,Families,4,15.896823,0.009943,0.794792
8943acaf1d7ffff,Families,6,12.126887,0.007295,0.606404
8943acaf1d7ffff,Families,8,11.71404,0.007046,0.585759
8943acaf1d7ffff,Families,10,5.818995,0.003281,0.290905
8943acaf1d7ffff,Families,12,6.026909,0.003398,0.301299
8943acaf1d7ffff,Families,14,2.480343,0.001082,0.124017
8943acaf1d7ffff,Families,16,2.976064,0.001299,0.148803
8943acaf1d7ffff,Families,18,27.159376,0.017466,1.357969
8943acaf1d7ffff,Families,20,29.045362,0.018679,1.452268
8943acaf1d7ffff,Families,22,23.646139,0.015207,1.182307
8943acaf1d7ffff,HNWI,0,5.59436,0.003163,0.279718
8943acaf1d7ffff,HNWI,2,6.959847,0.003935,0.347992
8943acaf1d7ffff,HNWI,4,5.992183,0.003387,0.299609
8943acaf1d7ffff,HNWI,6,26.213074,0.016677,1.310714
8943acaf1d7ffff,HNWI,8,22.566648,0.014357,1.128384
8943acaf1d7ffff,HNWI,10,23.887594,0.01535,1.19438
8943acaf1d7ffff,HNWI,12,23.267905,0.014952,1.163395
8943acaf1d7ffff,HNWI,14,13.678085,0.008492,0.683904
8943acaf1d7ffff,HNWI,16,16.856818,0.010466,0.842841
8943acaf1d7ffff,HNWI,18,21.074302,0.013297,1.053772
8943acaf1d7ffff,HNWI,20,21.294174,0.013436,1.064766
8943acaf1d7ffff,HNWI,22,19.061329,0.012027,0.953118
8943acaf1d7ffff,Potential Car Buyers,0,11.601991,0.007168,0.5801
8943acaf1d7ffff,Potential Car Buyers,2,14.530542,0.008977,0.726527
8943acaf1d7ffff,Potential Car Buyers,4,14.367126,0.008876,0.718356
8943acaf1d7ffff,Potential Car Buyers,6,14.967337,0.009228,0.748367
8943acaf1d7ffff,Potential Car Buyers,8,11.67085,0.007196,0.583543
8943acaf1d7ffff,Potential Car Buyers,10,3.941804,0.002068,0.19709
8943acaf1d7ffff,Potential Car Buyers,12,4.79576,0.002516,0.239788
8943acaf1d7ffff,Potential Car Buyers,14,6.840574,0.003796,0.341971
8943acaf1d7ffff,Potential Car Buyers,16,5.288791,0.002935,0.264395
8943acaf1d7ffff,Potential Car Buyers,18,30.404487,0.019482,1.520283
8943acaf1d7ffff,Potential Car Buyers,20,27.997262,0.01794,1.399918
8943acaf1d7ffff,Potential Car Buyers,22,26.811253,0.01718,1.340615
8943acaf313ffff,Families,0,9.108179,0.005449,0.455409
8943acaf313ffff,Families,2,11.279257,0.006747,0.563963
8943acaf313ffff,Families,4,7.997601,0.004784,0.39988
8943acaf313ffff,Families,6,4.851173,0.002524,0.242559
8943acaf313ffff,Families,8,5.168347,0.002689,0.258417
8943acaf313ffff,Families,10,27.995412,0.018058,1.399771
8943acaf313ffff,Families,12,36.153272,0.023321,1.807664
8943acaf313ffff,Families,14,20.896552,0.013145,1.044828
8943acaf313ffff,Families,16,16.764232,0.010545,0.838212
8943acaf313ffff,Families,18,19.104887,0.012153,0.955201
8943acaf313ffff,Families,20,22.701622,0.014441,1.135029
8943acaf313ffff,Families,22,18.66617,0.011874,0.933266
8943acaf313ffff,HNWI,0,34.262555,0.022103,1.713183
8943acaf313ffff,HNWI,2,36.811392,0.023748,1.840629
8943acaf313ffff,HNWI,4,26.158488,0.016875,1.307967
8943acaf313ffff,HNWI,6,9.976341,0.006023,0.498817
8943acaf313ffff,HNWI,8,10.484729,0.00633,0.524236
8943acaf313ffff,HNWI,10,6.244288,0.003554,0.312214
8943acaf313ffff,HNWI,12,8.04567,0.004579,0.402283
8943acaf313ffff,HNWI,14,16.0974,0.00995,0.804929
8943acaf313ffff,HNWI,16,16.005536,0.009893,0.800335
8943acaf313ffff,HNWI,18,14.765131,0.009086,0.738257
8943acaf313ffff,HNWI,20,13.259655,0.00816,0.662983
8943acaf313ffff,HNWI,22,14.299033,0.008799,0.714952
8943acaf313ffff,Potential Car Buyers,0,24.958235,0.016082,1.247954
8943acaf313ffff,Potential Car Buyers,2,35.105285,0.02262,1.755323
8943acaf313ffff,Potential Car Buyers,4,27.156772,0.017499,1.357884
8943acaf313ffff,Potential Car Buyers,6,28.254906,0.018049,1.412686
8943acaf313ffff,Potential Car Buyers,8,27.786125,0.01775,1.389248
8943acaf313ffff,Potential Car Buyers,10,19.68092,0.01247,0.983997
8943acaf313ffff,Potential Car Buyers,12,21.808222,0.013818,1.090357
8943acaf313ffff,Potential Car Buyers,14,32.215754,0.020684,1.610788
8943acaf313ffff,Potential Car Buyers,16,24.371148,0.015647,1.218557
8943acaf313ffff,Potential Car Buyers,18,13.007462,0.007945,0.650373
8943acaf313ffff,Potential Car Buyers,20,12.323492,0.007527,0.616175
8943acaf313ffff,Potential Car Buyers,22,9.555787,0.005837,0.477789
8943acaf33bffff,Families,0,27.058947,0.017328,1.352947
8943acaf33bffff,Families,2,26.431358,0.016926,1.321568
8943acaf33bffff,Families,4,27.720952,0.017751,1.386048
8943acaf33bffff,Families,6,9.136605,0.005517,0.456873
8943acaf33bffff,Families,8,10.752184,0.006493,0.53766
8943acaf33bffff,Families,10,14.172539,0.008872,0.708627
8943acaf33bffff,Families,12,14.135033,0.008849,0.706752
8943acaf33bffff,Families,14,8.081228,0.004725,0.404061
8943acaf33bffff,Families,16,8.852736,0.005176,0.442637
8943acaf33bffff,Families,18,6.814951,0.003929,0.340794
8943acaf33bffff,Families,20,7.423787,0.00428,0.37124
8943acaf33bffff,Families,22,8.666798,0.004997,0.433399
8943acaf33bffff,HNWI,0,16.162619,0.010122,0.80818
8943acaf33bffff,HNWI,2,13.408324,0.008397,0.670457
8943acaf33bffff,HNWI,4,16.352928,0.010241,0.817696
8943acaf33bffff,HNWI,6,28.901451,0.018532,1.445073
8943acaf33bffff,HNWI,8,23.545862,0.015098,1.177293
8943acaf33bffff,HNWI,10,21.701252,0.013823,1.085063
8943acaf33bffff,HNWI,12,25.894685,0.016494,1.294734
8943acaf33bffff,HNWI,14,29.747627,0.019156,1.487432
8943acaf33bffff,HNWI,16,32.754554,0.021092,1.637784
8943acaf33bffff,HNWI,18,26.885072,0.017297,1.344254
8943acaf33bffff,HNWI,20,29.799987,0.019172,1.489999
8943acaf33bffff,HNWI,22,24.196622,0.015567,1.209831
8943acaf33bffff,Potential Car Buyers,0,14.886971,0.009282,0.744397
8943acaf33bffff,Potential Car Buyers,2,12.384914,0.007722,0.619286
8943acaf33bffff,Potential Car Buyers,4,13.586672,0.008471,0.679378
8943acaf33bffff,Potential Car Buyers,6,14.867351,0.009256,0.743417
8943acaf33bffff,Potential Car Buyers,8,14.378705,0.008952,0.718983
8943acaf33bffff,Potential Car Buyers,10,6.420473,0.003534,0.32108
8943acaf33bffff,Potential Car Buyers,12,6.076916,0.003345,0.303899
8943acaf33bffff,Potential Car Buyers,14,14.590022,0.008956,0.729501
8943acaf33bffff,Potential Car Buyers,16,10.533259,0.006466,0.526663
8943acaf33bffff,Potential Car Buyers,18,2.30112,0.000882,0.115056
8943acaf33bffff,Potential Car Buyers,20,2.437209,0.000934,0.12186
8943acaf33bffff,Potential Car Buyers,22,1.968243,0.000755,0.098412
8943acaf3d3ffff,Families,0,19.600618,0.012271,0.979971
8943acaf3d3ffff,Families,2,18.877523,0.011818,0.943819
8943acaf3d3ffff,Families,4,15.546629,0.009733,0.777284
8943acaf3d3ffff,Families,6,6.742116,0.003808,0.337106
8943acaf3d3ffff,Families,8,6.435746,0.003635,0.321787
8943acaf3d3ffff,Families,10,3.255129,0.001393,0.162756
8943acaf3d3ffff,Families,12,3.321121,0.001421,0.166056
8943acaf3d3ffff,Families,14,26.264733,0.016911,1.313282
8943acaf3d3ffff,Families,16,34.063828,0.021933,1.70325
8943acaf3d3ffff,Families,18,29.365806,0.018891,1.46829
8943acaf3d3ffff,Families,20,23.749024,0.015277,1.187451
8943acaf3d3ffff,Families,22,33.722043,0.021693,1.686102
8943acaf3d3ffff,HNWI,0,16.35388,0.010142,0.817751
8943acaf3d3ffff,HNWI,2,14.564398,0.009032,0.728271
8943acaf3d3ffff,HNWI,4,13.047082,0.008091,0.6524
8943acaf3d3ffff,HNWI,6,12.224218,0.007568,0.611255
8943acaf3d3ffff,HNWI,8,12.826499,0.007941,0.641371
8943acaf3d3ffff,HNWI,10,9.504952,0.005719,0.475294
8943acaf3d3ffff,HNWI,12,10.382673,0.006247,0.519184
8943acaf3d3ffff,HNWI,14,9.31031,0.005668,0.465516
8943acaf3d3ffff,HNWI,16,9.226546,0.005617,0.461327
8943acaf3d3ffff,HNWI,18,30.24894,0.019403,1.512447
8943acaf3d3ffff,HNWI,20,29.981528,0.019232,1.499076
8943acaf3d3ffff,HNWI,22,26.093367,0.016738,1.304668
8943acaf3d3ffff,Potential Car Buyers,0,11.420843,0.006944,0.571042
8943acaf3d3ffff,Potential Car Buyers,2,11.286956,0.006863,0.564348
8943acaf3d3ffff,Potential Car Buyers,4,13.07087,0.007948,0.653543
8943acaf3d3ffff,Potential Car Buyers,6,24.197298,0.015509,1.209912
8943acaf3d3ffff,Potential Car Buyers,8,27.557689,0.017663,1.377938
8943acaf3d3ffff,Potential Car Buyers,10,1.800453,0.000478,0.090023
8943acaf3d3ffff,Potential Car Buyers,12,1.427633,0.000379,0.071382
8943acaf3d3ffff,Potential Car Buyers,14,20.445644,0.013067,1.022282
8943acaf3d3ffff,Potential Car Buyers,16,20.448545,0.013069,1.022427
8943acaf3d3ffff,Potential Car Buyers,18,19.559583,0.012484,0.978021
8943acaf3d3ffff,Potential Car Buyers,20,23.687542,0.015119,1.184428
8943acaf3d3ffff,Potential Car Buyers,22,20.344957,0.012985,1.017291
8943acaf427ffff,Families,0,9.21817,0.005373,0.460908
8943acaf427ffff,Families,2,6.551616,0.003819,0.327581
8943acaf427ffff,Families,4,7.15169,0.004169,0.357584
8943acaf427ffff,Families,6,32.283633,0.020757,1.614124
8943acaf427ffff,Families,8,23.510189,0.015116,1.175468
8943acaf427ffff,Families,10,22.903896,0.014487,1.145254
8943acaf427ffff,Families,12,21.929731,0.013871,1.096543
8943acaf427ffff,Families,14,21.084389,0.01338,1.054219
8943acaf427ffff,Families,16,20.621767,0.013087,1.031088
8943acaf427ffff,Families,18,17.595076,0.011145,0.87971
8943acaf427ffff,Families,20,19.866765,0.012584,0.993289
8943acaf427ffff,Families,22,21.497927,0.013617,1.074843
8943acaf427ffff,HNWI,0,16.524796,0.010455,0.82624
8943acaf427ffff,HNWI,2,18.707372,0.011836,0.935369
8943acaf427ffff,HNWI,4,19.58773,0.012393,0.979386
8943acaf427ffff,HNWI,6,21.655433,0.013689,1.082772
8943acaf427ffff,HNWI,8,18.602089,0.011759,0.930104
8943acaf427ffff,HNWI,10,14.023725,0.008747,0.701186
8943acaf427ffff,HNWI,12,18.432649,0.011498,0.921632
8943acaf427ffff,HNWI,14,14.90129,0.009343,0.745109
8943acaf427ffff,HNWI,16,14.708453,0.009222,0.735466
8943acaf427ffff,HNWI,18,1.945931,0.000524,0.097355
8943acaf427ffff,HNWI,20,1.976165,0.000532,0.098867
8943acaf427ffff,HNWI,22,1.692839,0.000456,0.084692
8943acaf427ffff,Potential Car Buyers,0,3.257351,0.001427,0.162923
8943acaf427ffff,Potential Car Buyers,2,3.476607,0.001523,0.17389
8943acaf427ffff,Potential Car Buyers,4,2.748042,0.001204,0.137449
8943acaf427ffff,Potential Car Buyers,6,2.521018,0.00103,0.126002
8943acaf427ffff,Potential Car Buyers,8,2.841655,0.001162,0.142028
8943acaf427ffff,Potential Car Buyers,10,25.515147,0.016421,1.275802
8943acaf427ffff,Potential Car Buyers,12,31.15449,0.02005,1.557779
8943acaf427ffff,Potential Car Buyers,14,16.548264,0.010332,0.827466
8943acaf427ffff,Potential Car Buyers,16,13.959285,0.008715,0.698009
8943acaf427ffff,Potential Car Buyers,18,12.798221,0.007964,0.639911
8943acaf427ffff,Potential Car Buyers,20,16.152531,0.010051,0.807627
8943acaf427ffff,Potential Car Buyers,22,15.364251,0.009561,0.768213
8943acaf52fffff,Families,0,24.879734,0.015805,1.244045
8943acaf52fffff,Families,2,19.338401,0.012285,0.966966
8943acaf52fffff,Families,4,19.27461,0.012244,0.963776
8943acaf52fffff,Families,6,17.125394,0.010871,0.856311
8943acaf52fffff,Families,8,17.472971,0.011091,0.87369
8943acaf52fffff,Families,10,13.844855,0.008478,0.692299
8943acaf52fffff,Families,12,10.24103,0.006272,0.512093
8943acaf52fffff,Families,14,4.390857,0.002198,0.219598
8943acaf52fffff,Families,16,3.543515,0.001774,0.17722
8943acaf52fffff,Families,18,3.55635,0.001648,0.177817
8943acaf52fffff,Families,20,3.014568,0.001397,0.150728
8943acaf52fffff,Families,22,3.35752,0.001556,0.167876
8943acaf52fffff,HNWI,0,18.653251,0.011878,0.932704
8943acaf52fffff,HNWI,2,23.239784,0.014798,1.162041
8943acaf52fffff,HNWI,4,25.696958,0.016363,1.284906
8943acaf52fffff,HNWI,6,6.421768,0.003715,0.321088
8943acaf52fffff,HNWI,8,8.98688,0.005199,0.449344
8943acaf52fffff,HNWI,10,3.660033,0.001799,0.183002
8943acaf52fffff,HNWI,12,3.874846,0.001905,0.193742
8943acaf52fffff,HNWI,14,4.530482,0.002426,0.226479
8943acaf52fffff,HNWI,16,5.873131,0.003144,0.293599
8943acaf52fffff,HNWI,18,3.793827,0.001947,0.189691
8943acaf52fffff,HNWI,20,4.701438,0.002413,0.235072
8943acaf52fffff,HNWI,22,5.038519,0.002585,0.251926
8943acaf52fffff,Potential Car Buyers,0,13.122549,0.008208,0.656127
8943acaf52fffff,Potential Car Buyers,2,15.377119,0.009618,0.768856
8943acaf52fffff,Potential Car Buyers,4,15.907682,0.00995,0.795384
8943acaf52fffff,Potential Car Buyers,6,12.702205,0.007698,0.63511
8943acaf52fffff,Potential Car Buyers,8,13.042303,0.007904,0.652115
8943acaf52fffff,Potential Car Buyers,10,6.007335,0.003452,0.300367
8943acaf52fffff,Potential Car Buyers,12,8.1242,0.004668,0.40621
8943acaf52fffff,Potential Car Buyers,14,7.112754,0.004185,0.35568
8943acaf52fffff,Potential Car Buyers,16,10.045408,0.00591,0.50233
8943acaf52fffff,Potential Car Buyers,18,23.031227,0.014811,1.151602
8943acaf52fffff,Potential Car Buyers,20,23.125538,0.014872,1.156318
8943acaf52fffff,Potential Car Buyers,22,24.200238,0.015563,1.210055
8943acaf58bffff,Families,0,35.224504,0.022688,1.761225
8943acaf58bffff,Families,2,32.647777,0.021028,1.632389
8943acaf58bffff,Families,4,34.017216,0.02191,1.700861
8943acaf58bffff,Families,6,17.464197,0.010856,0.873151
8943acaf58bffff,Families,8,17.084376,0.01062,0.854161
8943acaf58bffff,Families,10,12.125473,0.007543,0.606274
8943acaf58bffff,Families,12,16.834379,0.010473,0.841719
8943acaf58bffff,Families,14,13.336074,0.008169,0.666804
8943acaf58bffff,Families,16,11.630465,0.007124,0.581523
8943acaf58bffff,Families,18,12.411955,0.00756,0.620651
8943acaf58bffff,Families,20,10.400456,0.006335,0.520068
8943acaf58bffff,Families,22,13.722853,0.008359,0.686202
8943acaf58bffff,HNWI,0,5.685132,0.003104,0.284257
8943acaf58bffff,HNWI,2,5.553946,0.003032,0.277697
8943acaf58bffff,HNWI,4,5.10323,0.002786,0.255162
8943acaf58bffff,HNWI,6,26.731231,0.017234,1.336562
8943acaf58bffff,HNWI,8,31.295284,0.020177,1.564764
8943acaf58bffff,HNWI,10,24.81324,0.015921,1.240662
8943acaf58bffff,HNWI,12,28.036284,0.017989,1.401814
8943acaf58bffff,HNWI,14,26.494052,0.01703,1.324655
8943acaf58bffff,HNWI,16,28.761843,0.018487,1.438041
8943acaf58bffff,HNWI,18,20.261858,0.012741,1.01315
8943acaf58bffff,HNWI,20,19.792125,0.012446,0.989663
8943acaf58bffff,HNWI,22,20.04652,0.012606,1.002383
8943acaf58bffff,Potential Car Buyers,0,12.856928,0.007959,0.6428
8943acaf58bffff,Potential Car Buyers,2,15.907582,0.009848,0.795322
8943acaf58bffff,Potential Car Buyers,4,14.15031,0.00876,0.707465
8943acaf58bffff,Potential Car Buyers,6,14.493403,0.008956,0.724723
8943acaf58bffff,Potential Car Buyers,8,11.418925,0.007056,0.570988
8943acaf58bffff,Potential Car Buyers,10,8.552484,0.005127,0.427667
8943acaf58bffff,Potential Car Buyers,12,11.875952,0.007119,0.593858
8943acaf58bffff,Potential Car Buyers,14,31.994546,0.020535,1.599668
8943acaf58bffff,Potential Car Buyers,16,21.81383,0.014001,1.090651
8943acaf58bffff,Potential Car Buyers,18,21.270241,0.013637,1.063512
8943acaf58bffff,Potential Car Buyers,20,23.34243,0.014965,1.167122
8943acaf58bffff,Potential Car Buyers,22,23.305944,0.014942,1.165297
8943acaf623ffff,Families,0,33.269321,0.021417,1.663466
8943acaf623ffff,Families,2,24.427456,0.015725,1.221373
8943acaf623ffff,Families,4,28.928986,0.018623,1.446449
8943acaf623ffff,Families,6,30.949672,0.019916,1.547484
8943acaf623ffff,Families,8,27.437088,0.017655,1.371854
8943acaf623ffff,Families,10,16.2023,0.010058,0.810115
8943acaf623ffff,Families,12,13.217185,0.008205,0.660859
8943acaf623ffff,Families,14,19.943437,0.012675,0.997218
8943acaf623ffff,Families,16,18.429379,0.011713,0.921512
8943acaf623ffff,Families,18,9.735376,0.005908,0.486813
8943acaf623ffff,Families,20,9.620789,0.005838,0.481083
8943acaf623ffff,Families,22,12.404709,0.007528,0.620291
8943acaf623ffff,HNWI,0,8.176196,0.004788,0.40881
8943acaf623ffff,HNWI,2,6.823844,0.003996,0.341192
8943acaf623ffff,HNWI,4,8.831185,0.005172,0.441559
8943acaf623ffff,HNWI,6,19.137031,0.012216,0.956811
8943acaf623ffff,HNWI,8,21.419755,0.013673,1.070942
8943acaf623ffff,HNWI,10,15.817814,0.009801,0.790947
8943acaf623ffff,HNWI,12,15.007844,0.009299,0.750445
8943acaf623ffff,HNWI,14,18.815224,0.011948,0.940761
8943acaf623ffff,HNWI,16,23.368837,0.014839,1.168442
8943acaf623ffff,HNWI,18,19.442317,0.012324,0.972164
8943acaf623ffff,HNWI,20,16.634578,0.010544,0.83177
8943acaf623ffff,HNWI,22,19.870703,0.012595,0.993584
8943acaf623ffff,Potential Car Buyers,0,2.346698,0.000825,0.11739
8943acaf623ffff,Potential Car Buyers,2,2.269108,0.000798,0.113509
8943acaf623ffff,Potential Car Buyers,4,2.093645,0.000736,0.104732
8943acaf623ffff,Potential Car Buyers,6,1.521006,0.000446,0.076093
8943acaf623ffff,Potential Car Buyers,8,1.667783,0.000489,0.083436
8943acaf623ffff,Potential Car Buyers,10,19.440274,0.012224,0.972069
8943acaf623ffff,Potential Car Buyers,12,18.939031,0.011908,0.947005
8943acaf623ffff,Potential Car Buyers,14,24.187696,0.015467,1.209385
8943acaf623ffff,Potential Car Buyers,16,25.168546,0.016094,1.258427
8943acaf623ffff,Potential Car Buyers,18,16.948772,0.010504,0.847439
8943acaf623ffff,Potential Car Buyers,20,15.918855,0.009866,0.795943
8943acaf623ffff,Potential Car Buyers,22,16.872124,0.010457,0.843606
8943acc0a87ffff,Families,0,16.369122,0.010335,0.818456
8943acc0a87ffff,Families,2,21.511029,0.013582,1.075551
8943acc0a87ffff,Families,4,19.567248,0.012354,0.978362
8943acc0a87ffff,Families,6,10.51718,0.006235,0.525801
8943acc0a87ffff,Families,8,10.676259,0.006329,0.533754
8943acc0a87ffff,Families,10,15.105498,0.00939,0.755275
8943acc0a87ffff,Families,12,15.682526,0.009749,0.784126
8943acc0a87ffff,Families,14,1.398394,0.000379,0.06992
8943acc0a87ffff,Families,16,1.640721,0.000445,0.082036
8943acc0a87ffff,Families,18,35.635607,0.022991,1.781723
8943acc0a87ffff,Families,20,30.487241,0.019669,1.524313
8943acc0a87ffff,Families,22,29.23752,0.018863,1.461829
8943acc0a87ffff,HNWI,0,12.51699,0.007785,0.625892
8943acc0a87ffff,HNWI,2,16.288164,0.01013,0.814463
8943acc0a87ffff,HNWI,4,13.973831,0.008691,0.698739
8943acc0a87ffff,HNWI,6,23.416006,0.014976,1.1708
8943acc0a87ffff,HNWI,8,27.54687,0.017618,1.377344
8943acc0a87ffff,HNWI,10,24.235483,0.015382,1.211774
8943acc0a87ffff,HNWI,12,21.832045,0.013857,1.091602
8943acc0a87ffff,HNWI,14,18.333677,0.011515,0.916631
8943acc0a87ffff,HNWI,16,15.715417,0.00987,0.785725
8943acc0a87ffff,HNWI,18,26.122014,0.01677,1.306101
8943acc0a87ffff,HNWI,20,30.536136,0.019604,1.526807
8943acc0a87ffff,HNWI,22,29.979786,0.019247,1.498989
8943acc0a87ffff,Potential Car Buyers,0,20.909252,0.013305,1.04551
8943acc0a87ffff,Potential Car Buyers,2,19.867025,0.012642,0.993397
8943acc0a87ffff,Potential Car Buyers,4,18.041208,0.01148,0.902102
8943acc0a87ffff,Potential Car Buyers,6,25.581608,0.016266,1.279021
8943acc0a87ffff,Potential Car Buyers,8,20.713118,0.013171,1.035608
8943acc0a87ffff,Potential Car Buyers,10,5.969182,0.003442,0.298419
8943acc0a87ffff,Potential Car Buyers,12,8.535145,0.004922,0.4267
8943acc0a87ffff,Potential Car Buyers,14,4.465871,0.002352,0.223247
8943acc0a87ffff,Potential Car Buyers,16,3.815518,0.002009,0.190736
8943acc0a87ffff,Potential Car Buyers,18,4.396777,0.002203,0.219839
8943acc0a87ffff,Potential Car Buyers,20,4.459337,0.002234,0.222967
8943acc0a87ffff,Potential Car Buyers,22,4.185189,0.002097,0.209259
8943acc0b63ffff,Families,0,14.420747,0.009079,0.721078
8943acc0b63ffff,Families,2,15.159154,0.009544,0.758
8943acc0b63ffff,Families,4,15.254664,0.009604,0.762776
8943acc0b63ffff,Families,6,32.829468,0.021095,1.641473
8943acc0b63ffff,Families,8,22.823197,0.014666,1.14116
8943acc0b63ffff,Families,10,20.485068,0.013086,1.024253
8943acc0b63ffff,Families,12,28.635722,0.018292,1.431786
8943acc0b63ffff,Families,14,23.510761,0.015052,1.175585
8943acc0b63ffff,Families,16,22.83666,0.01462,1.141878
8943acc0b63ffff,Families,18,26.611025,0.017151,1.330551
8943acc0b63ffff,Families,20,30.956945,0.019952,1.547847
8943acc0b63ffff,Families,22,28.958783,0.018664,1.447939
8943acc0b63ffff,HNWI,0,20.68174,0.013214,1.03413
8943acc0b63ffff,HNWI,2,22.242314,0.014211,1.112162
8943acc0b63ffff,HNWI,4,24.755972,0.015817,1.23785
8943acc0b63ffff,HNWI,6,27.75443,0.017722,1.387663
8943acc0b63ffff,HNWI,8,28.115612,0.017952,1.405721
8943acc0b63ffff,HNWI,10,12.396438,0.007716,0.619863
8943acc0b63ffff,HNWI,12,13.843223,0.008617,0.692207
8943acc0b63ffff,HNWI,14,17.610005,0.011022,0.8805
8943acc0b63ffff,HNWI,16,14.543868,0.009103,0.727193
8943acc0b63ffff,HNWI,18,6.26296,0.003488,0.313148
8943acc0b63ffff,HNWI,20,5.854489,0.00326,0.292724
8943acc0b63ffff,HNWI,22,5.785238,0.003222,0.289262
8943acc0b63ffff,Potential Car Buyers,0,30.833206,0.019807,1.541604
8943acc0b63ffff,Potential Car Buyers,2,32.725524,0.021022,1.636216
8943acc0b63ffff,Potential Car Buyers,4,28.6816,0.018424,1.434028
8943acc0b63ffff,Potential Car Buyers,6,18.002505,0.011319,0.900125
8943acc0b63ffff,Potential Car Buyers,8,17.291392,0.010872,0.86457
8943acc0b63ffff,Potential Car Buyers,10,21.292845,0.013588,1.064597
8943acc0b63ffff,Potential Car Buyers,12,21.751726,0.01388,1.08754
8943acc0b63ffff,Potential Car Buyers,14,10.179601,0.006124,0.50893
8943acc0b63ffff,Potential Car Buyers,16,12.001798,0.00722,0.600031
8943acc0b63ffff,Potential Car Buyers,18,9.611757,0.005734,0.480588
8943acc0b63ffff,Potential Car Buyers,20,10.266092,0.006124,0.513305
8943acc0b63ffff,Potential Car Buyers,22,10.641896,0.006348,0.532095
8943acc0bdbffff,Families,0,23.969605,0.015208,1.198538
8943acc0bdbffff,Families,2,23.887104,0.015156,1.194413
8943acc0bdbffff,Families,4,17.840529,0.011319,0.89207
8943acc0bdbffff,Families,6,16.978961,0.010764,0.848906
8943acc0bdbffff,Families,8,23.360594,0.014809,1.167972
8943acc0bdbffff,Families,10,11.476776,0.007001,0.573888
8943acc0bdbffff,Families,12,13.771943,0.008401,0.688656
8943acc0bdbffff,Families,14,15.04308,0.00926,0.752154
8943acc0bdbffff,Families,16,11.218912,0.006906,0.560946
8943acc0bdbffff,Families,18,3.163371,0.001345,0.158169
8943acc0bdbffff,Families,20,2.264235,0.000963,0.113212
8943acc0bdbffff,Families,22,2.580909,0.001098,0.129045
8943acc0bdbffff,HNWI,0,9.65221,0.005893,0.482611
8943acc0bdbffff,HNWI,2,10.309063,0.006294,0.515453
8943acc0bdbffff,HNWI,4,9.578397,0.005847,0.47892
8943acc0bdbffff,HNWI,6,2.084359,0.000693,0.10427
8943acc0bdbffff,HNWI,8,2.088624,0.000695,0.104484
8943acc0bdbffff,HNWI,10,23.33864,0.01499,1.166932
8943acc0bdbffff,HNWI,12,23.476525,0.015079,1.173826
8943acc0bdbffff,HNWI,14,21.296131,0.013623,1.064807
8943acc0bdbffff,HNWI,16,28.36138,0.018142,1.418069
8943acc0bdbffff,HNWI,18,22.694264,0.014498,1.134761
8943acc0bdbffff,HNWI,20,26.502085,0.016931,1.32516
8943acc0bdbffff,HNWI,22,27.133332,0.017334,1.356723
8943acc0bdbffff,Potential Car Buyers,0,7.30498,0.004192,0.365249
8943acc0bdbffff,Potential Car Buyers,2,6.168781,0.00354,0.308439
8943acc0bdbffff,Potential Car Buyers,4,8.487414,0.00487,0.424371
8943acc0bdbffff,Potential Car Buyers,6,18.141296,0.011538,0.907107
8943acc0bdbffff,Potential Car Buyers,8,19.59673,0.012463,0.979882
8943acc0bdbffff,Potential Car Buyers,10,14.677774,0.009241,0.733848
8943acc0bdbffff,Potential Car Buyers,12,20.183914,0.012707,1.009139
8943acc0bdbffff,Potential Car Buyers,14,15.194016,0.009425,0.759701
8943acc0bdbffff,Potential Car Buyers,16,16.445182,0.010202,0.822259
8943acc0bdbffff,Potential Car Buyers,18,21.922487,0.014009,1.09617
8943acc0bdbffff,Potential Car Buyers,20,27.526485,0.017591,1.376381
8943acc0bdbffff,Potential Car Buyers,22,21.315965,0.013622,1.065842
8943acc0e2bffff,Families,0,19.640116,0.012461,0.982006
8943acc0e2bffff,Families,2,16.805927,0.010663,0.840296
8943acc0e2bffff,Families,4,21.984253,0.013949,1.099213
8943acc0e2bffff,Families,6,22.126768,0.014028,1.106338
8943acc0e2bffff,Families,8,17.686107,0.011212,0.884305
8943acc0e2bffff,Families,10,19.507234,0.012223,0.975362
8943acc0e2bffff,Families,12,13.775673,0.008632,0.688784
8943acc0e2bffff,Families,14,21.377785,0.013456,1.068949
8943acc0e2bffff,Families,16,21.350436,0.013439,1.067582
8943acc0e2bffff,Families,18,8.178129,0.004737,0.408853
8943acc0e2bffff,Families,20,7.42691,0.004302,0.371297
8943acc0e2bffff,Families,22,7.85967,0.004553,0.392932
8943acc0e2bffff,HNWI,0,17.079025,0.010705,0.854002
8943acc0e2bffff,HNWI,2,16.731561,0.010488,0.836628
8943acc0e2bffff,HNWI,4,18.513483,0.011605,0.92573
8943acc0e2bffff,HNWI,6,13.7943,0.008635,0.689673
8943acc0e2bffff,HNWI,8,14.083974,0.008817,0.704156
8943acc0e2bffff,HNWI,10,2.126446,0.000763,0.106371
8943acc0e2bffff,HNWI,12,2.262934,0.000812,0.113199
8943acc0e2bffff,HNWI,14,24.65033,0.015878,1.232558
8943acc0e2bffff,HNWI,16,23.808391,0.015335,1.19046
8943acc0e2bffff,HNWI,18,24.590441,0.015825,1.229522
8943acc0e2bffff,HNWI,20,27.647802,0.017793,1.38239
8943acc0e2bffff,HNWI,22,30.41356,0.019572,1.520678
8943acc0e2bffff,Potential Car Buyers,0,7.090597,0.003991,0.354475
8943acc0e2bffff,Potential Car Buyers,2,7.351123,0.004137,0.367499
8943acc0e2bffff,Potential Car Buyers,4,7.156161,0.004028,0.357752
8943acc0e2bffff,Potential Car Buyers,6,26.691815,0.017125,1.334591
8943acc0e2bffff,Potential Car Buyers,8,31.42719,0.020164,1.57136
8943acc0e2bffff,Potential Car Buyers,10,2.416291,0.00092,0.120763
8943acc0e2bffff,Potential Car Buyers,12,2.238029,0.000852,0.111853
8943acc0e2bffff,Potential Car Buyers,14,16.393734,0.010362,0.819729
8943acc0e2bffff,Potential Car Buyers,16,15.663761,0.0099,0.783229
8943acc0e2bffff,Potential Car Buyers,18,21.987753,0.013867,1.099388
8943acc0e2bffff,Potential Car Buyers,20,18.264052,0.011519,0.913203
8943acc0e2bffff,Potential Car Buyers,22,18.191017,0.011472,0.909551
8943acc0edbffff,Families,0,1.637246,0.000492,0.081907
8943acc0edbffff,Families,2,1.999972,0.000601,0.100054
8943acc0edbffff,Families,4,1.863711,0.00056,0.093237
8943acc0edbffff,Families,6,1.308355,0.000287,0.065462
8943acc0edbffff,Families,8,1.473202,0.000324,0.07371
8943acc0edbffff,Families,10,20.26174,0.012919,1.013043
8943acc0edbffff,Families,12,27.019163,0.017227,1.350899
8943acc0edbffff,Families,14,20.445883,0.013067,1.022294
8943acc0edbffff,Families,16,28.087933,0.017951,1.404397
8943acc0edbffff,Families,18,14.93972,0.009244,0.746986
8943acc0edbffff,Families,20,12.927973,0.008,0.646399
8943acc0edbffff,Families,22,14.080978,0.008713,0.704049
8943acc0edbffff,HNWI,0,22.113621,0.014102,1.105681
8943acc0edbffff,HNWI,2,25.218651,0.016082,1.260933
8943acc0edbffff,HNWI,4,23.247718,0.014825,1.162386
8943acc0edbffff,HNWI,6,14.437073,0.008893,0.721909
8943acc0edbffff,HNWI,8,10.603754,0.006532,0.530228
8943acc0edbffff,HNWI,10,7.885777,0.004636,0.394289
8943acc0edbffff,HNWI,12,9.377847,0.005513,0.468892
8943acc0edbffff,HNWI,14,6.286911,0.00347,0.314346
8943acc0edbffff,HNWI,16,6.217645,0.003432,0.310882
8943acc0edbffff,HNWI,18,4.4068,0.002359,0.220297
8943acc0edbffff,HNWI,20,5.821609,0.003117,0.291023
8943acc0edbffff,HNWI,22,5.501528,0.002946,0.275022
8943acc0edbffff,Potential Car Buyers,0,15.221502,0.009349,0.761075
8943acc0edbffff,Potential Car Buyers,2,13.870353,0.00852,0.693518
8943acc0edbffff,Potential Car Buyers,4,10.380392,0.006376,0.51902
8943acc0edbffff,Potential Car Buyers,6,3.40328,0.001471,0.170224
8943acc0edbffff,Potential Car Buyers,8,3.160318,0.001366,0.158072
8943acc0edbffff,Potential Car Buyers,10,9.672316,0.005701,0.483616
8943acc0edbffff,Potential Car Buyers,12,7.299245,0.004302,0.364962
8943acc0edbffff,Potential Car Buyers,14,23.90287,0.015312,1.195144
8943acc0edbffff,Potential Car Buyers,16,23.696239,0.015179,1.184812
8943acc0edbffff,Potential Car Buyers,18,28.682761,0.018351,1.434196
8943acc0edbffff,Potential Car Buyers,20,25.959988,0.016609,1.298052
8943acc0edbffff,Potential Car Buyers,22,29.088575,0.018611,1.454487
8943acc180fffff,Families,0,1.895281,0.000695,0.094764
8943acc180fffff,Families,2,2.25544,0.000827,0.112772
8943acc180fffff,Families,4,2.392357,0.000877,0.119618
8943acc180fffff,Families,6,12.204685,0.007454,0.610286
8943acc180fffff,Families,8,11.83653,0.007229,0.591876
8943acc180fffff,Families,10,7.496347,0.004385,0.374863
8943acc180fffff,Families,12,9.42766,0.005515,0.471441
8943acc180fffff,Families,14,9.604006,0.005724,0.4802
8943acc180fffff,Families,16,8.342276,0.004972,0.417114
8943acc180fffff,Families,18,15.725468,0.009752,0.786328
8943acc180fffff,Families,20,11.891763,0.007374,0.59463
8943acc180fffff,Families,22,13.903776,0.008622,0.695237
8943acc180fffff,HNWI,0,31.483381,0.020213,1.574227
8943acc180fffff,HNWI,2,22.543969,0.014474,1.12724
8943acc180fffff,HNWI,4,27.627816,0.017738,1.381442
8943acc180fffff,HNWI,6,12.859288,0.007831,0.642964
8943acc180fffff,HNWI,8,12.074086,0.007353,0.603704
8943acc180fffff,HNWI,10,14.293798,0.00898,0.714731
8943acc180fffff,HNWI,12,15.867913,0.009969,0.793441
8943acc180fffff,HNWI,14,4.611676,0.002346,0.230639
8943acc180fffff,HNWI,16,3.466077,0.001763,0.173345
8943acc180fffff,HNWI,18,10.800671,0.00641,0.540034
8943acc180fffff,HNWI,20,7.810382,0.004635,0.390519
8943acc180fffff,HNWI,22,8.880109,0.00527,0.444005
8943acc180fffff,Potential Car Buyers,0,22.898148,0.014559,1.144854
8943acc180fffff,Potential Car Buyers,2,21.561334,0.013709,1.078017
8943acc180fffff,Potential Car Buyers,4,23.466386,0.01492,1.173265
8943acc180fffff,Potential Car Buyers,6,5.601519,0.003191,0.280076
8943acc180fffff,Potential Car Buyers,8,5.612293,0.003197,0.280615
8943acc180fffff,Potential Car Buyers,10,14.368395,0.008822,0.718477
8943acc180fffff,Potential Car Buyers,12,14.719957,0.009038,0.736056
8943acc180fffff,Potential Car Buyers,14,3.695461,0.001902,0.184731
8943acc180fffff,Potential Car Buyers,16,4.43677,0.002284,0.221788
8943acc180fffff,Potential Car Buyers,18,4.056904,0.001964,0.202845
8943acc180fffff,Potential Car Buyers,20,4.147544,0.002008,0.207377
8943acc180fffff,Potential Car Buyers,22,3.504207,0.001696,0.17521
8943acc18a3ffff,Families,0,1.859196,0.000579,0.093009
8943acc18a3ffff,Families,2,2.124338,0.000661,0.106274
8943acc18a3ffff,Families,4,1.686374,0.000525,0.084364
8943acc18a3ffff,Families,6,29.006787,0.018615,1.450394
8943acc18a3ffff,Families,8,25.873061,0.016604,1.293702
8943acc18a3ffff,Families,10,19.535848,0.012273,0.976849
8943acc18a3ffff,Families,12,14.611813,0.00918,0.730633
8943acc18a3ffff,Families,14,7.921907,0.004745,0.396136
8943acc18a3ffff,Families,16,9.895421,0.005928,0.494821
8943acc18a3ffff,Families,18,15.700901,0.009718,0.785045
8943acc18a3ffff,Families,20,13.034152,0.008068,0.651708
8943acc18a3ffff,Families,22,15.00041,0.009285,0.750021
8943acc18a3ffff,HNWI,0,14.439272,0.009075,0.721964
8943acc18a3ffff,HNWI,2,15.360342,0.009654,0.768017
8943acc18a3ffff,HNWI,4,16.373606,0.01029,0.81868
8943acc18a3ffff,HNWI,6,2.218286,0.000937,0.110955
8943acc18a3ffff,HNWI,8,2.549428,0.001077,0.127518
8943acc18a3ffff,HNWI,10,24.924005,0.016043,1.246157
8943acc18a3ffff,HNWI,12,24.597167,0.015833,1.229816
8943acc18a3ffff,HNWI,14,33.386049,0.021523,1.669302
8943acc18a3ffff,HNWI,16,31.149203,0.020081,1.55746
8943acc18a3ffff,HNWI,18,4.54731,0.002441,0.22741
8943acc18a3ffff,HNWI,20,5.38699,0.002892,0.269402
8943acc18a3ffff,HNWI,22,4.517278,0.002425,0.225908
8943acc18a3ffff,Potential Car Buyers,0,17.906056,0.011209,0.895303
8943acc18a3ffff,Potential Car Buyers,2,16.893939,0.010576,0.844697
8943acc18a3ffff,Potential Car Buyers,4,16.648359,0.010422,0.832418
8943acc18a3ffff,Potential Car Buyers,6,18.835233,0.011775,0.941762
8943acc18a3ffff,Potential Car Buyers,8,17.544494,0.010968,0.877225
8943acc18a3ffff,Potential Car Buyers,10,12.209767,0.007479,0.610488
8943acc18a3ffff,Potential Car Buyers,12,10.006303,0.006129,0.500315
8943acc18a3ffff,Potential Car Buyers,14,14.246644,0.008798,0.712385
8943acc18a3ffff,Potential Car Buyers,16,15.253006,0.00942,0.762707
8943acc18a3ffff,Potential Car Buyers,18,3.807485,0.001915,0.190421
8943acc18a3ffff,Potential Car Buyers,20,3.727814,0.001875,0.186437
8943acc18a3ffff,Potential Car Buyers,22,3.833934,0.001929,0.191744
8943acc1973ffff,Families,0,11.532607,0.00702,0.576681
8943acc1973ffff,Families,2,10.208275,0.006214,0.510458
8943acc1973ffff,Families,4,11.831979,0.007202,0.59165
8943acc1973ffff,Families,6,29.582928,0.018987,1.479146
8943acc1973ffff,Families,8,27.983865,0.01796,1.399193
8943acc1973ffff,Families,10,17.872061,0.011231,0.893603
8943acc1973ffff,Families,12,14.102971,0.008863,0.705149
8943acc1973ffff,Families,14,26.008769,0.016627,1.300385
8943acc1973ffff,Families,16,25.795459,0.01649,1.28972
8943acc1973ffff,Families,18,25.504407,0.016282,1.27522
8943acc1973ffff,Families,20,21.69499,0.01385,1.08475
8943acc1973ffff,Families,22,25.945686,0.016564,1.297284
8943acc1973ffff,HNWI,0,9.480857,0.005649,0.474093
8943acc1973ffff,HNWI,2,10.651906,0.006347,0.532652
8943acc1973ffff,HNWI,4,8.413898,0.005014,0.42074
8943acc1973ffff,HNWI,6,8.29617,0.004922,0.414763
8943acc1973ffff,HNWI,8,9.97531,0.005918,0.498711
8943acc1973ffff,HNWI,10,33.359459,0.021511,1.668028
8943acc1973ffff,HNWI,12,32.006978,0.020639,1.600401
8943acc1973ffff,HNWI,14,1.794942,0.000512,0.089747
8943acc1973ffff,HNWI,16,1.412344,0.000402,0.070617
8943acc1973ffff,HNWI,18,20.846999,0.013252,1.04235
8943acc1973ffff,HNWI,20,19.654637,0.012494,0.982732
8943acc1973ffff,HNWI,22,24.812086,0.015773,1.240604
8943acc1973ffff,Potential Car Buyers,0,27.73775,0.017781,1.386887
8943acc1973ffff,Potential Car Buyers,2,30.646506,0.019646,1.532325
8943acc1973ffff,Potential Car Buyers,4,22.201059,0.014232,1.110053
8943acc1973ffff,Potential Car Buyers,6,19.307615,0.012075,0.965441
8943acc1973ffff,Potential Car Buyers,8,14.70079,0.009194,0.735085
8943acc1973ffff,Potential Car Buyers,10,25.051312,0.015939,1.252566
8943acc1973ffff,Potential Car Buyers,12,18.361692,0.011683,0.918085
8943acc1973ffff,Potential Car Buyers,14,8.730244,0.005159,0.436512
8943acc1973ffff,Potential Car Buyers,16,8.323169,0.004919,0.416158
8943acc1973ffff,Potential Car Buyers,18,7.262045,0.004242,0.363057
8943acc1973ffff,Potential Car Buyers,20,9.033253,0.005276,0.451607
8943acc1973ffff,Potential Car Buyers,22,7.310883,0.00427,0.365499
8943acc1997ffff,Families,0,19.600873,0.012452,0.979997
8943acc1997ffff,Families,2,23.892919,0.015179,1.19459
8943acc1997ffff,Families,4,21.443685,0.013623,1.072134
8943acc1997ffff,Families,6,5.254494,0.002966,0.262725
8943acc1997ffff,Families,8,6.576529,0.003712,0.328826
8943acc1997ffff,Families,10,22.466519,0.014427,1.123326
8943acc1997ffff,Families,12,30.744829,0.019743,1.537241
8943acc1997ffff,Families,14,3.895277,0.001953,0.194812
8943acc1997ffff,Families,16,3.295818,0.001652,0.164832
8943acc1997ffff,Families,18,3.845418,0.001786,0.192271
8943acc1997ffff,Families,20,2.963228,0.001376,0.148161
8943acc1997ffff,Families,22,2.677614,0.001244,0.133881
8943acc1997ffff,HNWI,0,19.870741,0.012556,0.993589
8943acc1997ffff,HNWI,2,20.363658,0.012867,1.018236
8943acc1997ffff,HNWI,4,21.237171,0.013419,1.061914
8943acc1997ffff,HNWI,6,19.632796,0.012394,0.981692
8943acc1997ffff,HNWI,8,15.630904,0.009867,0.781587
8943acc1997ffff,HNWI,10,9.073002,0.005457,0.453695
8943acc1997ffff,HNWI,12,11.904934,0.00716,0.595305
8943acc1997ffff,HNWI,14,12.790346,0.007785,0.639517
8943acc1997ffff,HNWI,16,10.096241,0.006145,0.504812
8943acc1997ffff,HNWI,18,1.304075,0.000156,0.065204
8943acc1997ffff,HNWI,20,1.388344,0.000166,0.069417
8943acc1997ffff,HNWI,22,1.182134,0.000141,0.059107
8943acc1997ffff,Potential Car Buyers,0,23.084415,0.014709,1.15417
8943acc1997ffff,Potential Car Buyers,2,20.02379,0.012758,1.001145
8943acc1997ffff,Potential Car Buyers,4,24.174337,0.015403,1.208663
8943acc1997ffff,Potential Car Buyers,6,24.151091,0.015378,1.207609
8943acc1997ffff,Potential Car Buyers,8,22.788109,0.01451,1.139457
8943acc1997ffff,Potential Car Buyers,10,18.604268,0.011733,0.930264
8943acc1997ffff,Potential Car Buyers,12,15.357526,0.009685,0.767918
8943acc1997ffff,Potential Car Buyers,14,6.041382,0.00328,0.302013
8943acc1997ffff,Potential Car Buyers,16,4.709177,0.002556,0.235415
8943acc1997ffff,Potential Car Buyers,18,4.204352,0.0022,0.210218
8943acc1997ffff,Potential Car Buyers,20,4.964248,0.002598,0.248212
8943acc1997ffff,Potential Car Buyers,22,5.019673,0.002627,0.250984
8943acc19a3ffff,Families,0,10.198166,0.006249,0.509908
8943acc19a3ffff,Families,2,11.675489,0.007154,0.583774
8943acc19a3ffff,Families,4,11.236959,0.006885,0.561848
8943acc19a3ffff,Families,6,13.124236,0.008022,0.656212
8943acc19a3ffff,Families,8,13.982298,0.008547,0.699115
8943acc19a3ffff,Families,10,23.364523,0.015017,1.168226
8943acc19a3ffff,Families,12,29.422857,0.018911,1.471143
8943acc19a3ffff,Families,14,5.397737,0.002832,0.269944
8943acc19a3ffff,Families,16,5.094675,0.002673,0.254788
8943acc19a3ffff,Families,18,25.22161,0.016127,1.261132
8943acc19a3ffff,Families,20,25.541604,0.016332,1.277132
8943acc19a3ffff,Families,22,20.790064,0.013293,1.039546
8943acc19a3ffff,HNWI,0,23.037298,0.014809,1.151906
8943acc19a3ffff,HNWI,2,22.749638,0.014624,1.137523
8943acc19a3ffff,HNWI,4,22.614877,0.014537,1.130784
8943acc19a3ffff,HNWI,6,22.897164,0.014712,1.1449
8943acc19a3ffff,HNWI,8,27.996972,0.017989,1.399899
8943acc19a3ffff,HNWI,10,27.627834,0.017647,1.38145
8943acc19a3ffff,HNWI,12,27.370329,0.017482,1.368574
8943acc19a3ffff,HNWI,14,11.410283,0.006898,0.570567
8943acc19a3ffff,HNWI,16,9.963059,0.006023,0.498199
8943acc19a3ffff,HNWI,18,10.857022,0.006514,0.542851
8943acc19a3ffff,HNWI,20,9.430195,0.005658,0.47151
8943acc19a3ffff,HNWI,22,8.231257,0.004939,0.411563
8943acc19a3ffff,Potential Car Buyers,0,11.27768,0.006849,0.563884
8943acc19a3ffff,Potential Car Buyers,2,9.947337,0.006041,0.497367
8943acc19a3ffff,Potential Car Buyers,4,10.324262,0.00627,0.516213
8943acc19a3ffff,Potential Car Buyers,6,1.542439,0.000275,0.077179
8943acc19a3ffff,Potential Car Buyers,8,1.545288,0.000275,0.077321
8943acc19a3ffff,Potential Car Buyers,10,23.566328,0.015022,1.178265
8943acc19a3ffff,Potential Car Buyers,12,22.149662,0.014119,1.107434
8943acc19a3ffff,Potential Car Buyers,14,21.395067,0.013671,1.069753
8943acc19a3ffff,Potential Car Buyers,16,21.467649,0.013717,1.073382
8943acc19a3ffff,Potential Car Buyers,18,25.481883,0.01626,1.274039
8943acc19a3ffff,Potential Car Buyers,20,19.163893,0.012228,0.958154
8943acc19a3ffff,Potential Car Buyers,22,23.856079,0.015222,1.192753
8943acc19cfffff,Families,0,27.251719,0.017529,1.362586
8943acc19cfffff,Families,2,30.314591,0.019499,1.51573
8943acc19cfffff,Families,4,29.807047,0.019173,1.490352
8943acc19cfffff,Families,6,17.6688,0.011145,0.883488
8943acc19cfffff,Families,8,21.892322,0.013809,1.094675
8943acc19cfffff,Families,10,11.789664,0.007071,0.589542
8943acc19cfffff,Families,12,10.231452,0.006136,0.511624
8943acc19cfffff,Families,14,12.033436,0.007308,0.601672
8943acc19cfffff,Families,16,9.135378,0.005548,0.456769
8943acc19cfffff,Families,18,9.534289,0.005751,0.47676
8943acc19cfffff,Families,20,11.686868,0.007049,0.584399
8943acc19cfffff,Families,22,9.757262,0.005885,0.48791
8943acc19cfffff,HNWI,0,17.558882,0.01112,0.877988
8943acc19cfffff,HNWI,2,17.064394,0.010807,0.853263
8943acc19cfffff,HNWI,4,16.675983,0.010561,0.833841
8943acc19cfffff,HNWI,6,19.92294,0.012606,0.996198
8943acc19cfffff,HNWI,8,21.701869,0.013731,1.085149
8943acc19cfffff,HNWI,10,16.431986,0.010265,0.821651
8943acc19cfffff,HNWI,12,15.871687,0.009915,0.793634
8943acc19cfffff,HNWI,14,10.085073,0.006177,0.504254
8943acc19cfffff,HNWI,16,11.569479,0.007086,0.578474
8943acc19cfffff,HNWI,18,2.236867,0.000754,0.111843
8943acc19cfffff,HNWI,20,1.923323,0.000648,0.096166
8943acc19cfffff,HNWI,22,2.372712,0.0008,0.118636
8943acc19cfffff,Potential Car Buyers,0,27.332844,0.017443,1.366701
8943acc19cfffff,Potential Car Buyers,2,27.277937,0.017408,1.363955
8943acc19cfffff,Potential Car Buyers,4,21.361218,0.013632,1.068107
8943acc19cfffff,Potential Car Buyers,6,13.231289,0.008169,0.661564
8943acc19cfffff,Potential Car Buyers,8,13.217779,0.008161,0.660889
8943acc19cfffff,Potential Car Buyers,10,21.677111,0.013703,1.083912
8943acc19cfffff,Potential Car Buyers,12,21.652427,0.013688,1.082677
8943acc19cfffff,Potential Car Buyers,14,5.350088,0.002991,0.267461
8943acc19cfffff,Potential Car Buyers,16,5.620321,0.003142,0.280971
8943acc19cfffff,Potential Car Buyers,18,4.76672,0.002595,0.238336
8943acc19cfffff,Potential Car Buyers,20,5.81709,0.003167,0.290855
8943acc19cfffff,Potential Car Buyers,22,4.445515,0.00242,0.222276
8943acc1a1bffff,Families,0,27.341585,0.017499,1.367025
8943acc1a1bffff,Families,2,27.454018,0.017571,1.372646
8943acc1a1bffff,Families,4,21.265733,0.013611,1.063244
8943acc1a1bffff,Families,6,11.233702,0.006762,0.561685
8943acc1a1bffff,Families,8,8.352686,0.005028,0.417634
8943acc1a1bffff,Families,10,18.46685,0.011723,0.923387
8943acc1a1bffff,Families,12,24.386101,0.015481,1.219363
8943acc1a1bffff,Families,14,8.721518,0.00507,0.436132
8943acc1a1bffff,Families,16,9.079662,0.005278,0.454041
8943acc1a1bffff,Families,18,6.23525,0.003569,0.311763
8943acc1a1bffff,Families,20,5.928021,0.003394,0.296401
8943acc1a1bffff,Families,22,8.165258,0.004674,0.408263
8943acc1a1bffff,HNWI,0,21.173105,0.013403,1.058655
8943acc1a1bffff,HNWI,2,18.766868,0.01188,0.938343
8943acc1a1bffff,HNWI,4,17.500948,0.011078,0.875047
8943acc1a1bffff,HNWI,6,17.939513,0.011346,0.896976
8943acc1a1bffff,HNWI,8,22.245938,0.014069,1.112297
8943acc1a1bffff,HNWI,10,17.370637,0.010844,0.868532
8943acc1a1bffff,HNWI,12,15.017992,0.009375,0.7509
8943acc1a1bffff,HNWI,14,19.112354,0.011992,0.955674
8943acc1a1bffff,HNWI,16,16.178245,0.010151,0.80896
8943acc1a1bffff,HNWI,18,1.766312,0.000546,0.088268
8943acc1a1bffff,HNWI,20,1.756542,0.000543,0.08778
8943acc1a1bffff,HNWI,22,1.58507,0.00049,0.079211
8943acc1a1bffff,Potential Car Buyers,0,20.718549,0.013218,1.035927
8943acc1a1bffff,Potential Car Buyers,2,25.813194,0.016468,1.29066
8943acc1a1bffff,Potential Car Buyers,4,27.036614,0.017249,1.351831
8943acc1a1bffff,Potential Car Buyers,6,15.137631,0.009337,0.756938
8943acc1a1bffff,Potential Car Buyers,8,15.173412,0.009359,0.758727
8943acc1a1bffff,Potential Car Buyers,10,11.31476,0.006986,0.565738
8943acc1a1bffff,Potential Car Buyers,12,11.723303,0.007238,0.586165
8943acc1a1bffff,Potential Car Buyers,14,7.208454,0.004009,0.360423
8943acc1a1bffff,Potential Car Buyers,16,6.057831,0.003369,0.302892
8943acc1a1bffff,Potential Car Buyers,18,4.613278,0.002495,0.23062
8943acc1a1bffff,Potential Car Buyers,20,6.2744,0.003393,0.313661
8943acc1a1bffff,Potential Car Buyers,22,4.306103,0.002329,0.215264
8943acc1a2bffff,Families,0,4.051373,0.002119,0.202612
8943acc1a2bffff,Families,2,5.469257,0.00286,0.273522
8943acc1a2bffff,Families,4,5.490707,0.002872,0.274595
8943acc1a2bffff,Families,6,19.501704,0.01235,0.975085
8943acc1a2bffff,Families,8,16.088493,0.010188,0.804425
8943acc1a2bffff,Families,10,21.629224,0.013703,1.081515
8943acc1a2bffff,Families,12,18.575897,0.011768,0.928841
8943acc1a2bffff,Families,14,12.727262,0.007813,0.636313
8943acc1a2bffff,Families,16,14.451457,0.008871,0.722516
8943acc1a2bffff,Families,18,16.643968,0.010433,0.832198
8943acc1a2bffff,Families,20,15.008169,0.009408,0.750408
8943acc1a2bffff,Families,22,14.706147,0.009218,0.735307
8943acc1a2bffff,HNWI,0,6.200593,0.003424,0.310083
8943acc1a2bffff,HNWI,2,6.192452,0.003419,0.309676
8943acc1a2bffff,HNWI,4,5.702247,0.003149,0.285161
8943acc1a2bffff,HNWI,6,5.44101,0.002967,0.272001
8943acc1a2bffff,HNWI,8,6.263596,0.003416,0.313123
8943acc1a2bffff,HNWI,10,1.577462,0.000446,0.078919
8943acc1a2bffff,HNWI,12,1.819095,0.000515,0.091007
8943acc1a2bffff,HNWI,14,2.422726,0.001078,0.121136
8943acc1a2bffff,HNWI,16,3.174297,0.001413,0.158715
8943acc1a2bffff,HNWI,18,15.344746,0.009659,0.767237
8943acc1a2bffff,HNWI,20,15.468408,0.009737,0.77342
8943acc1a2bffff,HNWI,22,15.735058,0.009905,0.786753
8943acc1a2bffff,Potential Car Buyers,0,20.648402,0.013047,1.03242
8943acc1a2bffff,Potential Car Buyers,2,21.10891,0.013338,1.055445
8943acc1a2bffff,Potential Car Buyers,4,18.973204,0.011989,0.94866
8943acc1a2bffff,Potential Car Buyers,6,17.346537,0.01095,0.867327
8943acc1a2bffff,Potential Car Buyers,8,15.855727,0.010009,0.792786
8943acc1a2bffff,Potential Car Buyers,10,15.122142,0.009413,0.756107
8943acc1a2bffff,Potential Car Buyers,12,17.456105,0.010865,0.872805
8943acc1a2bffff,Potential Car Buyers,14,15.458272,0.009675,0.772961
8943acc1a2bffff,Potential Car Buyers,16,16.362455,0.010241,0.818173
8943acc1a2bffff,Potential Car Buyers,18,1.366542,0.000161,0.068383
8943acc1a2bffff,Potential Car Buyers,20,1.329521,0.000157,0.066531
8943acc1a2bffff,Potential Car Buyers,22,1.285816,0.000152,0.064344
8943acc1b93ffff,Families,0,30.12623,0.019429,1.506311
8943acc1b93ffff,Families,2,35.369941,0.022811,1.768497
8943acc1b93ffff,Families,4,33.341846,0.021503,1.667092
8943acc1b93ffff,Families,6,31.658775,0.02041,1.582939
8943acc1b93ffff,Families,8,35.573713,0.022934,1.778686
8943acc1b93ffff,Families,10,22.959361,0.01473,1.147968
8943acc1b93ffff,Families,12,27.629691,0.017727,1.381485
8943acc1b93ffff,Families,14,23.270854,0.014957,1.163585
8943acc1b93ffff,Families,16,27.495345,0.017672,1.374817
8943acc1b93ffff,Families,18,11.77187,0.007231,0.58864
8943acc1b93ffff,Families,20,13.191557,0.008103,0.65963
8943acc1b93ffff,Families,22,12.857977,0.007898,0.642949
8943acc1b93ffff,HNWI,0,17.673123,0.011147,0.883704
8943acc1b93ffff,HNWI,2,18.940175,0.011947,0.94706
8943acc1b93ffff,HNWI,4,20.68228,0.013045,1.03417
8943acc1b93ffff,HNWI,6,11.069004,0.006794,0.553494
8943acc1b93ffff,HNWI,8,12.857397,0.007892,0.642921
8943acc1b93ffff,HNWI,10,4.406064,0.002202,0.220358
8943acc1b93ffff,HNWI,12,4.035699,0.002017,0.201836
8943acc1b93ffff,HNWI,14,10.481636,0.006346,0.524082
8943acc1b93ffff,HNWI,16,11.642323,0.007049,0.582116
8943acc1b93ffff,HNWI,18,27.044644,0.017442,1.352232
8943acc1b93ffff,HNWI,20,30.847763,0.019894,1.542388
8943acc1b93ffff,HNWI,22,26.502434,0.017092,1.325122
8943acc1b93ffff,Potential Car Buyers,0,24.623332,0.015669,1.231111
8943acc1b93ffff,Potential Car Buyers,2,20.913241,0.013308,1.045614
8943acc1b93ffff,Potential Car Buyers,4,20.544735,0.013074,1.02719
8943acc1b93ffff,Potential Car Buyers,6,19.182767,0.011991,0.959078
8943acc1b93ffff,Potential Car Buyers,8,13.744073,0.008591,0.687161
8943acc1b93ffff,Potential Car Buyers,10,14.150131,0.008665,0.707564
8943acc1b93ffff,Potential Car Buyers,12,9.931216,0.006082,0.496601
8943acc1b93ffff,Potential Car Buyers,14,33.648586,0.021664,1.682487
8943acc1b93ffff,Potential Car Buyers,16,29.372709,0.018911,1.468686
8943acc1b93ffff,Potential Car Buyers,18,3.327253,0.00167,0.166363
8943acc1b93ffff,Potential Car Buyers,20,4.010392,0.002013,0.20052
8943acc1b93ffff,Potential Car Buyers,22,3.409427,0.001711,0.170471
8943acc1bb3ffff,Families,0,20.740063,0.013142,1.037055
8943acc1bb3ffff,Families,2,22.257476,0.014104,1.112929
8943acc1bb3ffff,Families,4,19.195215,0.012163,0.959808
8943acc1bb3ffff,Families,6,6.024822,0.003283,0.301241
8943acc1bb3ffff,Families,8,5.950321,0.003243,0.297516
8943acc1bb3ffff,Families,10,1.930442,0.00054,0.096522
8943acc1bb3ffff,Families,12,1.975489,0.000552,0.098774
8943acc1bb3ffff,Families,14,3.465178,0.001538,0.173201
8943acc1bb3ffff,Families,16,3.572602,0.001586,0.17857
8943acc1bb3ffff,Families,18,1.929221,0.000716,0.096461
8943acc1bb3ffff,Families,20,2.146349,0.000797,0.107317
8943acc1bb3ffff,Families,22,2.420323,0.000899,0.121016
8943acc1bb3ffff,HNWI,0,16.217978,0.010091,0.810899
8943acc1bb3ffff,HNWI,2,14.113178,0.008781,0.705659
8943acc1bb3ffff,HNWI,4,16.00663,0.009959,0.800331
8943acc1bb3ffff,HNWI,6,16.871612,0.010481,0.843581
8943acc1bb3ffff,HNWI,8,14.040623,0.008722,0.702031
8943acc1bb3ffff,HNWI,10,10.867531,0.006581,0.543377
8943acc1bb3ffff,HNWI,12,11.516346,0.006973,0.575817
8943acc1bb3ffff,HNWI,14,30.722714,0.019746,1.536136
8943acc1bb3ffff,HNWI,16,27.889579,0.017925,1.394479
8943acc1bb3ffff,HNWI,18,31.595666,0.020286,1.579725
8943acc1bb3ffff,HNWI,20,21.659757,0.013907,1.082948
8943acc1bb3ffff,HNWI,22,29.62704,0.019022,1.481297
8943acc1bb3ffff,Potential Car Buyers,0,15.618897,0.009847,0.780945
8943acc1bb3ffff,Potential Car Buyers,2,18.256597,0.01151,0.91283
8943acc1bb3ffff,Potential Car Buyers,4,15.933803,0.010046,0.79669
8943acc1bb3ffff,Potential Car Buyers,6,8.635064,0.005084,0.431703
8943acc1bb3ffff,Potential Car Buyers,8,8.120504,0.004781,0.405978
8943acc1bb3ffff,Potential Car Buyers,10,10.401764,0.006138,0.520088
8943acc1bb3ffff,Potential Car Buyers,12,7.354768,0.00434,0.367738
8943acc1bb3ffff,Potential Car Buyers,14,1.380852,0.000161,0.069043
8943acc1bb3ffff,Potential Car Buyers,16,1.338103,0.000156,0.066905
8943acc1bb3ffff,Potential Car Buyers,18,28.824779,0.018587,1.441286
8943acc1bb3ffff,Potential Car Buyers,20,33.613316,0.021675,1.680721
8943acc1bb3ffff,Potential Car Buyers,22,35.674035,0.023003,1.78376
8943acc1c0fffff,Families,0,22.846171,0.014677,1.142309
8943acc1c0fffff,Families,2,25.945856,0.016668,1.297293
8943acc1c0fffff,Families,4,24.70686,0.015872,1.235343
8943acc1c0fffff,Families,6,11.384474,0.006996,0.569268
8943acc1c0fffff,Families,8,11.257287,0.006917,0.562908
8943acc1c0fffff,Families,10,7.46275,0.004424,0.373179
8943acc1c0fffff,Families,12,10.248975,0.006075,0.512506
8943acc1c0fffff,Families,14,9.41333,0.005666,0.470666
8943acc1c0fffff,Families,16,8.379153,0.005043,0.418958
8943acc1c0fffff,Families,18,11.441758,0.00683,0.572148
8943acc1c0fffff,Families,20,10.253331,0.00612,0.51272
8943acc1c0fffff,Families,22,8.33206,0.004973,0.416647
8943acc1c0fffff,HNWI,0,21.673032,0.0138,1.0837
8943acc1c0fffff,HNWI,2,21.517247,0.013701,1.075911
8943acc1c0fffff,HNWI,4,23.698682,0.01509,1.184987
8943acc1c0fffff,HNWI,6,22.218576,0.014138,1.110979
8943acc1c0fffff,HNWI,8,23.352756,0.014859,1.167691
8943acc1c0fffff,HNWI,10,21.76638,0.013714,1.088379
8943acc1c0fffff,HNWI,12,20.10464,0.012667,1.005287
8943acc1c0fffff,HNWI,14,5.740473,0.003073,0.286967
8943acc1c0fffff,HNWI,16,5.473587,0.002931,0.273625
8943acc1c0fffff,HNWI,18,4.284705,0.002199,0.214235
8943acc1c0fffff,HNWI,20,4.464172,0.002291,0.223209
8943acc1c0fffff,HNWI,22,4.367523,0.002241,0.218376
8943acc1c0fffff,Potential Car Buyers,0,27.732398,0.017769,1.386566
8943acc1c0fffff,Potential Car Buyers,2,29.283531,0.018763,1.46412
8943acc1c0fffff,Potential Car Buyers,4,24.967325,0.015998,1.248318
8943acc1c0fffff,Potential Car Buyers,6,14.939902,0.009332,0.746995
8943acc1c0fffff,Potential Car Buyers,8,16.62727,0.010385,0.831364
8943acc1c0fffff,Potential Car Buyers,10,6.265447,0.0036,0.313272
8943acc1c0fffff,Potential Car Buyers,12,5.785002,0.003324,0.28925
8943acc1c0fffff,Potential Car Buyers,14,7.707204,0.004534,0.385406
8943acc1c0fffff,Potential Car Buyers,16,8.01488,0.004715,0.400791
8943acc1c0fffff,Potential Car Buyers,18,8.118819,0.004716,0.405941
8943acc1c0fffff,Potential Car Buyers,20,7.477057,0.004343,0.373853
8943acc1c0fffff,Potential Car Buyers,22,8.621409,0.005008,0.43107
8943acc1ca7ffff,Families,0,18.704961,0.011719,0.935248
8943acc1ca7ffff,Families,2,16.680229,0.010451,0.834011
8943acc1ca7ffff,Families,4,18.879135,0.011828,0.943957
8943acc1ca7ffff,Families,6,15.238136,0.009535,0.761907
8943acc1ca7ffff,Families,8,17.875671,0.011185,0.893784
8943acc1ca7ffff,Families,10,8.400109,0.00487,0.420005
8943acc1ca7ffff,Families,12,8.83221,0.005121,0.44161
8943acc1ca7ffff,Families,14,7.28026,0.004311,0.363972
8943acc1ca7ffff,Families,16,9.613765,0.005692,0.480634
8943acc1ca7ffff,Families,18,32.371028,0.020829,1.618608
8943acc1ca7ffff,Families,20,29.564906,0.019023,1.478297
8943acc1ca7ffff,Families,22,30.383693,0.01955,1.519238
8943acc1ca7ffff,HNWI,0,7.912395,0.004596,0.395569
8943acc1ca7ffff,HNWI,2,8.069748,0.004688,0.403435
8943acc1ca7ffff,HNWI,4,7.764509,0.00451,0.388175
8943acc1ca7ffff,HNWI,6,7.676757,0.00443,0.38389
8943acc1ca7ffff,HNWI,8,6.248309,0.003606,0.312458
8943acc1ca7ffff,HNWI,10,4.307778,0.002092,0.215447
8943acc1ca7ffff,HNWI,12,4.374956,0.002125,0.218807
8943acc1ca7ffff,HNWI,14,16.997831,0.010782,0.849933
8943acc1ca7ffff,HNWI,16,20.120704,0.012763,1.006084
8943acc1ca7ffff,HNWI,18,18.442867,0.011676,0.922143
8943acc1ca7ffff,HNWI,20,19.113062,0.012101,0.955653
8943acc1ca7ffff,HNWI,22,23.218752,0.0147,1.160938
8943acc1ca7ffff,Potential Car Buyers,0,26.513306,0.017071,1.325665
8943acc1ca7ffff,Potential Car Buyers,2,33.596361,0.021631,1.679818
8943acc1ca7ffff,Potential Car Buyers,4,28.59194,0.018409,1.429597
8943acc1ca7ffff,Potential Car Buyers,6,15.936891,0.009892,0.796789
8943acc1ca7ffff,Potential Car Buyers,8,15.564925,0.009661,0.778193
8943acc1ca7ffff,Potential Car Buyers,10,8.970195,0.005424,0.448468
8943acc1ca7ffff,Potential Car Buyers,12,9.293245,0.005619,0.464619
8943acc1ca7ffff,Potential Car Buyers,14,9.772131,0.005973,0.488607
8943acc1ca7ffff,Potential Car Buyers,16,11.055437,0.006757,0.552772
8943acc1ca7ffff,Potential Car Buyers,18,11.288905,0.006859,0.564495
8943acc1ca7ffff,Potential Car Buyers,20,13.236615,0.008042,0.66189
8943acc1ca7ffff,Potential Car Buyers,22,11.156677,0.006778,0.557883
8943acc1d77ffff,Families,0,24.086222,0.01528,1.204311
8943acc1d77ffff,Families,2,19.4094,0.012313,0.97047
8943acc1d77ffff,Families,4,17.898779,0.011355,0.894939
8943acc1d77ffff,Families,6,12.483417,0.00755,0.624229
8943acc1d77ffff,Families,8,9.316785,0.005635,0.465883
8943acc1d77ffff,Families,10,17.866177,0.011192,0.893309
8943acc1d77ffff,Families,12,18.63446,0.011673,0.931723
8943acc1d77ffff,Families,14,3.756751,0.001777,0.187838
8943acc1d77ffff,Families,16,3.669957,0.001736,0.183498
8943acc1d77ffff,Families,18,3.045891,0.00128,0.152351
8943acc1d77ffff,Families,20,2.333313,0.00098,0.116709
8943acc1d77ffff,Families,22,2.998137,0.00126,0.149962
8943acc1d77ffff,HNWI,0,10.591422,0.006481,0.529615
8943acc1d77ffff,HNWI,2,10.020894,0.006132,0.501086
8943acc1d77ffff,HNWI,4,10.862644,0.006647,0.543177
8943acc1d77ffff,HNWI,6,10.687469,0.006523,0.534419
8943acc1d77ffff,HNWI,8,13.156237,0.00803,0.657867
8943acc1d77ffff,HNWI,10,9.553879,0.005582,0.477635
8943acc1d77ffff,HNWI,12,9.282654,0.005423,0.464075
8943acc1d77ffff,HNWI,14,4.524493,0.002347,0.226225
8943acc1d77ffff,HNWI,16,3.677475,0.001907,0.183874
8943acc1d77ffff,HNWI,18,23.940115,0.015303,1.197006
8943acc1d77ffff,HNWI,20,24.667255,0.015767,1.233363
8943acc1d77ffff,HNWI,22,21.206069,0.013555,1.060303
8943acc1d77ffff,Potential Car Buyers,0,16.634073,0.010379,0.831757
8943acc1d77ffff,Potential Car Buyers,2,18.610309,0.011612,0.930575
8943acc1d77ffff,Potential Car Buyers,4,13.592739,0.008481,0.679681
8943acc1d77ffff,Potential Car Buyers,6,15.736063,0.009804,0.786855
8943acc1d77ffff,Potential Car Buyers,8,14.66759,0.009138,0.733428
8943acc1d77ffff,Potential Car Buyers,10,12.548853,0.00764,0.627497
8943acc1d77ffff,Potential Car Buyers,12,11.702002,0.007124,0.585151
8943acc1d77ffff,Potential Car Buyers,14,24.941422,0.016043,1.247115
8943acc1d77ffff,Potential Car Buyers,16,23.147173,0.014889,1.157399
8943acc1d77ffff,Potential Car Buyers,18,30.871641,0.019838,1.543582
8943acc1d77ffff,Potential Car Buyers,20,29.119956,0.018713,1.455998
8943acc1d77ffff,Potential Car Buyers,22,26.66118,0.017133,1.333059
8943acc1e4bffff,Families,0,2.227675,0.000747,0.111384
8943acc1e4bffff,Families,2,1.84726,0.000619,0.092363
8943acc1e4bffff,Families,4,1.619231,0.000543,0.080962
8943acc1e4bffff,Families,6,12.429732,0.007579,0.62154
8943acc1e4bffff,Families,8,10.083516,0.006148,0.504219
8943acc1e4bffff,Families,10,19.481092,0.012245,0.974055
8943acc1e4bffff,Families,12,15.233323,0.009575,0.761666
8943acc1e4bffff,Families,14,9.38286,0.005577,0.469143
8943acc1e4bffff,Families,16,9.007634,0.005354,0.450382
8943acc1e4bffff,Families,18,12.667843,0.007847,0.633437
8943acc1e4bffff,Families,20,13.139824,0.008139,0.657038
8943acc1e4bffff,Families,22,15.773481,0.00977,0.78873
8943acc1e4bffff,HNWI,0,23.856814,0.015312,1.192796
8943acc1e4bffff,HNWI,2,28.509547,0.018298,1.425424
8943acc1e4bffff,HNWI,4,29.146118,0.018707,1.457252
8943acc1e4bffff,HNWI,6,23.679995,0.015031,1.184057
8943acc1e4bffff,HNWI,8,24.664654,0.015656,1.233292
8943acc1e4bffff,HNWI,10,13.822285,0.008677,0.691155
8943acc1e4bffff,HNWI,12,18.927185,0.011882,0.946415
8943acc1e4bffff,HNWI,14,20.550248,0.012956,1.027512
8943acc1e4bffff,HNWI,16,15.244362,0.009611,0.762218
8943acc1e4bffff,HNWI,18,10.600389,0.006273,0.530019
8943acc1e4bffff,HNWI,20,9.605114,0.005684,0.480256
8943acc1e4bffff,HNWI,22,8.215124,0.004861,0.410756
8943acc1e4bffff,Potential Car Buyers,0,23.352568,0.014937,1.167676
8943acc1e4bffff,Potential Car Buyers,2,28.599814,0.018293,1.430049
8943acc1e4bffff,Potential Car Buyers,4,27.089806,0.017327,1.354545
8943acc1e4bffff,Potential Car Buyers,6,17.485131,0.010868,0.874257
8943acc1e4bffff,Potential Car Buyers,8,15.793716,0.009817,0.789686
8943acc1e4bffff,Potential Car Buyers,10,18.948674,0.012018,0.94748
8943acc1e4bffff,Potential Car Buyers,12,20.853109,0.013226,1.042706
8943acc1e4bffff,Potential Car Buyers,14,7.39713,0.004269,0.369906
8943acc1e4bffff,Potential Car Buyers,16,6.903101,0.003984,0.345202
8943acc1e4bffff,Potential Car Buyers,18,7.953476,0.004511,0.397674
8943acc1e4bffff,Potential Car Buyers,20,6.500075,0.003687,0.325004
8943acc1e4bffff,Potential Car Buyers,22,5.92178,0.003359,0.296089
8943acc1eb7ffff,Families,0,12.690825,0.007716,0.634597
8943acc1eb7ffff,Families,2,11.360843,0.006907,0.568092
8943acc1eb7ffff,Families,4,9.691927,0.005893,0.484639
8943acc1eb7ffff,Families,6,10.067555,0.006103,0.503423
8943acc1eb7ffff,Families,8,11.114611,0.006738,0.555781
8943acc1eb7ffff,Families,10,7.760284,0.004463,0.388068
8943acc1eb7ffff,Families,12,5.841796,0.003359,0.29213
8943acc1eb7ffff,Families,14,27.640539,0.017666,1.382084
8943acc1eb7ffff,Families,16,24.04291,0.015366,1.202195
8943acc1eb7ffff,Families,18,26.825529,0.017121,1.341276
8943acc1eb7ffff,Families,20,23.568334,0.015043,1.178417
8943acc1eb7ffff,Families,22,25.396421,0.016209,1.269821
8943acc1eb7ffff,HNWI,0,2.036407,0.000819,0.10182
8943acc1eb7ffff,HNWI,2,2.083393,0.000838,0.10417
8943acc1eb7ffff,HNWI,4,2.121919,0.000854,0.106096
8943acc1eb7ffff,HNWI,6,23.981533,0.015283,1.199024
8943acc1eb7ffff,HNWI,8,20.796475,0.013253,1.039778
8943acc1eb7ffff,HNWI,10,8.175252,0.004806,0.408714
8943acc1eb7ffff,HNWI,12,8.323448,0.004893,0.416123
8943acc1eb7ffff,HNWI,14,13.880183,0.008651,0.694009
8943acc1eb7ffff,HNWI,16,12.411953,0.007736,0.620598
8943acc1eb7ffff,HNWI,18,14.538706,0.00903,0.726886
8943acc1eb7ffff,HNWI,20,12.40258,0.007703,0.620087
8943acc1eb7ffff,HNWI,22,15.322672,0.009516,0.766081
8943acc1eb7ffff,Potential Car Buyers,0,6.760029,0.003794,0.338001
8943acc1eb7ffff,Potential Car Buyers,2,5.279892,0.002963,0.263995
8943acc1eb7ffff,Potential Car Buyers,4,5.930012,0.003328,0.296501
8943acc1eb7ffff,Potential Car Buyers,6,5.106501,0.002836,0.255325
8943acc1eb7ffff,Potential Car Buyers,8,5.577965,0.003098,0.278898
8943acc1eb7ffff,Potential Car Buyers,10,23.029081,0.014648,1.151454
8943acc1eb7ffff,Potential Car Buyers,12,23.013192,0.014638,1.15066
8943acc1eb7ffff,Potential Car Buyers,14,31.063987,0.019988,1.553145
8943acc1eb7ffff,Potential Car Buyers,16,25.55354,0.016442,1.277632
8943acc1eb7ffff,Potential Car Buyers,18,20.6233,0.013002,1.031221
8943acc1eb7ffff,Potential Car Buyers,20,15.599614,0.009835,0.780023
8943acc1eb7ffff,Potential Car Buyers,22,20.104857,0.012676,1.005298
8943accb487ffff,Families,0,13.000045,0.008,0.650002
8943accb487ffff,Families,2,12.98953,0.007994,0.649476
8943accb487ffff,Families,4,12.466355,0.007672,0.623318
8943accb487ffff,Families,6,10.340606,0.00635,0.51703
8943accb487ffff,Families,8,12.115176,0.007439,0.605759
8943accb487ffff,Families,10,3.362958,0.001561,0.168148
8943accb487ffff,Families,12,2.884451,0.001339,0.144223
8943accb487ffff,Families,14,9.444485,0.005678,0.472271
8943accb487ffff,Families,16,8.762825,0.005268,0.438184
8943accb487ffff,Families,18,20.604794,0.013189,1.030199
8943accb487ffff,Families,20,23.577516,0.015092,1.178829
8943accb487ffff,Families,22,26.705128,0.017094,1.335203
8943accb487ffff,HNWI,0,31.648674,0.020361,1.582489
8943accb487ffff,HNWI,2,26.507163,0.017053,1.325405
8943accb487ffff,HNWI,4,32.492799,0.020904,1.624697
8943accb487ffff,HNWI,6,33.303441,0.021416,1.665113
8943accb487ffff,HNWI,8,30.5589,0.019651,1.527891
8943accb487ffff,HNWI,10,24.669287,0.015775,1.233414
8943accb487ffff,HNWI,12,28.248813,0.018064,1.412383
8943accb487ffff,HNWI,14,10.429774,0.006342,0.521535
8943accb487ffff,HNWI,16,9.375421,0.005701,0.468812
8943accb487ffff,HNWI,18,17.199584,0.010726,0.859979
8943accb487ffff,HNWI,20,12.466679,0.007775,0.623334
8943accb487ffff,HNWI,22,15.060327,0.009392,0.753016
8943accb487ffff,Potential Car Buyers,0,29.508453,0.018988,1.475474
8943accb487ffff,Potential Car Buyers,2,28.682036,0.018456,1.434152
8943accb487ffff,Potential Car Buyers,4,29.739528,0.019137,1.487028
8943accb487ffff,Potential Car Buyers,6,19.275822,0.01217,0.963791
8943accb487ffff,Potential Car Buyers,8,18.768568,0.01185,0.938428
8943accb487ffff,Potential Car Buyers,10,20.816744,0.013315,1.040795
8943accb487ffff,Potential Car Buyers,12,20.825363,0.013321,1.041226
8943accb487ffff,Potential Car Buyers,14,9.248252,0.005631,0.462453
8943accb487ffff,Potential Car Buyers,16,12.52471,0.007626,0.62629
8943accb487ffff,Potential Car Buyers,18,12.292373,0.007436,0.614619
8943accb487ffff,Potential Car Buyers,20,11.156715,0.006749,0.557836
8943accb487ffff,Potential Car Buyers,22,12.072878,0.007303,0.603644
8943accb697ffff,Families,0,11.343877,0.006782,0.567194
8943accb697ffff,Families,2,10.021214,0.005991,0.501061
8943accb697ffff,Families,4,10.546682,0.006305,0.527334
8943accb697ffff,Families,6,35.379373,0.022796,1.769028
8943accb697ffff,Families,8,26.115555,0.016827,1.305822
8943accb697ffff,Families,10,30.640971,0.019645,1.532107
8943accb697ffff,Families,12,21.687383,0.013904,1.084411
8943accb697ffff,Families,14,19.220358,0.012245,0.961018
8943accb697ffff,Families,16,19.981959,0.01273,0.999098
8943accb697ffff,Families,18,22.271719,0.014166,1.113637
8943accb697ffff,Families,20,20.898143,0.013293,1.044955
8943accb697ffff,Families,22,20.565788,0.013081,1.028337
8943accb697ffff,HNWI,0,8.941225,0.005322,0.447109
8943accb697ffff,HNWI,2,8.361584,0.004977,0.418124
8943accb697ffff,HNWI,4,10.629765,0.006327,0.531545
8943accb697ffff,HNWI,6,9.758772,0.005783,0.487884
8943accb697ffff,HNWI,8,8.826426,0.00523,0.441272
8943accb697ffff,HNWI,10,28.778545,0.018555,1.438975
8943accb697ffff,HNWI,12,26.629718,0.01717,1.33153
8943accb697ffff,HNWI,14,25.869465,0.016468,1.293532
8943accb697ffff,HNWI,16,24.324418,0.015485,1.216276
8943accb697ffff,HNWI,18,23.10552,0.014685,1.155276
8943accb697ffff,HNWI,20,20.900654,0.013283,1.045033
8943accb697ffff,HNWI,22,20.189732,0.012832,1.009487
8943accb697ffff,Potential Car Buyers,0,13.347287,0.008201,0.667417
8943accb697ffff,Potential Car Buyers,2,14.040034,0.008626,0.702057
8943accb697ffff,Potential Car Buyers,4,14.982975,0.009206,0.749208
8943accb697ffff,Potential Car Buyers,6,27.631721,0.017765,1.381586
8943accb697ffff,Potential Car Buyers,8,27.356127,0.017588,1.367806
8943accb697ffff,Potential Car Buyers,10,19.926906,0.012738,0.996345
8943accb697ffff,Potential Car Buyers,12,24.07374,0.015389,1.203687
8943accb697ffff,Potential Car Buyers,14,27.009846,0.017303,1.350439
8943accb697ffff,Potential Car Buyers,16,21.328203,0.013663,1.066368
8943accb697ffff,Potential Car Buyers,18,21.42512,0.013709,1.071256
8943accb697ffff,Potential Car Buyers,20,25.393838,0.016248,1.269692
8943accb697ffff,Potential Car Buyers,22,20.459126,0.013091,1.022956
8943accb6c3ffff,Families,0,3.944462,0.001909,0.197223
8943accb6c3ffff,Families,2,3.728254,0.001805,0.186413
8943accb6c3ffff,Families,4,3.095527,0.001499,0.154776
8943accb6c3ffff,Families,6,16.60013,0.010483,0.829963
8943accb6c3ffff,Families,8,21.272231,0.013434,1.063555
8943accb6c3ffff,Families,10,15.026637,0.009359,0.751381
8943accb6c3ffff,Families,12,15.557632,0.00969,0.777933
8943accb6c3ffff,Families,14,16.29952,0.010207,0.814976
8943accb6c3ffff,Families,16,16.839144,0.010545,0.841957
8943accb6c3ffff,Families,18,14.804297,0.009243,0.740262
8943accb6c3ffff,Families,20,18.221617,0.011376,0.911139
8943accb6c3ffff,Families,22,12.885288,0.008045,0.644305
8943accb6c3ffff,HNWI,0,12.676609,0.007899,0.63383
8943accb6c3ffff,HNWI,2,18.00373,0.011219,0.900187
8943accb6c3ffff,HNWI,4,17.368807,0.010823,0.86844
8943accb6c3ffff,HNWI,6,10.772013,0.006414,0.538601
8943accb6c3ffff,HNWI,8,10.91996,0.006502,0.545998
8943accb6c3ffff,HNWI,10,29.586648,0.019084,1.479332
8943accb6c3ffff,HNWI,12,34.039881,0.021956,1.701994
8943accb6c3ffff,HNWI,14,1.753257,0.00059,0.087619
8943accb6c3ffff,HNWI,16,2.325036,0.000783,0.116194
8943accb6c3ffff,HNWI,18,32.000679,0.020556,1.599976
8943accb6c3ffff,HNWI,20,22.536191,0.014476,1.126768
8943accb6c3ffff,HNWI,22,24.301749,0.01561,1.215043
8943accb6c3ffff,Potential Car Buyers,0,14.358089,0.008843,0.717904
8943accb6c3ffff,Potential Car Buyers,2,15.088656,0.009293,0.754433
8943accb6c3ffff,Potential Car Buyers,4,13.426143,0.008269,0.671307
8943accb6c3ffff,Potential Car Buyers,6,14.453178,0.008882,0.722659
8943accb6c3ffff,Potential Car Buyers,8,11.972473,0.007358,0.598624
8943accb6c3ffff,Potential Car Buyers,10,3.691611,0.001872,0.184581
8943accb6c3ffff,Potential Car Buyers,12,4.338289,0.0022,0.216914
8943accb6c3ffff,Potential Car Buyers,14,22.862786,0.014655,1.143139
8943accb6c3ffff,Potential Car Buyers,16,29.323366,0.018796,1.466168
8943accb6c3ffff,Potential Car Buyers,18,23.396014,0.014979,1.169847
8943accb6c3ffff,Potential Car Buyers,20,26.205682,0.016778,1.310336
8943accb6c3ffff,Potential Car Buyers,22,23.568014,0.015089,1.178448
8943acce473ffff,Families,0,19.279262,0.012189,0.964013
8943acce473ffff,Families,2,22.751551,0.014384,1.137636
8943acce473ffff,Families,4,21.287144,0.013458,1.064412
8943acce473ffff,Families,6,20.356615,0.012858,1.017884
8943acce473ffff,Families,8,19.594266,0.012376,0.979765
8943acce473ffff,Families,10,16.181794,0.010081,0.809143
8943acce473ffff,Families,12,17.63346,0.010986,0.881731
8943acce473ffff,Families,14,17.027996,0.010666,0.8514
8943acce473ffff,Families,16,13.812496,0.008652,0.690625
8943acce473ffff,Families,18,1.399242,0.000271,0.069962
8943acce473ffff,Families,20,1.136974,0.00022,0.056849
8943acce473ffff,Families,22,1.60374,0.000311,0.080187
8943acce473ffff,HNWI,0,17.290799,0.010777,0.86454
8943acce473ffff,HNWI,2,17.089459,0.010652,0.854473
8943acce473ffff,HNWI,4,12.312863,0.007674,0.615643
8943acce473ffff,HNWI,6,5.116175,0.002663,0.255809
8943acce473ffff,HNWI,8,4.15065,0.00216,0.207533
8943acce473ffff,HNWI,10,32.37783,0.020885,1.618892
8943acce473ffff,HNWI,12,27.415012,0.017684,1.370751
8943acce473ffff,HNWI,14,16.229597,0.010209,0.81148
8943acce473ffff,HNWI,16,15.347175,0.009654,0.767359
8943acce473ffff,HNWI,18,24.612167,0.015811,1.230653
8943acce473ffff,HNWI,20,29.965095,0.019249,1.498309
8943acce473ffff,HNWI,22,27.138742,0.017434,1.356987
8943acce473ffff,Potential Car Buyers,0,26.874304,0.017117,1.343715
8943acce473ffff,Potential Car Buyers,2,26.065809,0.016602,1.30329
8943acce473ffff,Potential Car Buyers,4,24.262259,0.015454,1.213113
8943acce473ffff,Potential Car Buyers,6,18.091693,0.011515,0.904585
8943acce473ffff,Potential Car Buyers,8,23.134656,0.014725,1.156733
8943acce473ffff,Potential Car Buyers,10,9.205999,0.005357,0.4603
8943acce473ffff,Potential Car Buyers,12,7.780311,0.004527,0.389016
8943acce473ffff,Potential Car Buyers,14,16.798117,0.01044,0.839963
8943acce473ffff,Potential Car Buyers,16,13.581472,0.008441,0.67912
8943acce473ffff,Potential Car Buyers,18,4.218229,0.002185,0.210864
8943acce473ffff,Potential Car Buyers,20,5.36264,0.002778,0.268072
8943acce473ffff,Potential Car Buyers,22,3.854652,0.001997,0.19269
8943acce60bffff,Families,0,4.354771,0.00217,0.217684
8943acce60bffff,Families,2,3.926208,0.001957,0.196261
8943acce60bffff,Families,4,4.330527,0.002158,0.216472
8943acce60bffff,Families,6,17.191266,0.010866,0.859563
8943acce60bffff,Families,8,22.654213,0.01432,1.132711
8943acce60bffff,Families,10,15.958534,0.009954,0.797927
8943acce60bffff,Families,12,15.298149,0.009542,0.764907
8943acce60bffff,Families,14,16.075171,0.010079,0.803711
8943acce60bffff,Families,16,20.035475,0.012562,1.001714
8943acce60bffff,Families,18,14.487403,0.009057,0.72437
8943acce60bffff,Families,20,14.46784,0.009045,0.723392
8943acce60bffff,Families,22,17.288412,0.010808,0.864421
8943acce60bffff,HNWI,0,16.09758,0.010045,0.804931
8943acce60bffff,HNWI,2,14.649651,0.009141,0.73253
8943acce60bffff,HNWI,4,18.338039,0.011443,0.916961
8943acce60bffff,HNWI,6,8.172089,0.004885,0.408562
8943acce60bffff,HNWI,8,11.4181,0.006825,0.570846
8943acce60bffff,HNWI,10,1.265081,4.7e-05,0.063314
8943acce60bffff,HNWI,12,0.940899,3.5e-05,0.047089
8943acce60bffff,HNWI,14,24.367201,0.015533,1.218413
8943acce60bffff,HNWI,16,22.602859,0.014409,1.130193
8943acce60bffff,HNWI,18,32.44275,0.020848,1.622138
8943acce60bffff,HNWI,20,22.797788,0.01465,1.139889
8943acce60bffff,HNWI,22,27.338743,0.017568,1.366937
8943acce60bffff,Potential Car Buyers,0,1.968344,0.00071,0.098417
8943acce60bffff,Potential Car Buyers,2,2.178524,0.000786,0.108926
8943acce60bffff,Potential Car Buyers,4,2.324686,0.000839,0.116234
8943acce60bffff,Potential Car Buyers,6,21.901812,0.013948,1.095042
8943acce60bffff,Potential Car Buyers,8,23.978557,0.015271,1.198874
8943acce60bffff,Potential Car Buyers,10,7.726944,0.004517,0.3863
8943acce60bffff,Potential Car Buyers,12,7.821796,0.004572,0.391042
8943acce60bffff,Potential Car Buyers,14,12.202289,0.007593,0.610114
8943acce60bffff,Potential Car Buyers,16,12.904664,0.00803,0.645233
8943acce60bffff,Potential Car Buyers,18,14.581774,0.00904,0.72914
8943acce60bffff,Potential Car Buyers,20,16.885563,0.010469,0.844337
8943acce60bffff,Potential Car Buyers,22,13.19799,0.008182,0.659946
8943acce6abffff,Families,0,26.925488,0.017328,1.346321
8943acce6abffff,Families,2,31.469832,0.020252,1.573546
8943acce6abffff,Families,4,30.877066,0.019871,1.543907
8943acce6abffff,Families,6,26.103141,0.016666,1.305102
8943acce6abffff,Families,8,21.103276,0.013474,1.055119
8943acce6abffff,Families,10,22.517607,0.014257,1.125937
8943acce6abffff,Families,12,22.250676,0.014088,1.11259
8943acce6abffff,Families,14,17.287509,0.01098,0.864375
8943acce6abffff,Families,16,20.748604,0.013179,1.03743
8943acce6abffff,Families,18,8.973728,0.005433,0.448686
8943acce6abffff,Families,20,12.836057,0.007771,0.641803
8943acce6abffff,Families,22,9.259827,0.005606,0.462991
8943acce6abffff,HNWI,0,23.919864,0.015149,1.195993
8943acce6abffff,HNWI,2,16.043449,0.010161,0.802172
8943acce6abffff,HNWI,4,18.863198,0.011946,0.94316
8943acce6abffff,HNWI,6,5.316509,0.002871,0.265775
8943acce6abffff,HNWI,8,5.086989,0.002747,0.254301
8943acce6abffff,HNWI,10,12.753704,0.007968,0.637685
8943acce6abffff,HNWI,12,17.851661,0.011153,0.892583
8943acce6abffff,HNWI,14,2.421338,0.001034,0.121067
8943acce6abffff,HNWI,16,3.147207,0.001343,0.15736
8943acce6abffff,HNWI,18,2.310453,0.000787,0.115579
8943acce6abffff,HNWI,20,2.047572,0.000697,0.102429
8943acce6abffff,HNWI,22,2.293349,0.000781,0.114724
8943acce6abffff,Potential Car Buyers,0,31.098774,0.019966,1.554939
8943acce6abffff,Potential Car Buyers,2,30.347626,0.019484,1.517381
8943acce6abffff,Potential Car Buyers,4,27.464038,0.017633,1.373202
8943acce6abffff,Potential Car Buyers,6,29.420836,0.01888,1.471042
8943acce6abffff,Potential Car Buyers,8,30.840746,0.019791,1.542037
8943acce6abffff,Potential Car Buyers,10,22.993745,0.014662,1.149687
8943acce6abffff,Potential Car Buyers,12,18.881708,0.01204,0.944085
8943acce6abffff,Potential Car Buyers,14,21.993573,0.013906,1.099735
8943acce6abffff,Potential Car Buyers,16,18.585474,0.011751,0.929322
8943acce6abffff,Potential Car Buyers,18,8.340992,0.00495,0.417004
8943acce6abffff,Potential Car Buyers,20,9.844008,0.005842,0.492146
8943acce6abffff,Potential Car Buyers,22,8.270446,0.004908,0.413477
8943accf487ffff,Families,0,3.003352,0.001229,0.150226
8943accf487ffff,Families,2,2.567132,0.001051,0.128406
8943accf487ffff,Families,4,2.277077,0.000932,0.113898
8943accf487ffff,Families,6,2.596633,0.000965,0.129889
8943accf487ffff,Families,8,1.912627,0.000711,0.095674
8943accf487ffff,Families,10,20.89376,0.013322,1.044642
8943accf487ffff,Families,12,24.53755,0.015645,1.226824
8943accf487ffff,Families,14,31.143612,0.020066,1.557181
8943accf487ffff,Families,16,33.013544,0.021271,1.650677
8943accf487ffff,Families,18,13.01301,0.008085,0.65065
8943accf487ffff,Families,20,13.404645,0.008328,0.670232
8943accf487ffff,Families,22,13.589755,0.008443,0.679488
8943accf487ffff,HNWI,0,18.61605,0.011728,0.930803
8943accf487ffff,HNWI,2,15.313662,0.009647,0.765683
8943accf487ffff,HNWI,4,14.593062,0.009193,0.729653
8943accf487ffff,HNWI,6,18.718275,0.011779,0.935914
8943accf487ffff,HNWI,8,19.561138,0.01231,0.978057
8943accf487ffff,HNWI,10,12.849434,0.007958,0.642472
8943accf487ffff,HNWI,12,14.475845,0.008965,0.723792
8943accf487ffff,HNWI,14,25.511869,0.016459,1.275593
8943accf487ffff,HNWI,16,36.605978,0.023617,1.830299
8943accf487ffff,HNWI,18,27.720838,0.01787,1.385996
8943accf487ffff,HNWI,20,26.605307,0.017151,1.330221
8943accf487ffff,HNWI,22,31.708158,0.02044,1.585355
8943accf487ffff,Potential Car Buyers,0,1.235029,0.00026,0.061794
8943accf487ffff,Potential Car Buyers,2,1.426873,0.0003,0.071393
8943accf487ffff,Potential Car Buyers,4,1.3905,0.000293,0.069573
8943accf487ffff,Potential Car Buyers,6,18.001317,0.011446,0.900066
8943accf487ffff,Potential Car Buyers,8,20.623394,0.013113,1.03117
8943accf487ffff,Potential Car Buyers,10,14.808632,0.009114,0.740432
8943accf487ffff,Potential Car Buyers,12,12.978687,0.007988,0.648934
8943accf487ffff,Potential Car Buyers,14,12.899747,0.007998,0.645033
8943accf487ffff,Potential Car Buyers,16,11.846965,0.007346,0.59239
8943accf487ffff,Potential Car Buyers,18,15.570729,0.009615,0.778536
8943accf487ffff,Potential Car Buyers,20,13.436554,0.008297,0.671828
8943accf487ffff,Potential Car Buyers,22,13.351929,0.008245,0.667596
8943accf557ffff,Families,0,5.23782,0.002828,0.261941
8943accf557ffff,Families,2,6.206314,0.003351,0.310375
8943accf557ffff,Families,4,4.45143,0.002403,0.222614
8943accf557ffff,Families,6,31.778928,0.020464,1.588892
8943accf557ffff,Families,8,34.945626,0.022503,1.747222
8943accf557ffff,Families,10,18.57625,0.011787,0.928768
8943accf557ffff,Families,12,17.896646,0.011356,0.894789
8943accf557ffff,Families,14,13.068943,0.008014,0.6535
8943accf557ffff,Families,16,14.029787,0.008603,0.701546
8943accf557ffff,Families,18,19.286703,0.012117,0.964335
8943accf557ffff,Families,20,17.350025,0.0109,0.867501
8943accf557ffff,Families,22,17.757501,0.011156,0.887875
8943accf557ffff,HNWI,0,24.269367,0.015403,1.213468
8943accf557ffff,HNWI,2,24.864002,0.015781,1.2432
8943accf557ffff,HNWI,4,20.773335,0.013184,1.038667
8943accf557ffff,HNWI,6,10.020713,0.006071,0.50099
8943accf557ffff,HNWI,8,12.963575,0.007854,0.64812
8943accf557ffff,HNWI,10,2.084993,0.0008,0.104294
8943accf557ffff,HNWI,12,2.650537,0.001017,0.132583
8943accf557ffff,HNWI,14,2.947728,0.001423,0.147386
8943accf557ffff,HNWI,16,3.874997,0.001871,0.19375
8943accf557ffff,HNWI,18,2.765659,0.001206,0.138235
8943accf557ffff,HNWI,20,2.72169,0.001187,0.136037
8943accf557ffff,HNWI,22,3.311043,0.001444,0.165495
8943accf557ffff,Potential Car Buyers,0,23.928196,0.015305,1.19641
8943accf557ffff,Potential Car Buyers,2,22.256024,0.014235,1.112801
8943accf557ffff,Potential Car Buyers,4,26.652425,0.017047,1.332621
8943accf557ffff,Potential Car Buyers,6,25.780624,0.01648,1.289031
8943accf557ffff,Potential Car Buyers,8,27.057849,0.017296,1.352892
8943accf557ffff,Potential Car Buyers,10,15.5741,0.009721,0.778705
8943accf557ffff,Potential Car Buyers,12,13.256663,0.008275,0.662833
8943accf557ffff,Potential Car Buyers,14,19.601303,0.012297,0.980123
8943accf557ffff,Potential Car Buyers,16,17.092129,0.010723,0.854657
8943accf557ffff,Potential Car Buyers,18,5.586516,0.003168,0.279284
8943accf557ffff,Potential Car Buyers,20,5.900897,0.003346,0.295001
8943accf557ffff,Potential Car Buyers,22,6.531127,0.003703,0.326507
8943acd9313ffff,Families,0,25.502312,0.016417,1.275159
8943acd9313ffff,Families,2,30.086648,0.019368,1.504384
8943acd9313ffff,Families,4,33.403896,0.021503,1.670252
8943acd9313ffff,Families,6,29.519935,0.018995,1.476048
8943acd9313ffff,Families,8,27.305918,0.017571,1.365343
8943acd9313ffff,Families,10,24.335367,0.015574,1.216817
8943acd9313ffff,Families,12,24.541745,0.015707,1.227136
8943acd9313ffff,Families,14,22.542675,0.014456,1.127134
8943acd9313ffff,Families,16,26.557832,0.017031,1.327892
8943acd9313ffff,Families,18,8.976837,0.005447,0.448842
8943acd9313ffff,Families,20,9.194711,0.005579,0.459736
8943acd9313ffff,Families,22,12.885445,0.007819,0.644272
8943acd9313ffff,HNWI,0,29.821526,0.019089,1.491076
8943acd9313ffff,HNWI,2,25.463883,0.016299,1.273194
8943acd9313ffff,HNWI,4,21.387097,0.01369,1.069355
8943acd9313ffff,HNWI,6,8.478918,0.005107,0.423905
8943acd9313ffff,HNWI,8,10.290757,0.006199,0.514488
8943acd9313ffff,HNWI,10,12.494288,0.007538,0.624714
8943acd9313ffff,HNWI,12,10.480992,0.006323,0.52405
8943acd9313ffff,HNWI,14,8.466074,0.004928,0.423304
8943acd9313ffff,HNWI,16,6.78457,0.003949,0.339228
8943acd9313ffff,HNWI,18,7.78457,0.004463,0.389174
8943acd9313ffff,HNWI,20,7.412551,0.00425,0.370576
8943acd9313ffff,HNWI,22,5.926616,0.003398,0.296289
8943acd9313ffff,Potential Car Buyers,0,2.208548,0.000774,0.110427
8943acd9313ffff,Potential Car Buyers,2,2.321133,0.000813,0.116057
8943acd9313ffff,Potential Car Buyers,4,2.078773,0.000728,0.103939
8943acd9313ffff,Potential Car Buyers,6,1.95399,0.000569,0.0977
8943acd9313ffff,Potential Car Buyers,8,1.791243,0.000522,0.089562
8943acd9313ffff,Potential Car Buyers,10,32.58995,0.020953,1.629498
8943acd9313ffff,Potential Car Buyers,12,22.726623,0.014611,1.136331
8943acd9313ffff,Potential Car Buyers,14,21.658026,0.013849,1.082946
8943acd9313ffff,Potential Car Buyers,16,22.530712,0.014407,1.126582
8943acd9313ffff,Potential Car Buyers,18,11.63553,0.007211,0.581818
8943acd9313ffff,Potential Car Buyers,20,15.537823,0.009629,0.776946
8943acd9313ffff,Potential Car Buyers,22,14.977942,0.009282,0.74895
8943acd9a1bffff,Families,0,16.844196,0.010597,0.84221
8943acd9a1bffff,Families,2,18.597902,0.0117,0.929895
8943acd9a1bffff,Families,4,17.849579,0.011229,0.892479
8943acd9a1bffff,Families,6,16.155593,0.010152,0.80778
8943acd9a1bffff,Families,8,18.574507,0.011672,0.928725
8943acd9a1bffff,Families,10,11.351425,0.007013,0.567571
8943acd9a1bffff,Families,12,15.009963,0.009274,0.750498
8943acd9a1bffff,Families,14,24.569406,0.015844,1.22847
8943acd9a1bffff,Families,16,29.163861,0.018807,1.458193
8943acd9a1bffff,Families,18,31.82707,0.020507,1.5913
8943acd9a1bffff,Families,20,25.909981,0.016694,1.295456
8943acd9a1bffff,Families,22,28.563702,0.018404,1.428137
8943acd9a1bffff,HNWI,0,11.516385,0.007119,0.575777
8943acd9a1bffff,HNWI,2,13.223921,0.008175,0.661148
8943acd9a1bffff,HNWI,4,12.515607,0.007737,0.625735
8943acd9a1bffff,HNWI,6,30.369214,0.01955,1.518461
8943acd9a1bffff,HNWI,8,30.570986,0.01968,1.528549
8943acd9a1bffff,HNWI,10,19.858137,0.012567,0.992907
8943acd9a1bffff,HNWI,12,16.549529,0.010473,0.827476
8943acd9a1bffff,HNWI,14,26.0614,0.016721,1.303119
8943acd9a1bffff,HNWI,16,30.247961,0.019407,1.512455
8943acd9a1bffff,HNWI,18,21.699897,0.013907,1.084995
8943acd9a1bffff,HNWI,20,25.790184,0.016528,1.289509
8943acd9a1bffff,HNWI,22,29.027252,0.018603,1.451363
8943acd9a1bffff,Potential Car Buyers,0,6.539623,0.00379,0.326981
8943acd9a1bffff,Potential Car Buyers,2,8.936411,0.005179,0.446821
8943acd9a1bffff,Potential Car Buyers,4,8.411894,0.004875,0.420595
8943acd9a1bffff,Potential Car Buyers,6,27.973927,0.017956,1.398696
8943acd9a1bffff,Potential Car Buyers,8,32.186511,0.020659,1.609326
8943acd9a1bffff,Potential Car Buyers,10,23.155965,0.01477,1.157798
8943acd9a1bffff,Potential Car Buyers,12,19.823096,0.012644,0.991155
8943acd9a1bffff,Potential Car Buyers,14,26.382963,0.016868,1.319202
8943acd9a1bffff,Potential Car Buyers,16,26.830231,0.017154,1.341567
8943acd9a1bffff,Potential Car Buyers,18,18.720306,0.011848,0.936063
8943acd9a1bffff,Potential Car Buyers,20,22.957292,0.01453,1.147923
8943acd9a1bffff,Potential Car Buyers,22,17.2715,0.010931,0.863619
8943acd9ad3ffff,Families,0,1.86476,0.000454,0.093179
8943acd9ad3ffff,Families,2,1.771009,0.000431,0.088494
8943acd9ad3ffff,Families,4,1.703905,0.000415,0.085141
8943acd9ad3ffff,Families,6,19.951137,0.012514,0.997557
8943acd9ad3ffff,Families,8,18.379696,0.011528,0.918985
8943acd9ad3ffff,Families,10,11.636784,0.007167,0.581839
8943acd9ad3ffff,Families,12,11.91624,0.00734,0.595812
8943acd9ad3ffff,Families,14,10.116513,0.006039,0.505879
8943acd9ad3ffff,Families,16,8.106129,0.004839,0.405349
8943acd9ad3ffff,Families,18,15.057085,0.009304,0.752854
8943acd9ad3ffff,Families,20,12.180733,0.007527,0.609037
8943acd9ad3ffff,Families,22,15.037696,0.009292,0.751885
8943acd9ad3ffff,HNWI,0,30.813908,0.019765,1.540695
8943acd9ad3ffff,HNWI,2,25.557975,0.016393,1.277899
8943acd9ad3ffff,HNWI,4,29.892347,0.019174,1.494617
8943acd9ad3ffff,HNWI,6,29.170111,0.018701,1.458506
8943acd9ad3ffff,HNWI,8,26.940737,0.017272,1.347037
8943acd9ad3ffff,HNWI,10,22.269055,0.014181,1.113453
8943acd9ad3ffff,HNWI,12,24.427871,0.015556,1.221394
8943acd9ad3ffff,HNWI,14,9.84433,0.005849,0.492216
8943acd9ad3ffff,HNWI,16,7.375395,0.004382,0.36877
8943acd9ad3ffff,HNWI,18,8.710328,0.005121,0.435465
8943acd9ad3ffff,HNWI,20,7.776206,0.004571,0.388764
8943acd9ad3ffff,HNWI,22,7.126394,0.004189,0.356278
8943acd9ad3ffff,Potential Car Buyers,0,18.866608,0.011999,0.94333
8943acd9ad3ffff,Potential Car Buyers,2,18.358892,0.011676,0.917945
8943acd9ad3ffff,Potential Car Buyers,4,18.20751,0.011579,0.910375
8943acd9ad3ffff,Potential Car Buyers,6,16.335001,0.010199,0.81675
8943acd9ad3ffff,Potential Car Buyers,8,14.244936,0.008894,0.712247
8943acd9ad3ffff,Potential Car Buyers,10,14.097675,0.008616,0.704884
8943acd9ad3ffff,Potential Car Buyers,12,10.701781,0.00654,0.535089
8943acd9ad3ffff,Potential Car Buyers,14,4.279836,0.002221,0.213992
8943acd9ad3ffff,Potential Car Buyers,16,4.84779,0.002515,0.24239
8943acd9ad3ffff,Potential Car Buyers,18,4.062417,0.001991,0.203175
8943acd9ad3ffff,Potential Car Buyers,20,4.461328,0.002186,0.223126
8943acd9ad3ffff,Potential Car Buyers,22,4.282639,0.002099,0.214189
8943acd9e4bffff,Families,0,8.775987,0.005295,0.438799
8943acd9e4bffff,Families,2,9.87481,0.005957,0.493741
8943acd9e4bffff,Families,4,10.584671,0.006386,0.529234
8943acd9e4bffff,Families,6,8.692971,0.005227,0.434649
8943acd9e4bffff,Families,8,8.46721,0.005091,0.42336
8943acd9e4bffff,Families,10,6.013185,0.003386,0.300659
8943acd9e4bffff,Families,12,5.863634,0.003301,0.293182
8943acd9e4bffff,Families,14,7.006092,0.004064,0.350259
8943acd9e4bffff,Families,16,8.383831,0.004864,0.419137
8943acd9e4bffff,Families,18,20.83263,0.013274,1.041678
8943acd9e4bffff,Families,20,19.641497,0.012515,0.982118
8943acd9e4bffff,Families,22,26.66498,0.016991,1.333308
8943acd9e4bffff,HNWI,0,5.412785,0.003056,0.270598
8943acd9e4bffff,HNWI,2,6.112508,0.003451,0.305579
8943acd9e4bffff,HNWI,4,6.646219,0.003753,0.33226
8943acd9e4bffff,HNWI,6,7.010538,0.00392,0.35047
8943acd9e4bffff,HNWI,8,6.661129,0.003725,0.333003
8943acd9e4bffff,HNWI,10,22.789146,0.014503,1.139509
8943acd9e4bffff,HNWI,12,26.361613,0.016776,1.318141
8943acd9e4bffff,HNWI,14,16.508157,0.010437,0.825365
8943acd9e4bffff,HNWI,16,17.432368,0.011022,0.871573
8943acd9e4bffff,HNWI,18,19.91335,0.012563,0.995667
8943acd9e4bffff,HNWI,20,21.917186,0.013827,1.095859
8943acd9e4bffff,HNWI,22,17.955465,0.011328,0.897773
8943acd9e4bffff,Potential Car Buyers,0,14.647031,0.009046,0.732298
8943acd9e4bffff,Potential Car Buyers,2,13.489119,0.008331,0.674406
8943acd9e4bffff,Potential Car Buyers,4,10.895047,0.006729,0.544712
8943acd9e4bffff,Potential Car Buyers,6,14.901156,0.009185,0.745114
8943acd9e4bffff,Potential Car Buyers,8,13.06369,0.008052,0.653234
8943acd9e4bffff,Potential Car Buyers,10,8.365991,0.004991,0.418344
8943acd9e4bffff,Potential Car Buyers,12,9.62875,0.005744,0.481488
8943acd9e4bffff,Potential Car Buyers,14,4.733861,0.002623,0.236693
8943acd9e4bffff,Potential Car Buyers,16,6.921627,0.003835,0.346081
8943acd9e4bffff,Potential Car Buyers,18,21.054238,0.01349,1.052712
8943acd9e4bffff,Potential Car Buyers,20,21.128634,0.013538,1.056432
8943acd9e4bffff,Potential Car Buyers,22,23.813839,0.015258,1.190692
8943ae5001bffff,Families,0,1.174563,0.000195,0.058728
8943ae5001bffff,Families,2,1.213997,0.000202,0.0607
8943ae5001bffff,Families,4,1.293292,0.000215,0.064665
8943ae5001bffff,Families,6,19.540962,0.012422,0.977003
8943ae5001bffff,Families,8,23.172599,0.01473,1.158576
8943ae5001bffff,Families,10,20.827052,0.013244,1.041353
8943ae5001bffff,Families,12,19.648864,0.012495,0.982443
8943ae5001bffff,Families,14,13.872133,0.008595,0.693607
8943ae5001bffff,Families,16,12.823915,0.007946,0.641196
8943ae5001bffff,Families,18,11.797657,0.00728,0.589927
8943ae5001bffff,Families,20,12.494358,0.007709,0.624764
8943ae5001bffff,Families,22,15.181923,0.009368,0.759153
8943ae5001bffff,HNWI,0,11.885333,0.007343,0.59431
8943ae5001bffff,HNWI,2,11.034327,0.006817,0.551757
8943ae5001bffff,HNWI,4,11.020427,0.006809,0.551062
8943ae5001bffff,HNWI,6,33.145458,0.021334,1.657273
8943ae5001bffff,HNWI,8,34.558395,0.022244,1.72792
8943ae5001bffff,HNWI,10,26.172653,0.016756,1.308633
8943ae5001bffff,HNWI,12,21.262212,0.013613,1.063111
8943ae5001bffff,HNWI,14,31.153556,0.019985,1.557619
8943ae5001bffff,HNWI,16,25.052627,0.016071,1.252584
8943ae5001bffff,HNWI,18,25.947599,0.016627,1.29738
8943ae5001bffff,HNWI,20,21.312703,0.013657,1.065635
8943ae5001bffff,HNWI,22,22.803767,0.014612,1.140188
8943ae5001bffff,Potential Car Buyers,0,20.806231,0.013201,1.040362
8943ae5001bffff,Potential Car Buyers,2,19.584841,0.012426,0.979289
8943ae5001bffff,Potential Car Buyers,4,16.88091,0.01071,0.844086
8943ae5001bffff,Potential Car Buyers,6,23.159973,0.014682,1.157942
8943ae5001bffff,Potential Car Buyers,8,19.512773,0.01237,0.975591
8943ae5001bffff,Potential Car Buyers,10,12.334688,0.007524,0.616787
8943ae5001bffff,Potential Car Buyers,12,9.845897,0.006006,0.492337
8943ae5001bffff,Potential Car Buyers,14,3.528943,0.00168,0.176397
8943ae5001bffff,Potential Car Buyers,16,3.539177,0.001685,0.176908
8943ae5001bffff,Potential Car Buyers,18,2.804831,0.001193,0.140242
8943ae5001bffff,Potential Car Buyers,20,2.667069,0.001134,0.133353
8943ae5001bffff,Potential Car Buyers,22,2.896617,0.001232,0.144831
8943ae501bbffff,Families,0,13.193764,0.008149,0.659737
8943ae501bbffff,Families,2,11.392645,0.007037,0.569674
8943ae501bbffff,Families,4,13.627205,0.008417,0.68141
8943ae501bbffff,Families,6,19.936379,0.01272,0.996819
8943ae501bbffff,Families,8,26.122143,0.016667,1.306107
8943ae501bbffff,Families,10,33.678568,0.02168,1.683986
8943ae501bbffff,Families,12,30.808748,0.019833,1.54049
8943ae501bbffff,Families,14,25.590744,0.016415,1.279586
8943ae501bbffff,Families,16,31.390518,0.020135,1.569585
8943ae501bbffff,Families,18,23.834034,0.015271,1.191702
8943ae501bbffff,Families,20,22.014997,0.014106,1.10075
8943ae501bbffff,Families,22,24.430886,0.015653,1.221544
8943ae501bbffff,HNWI,0,7.742433,0.004546,0.387122
8943ae501bbffff,HNWI,2,9.752025,0.005726,0.487601
8943ae501bbffff,HNWI,4,7.930262,0.004656,0.396513
8943ae501bbffff,HNWI,6,1.978432,0.000777,0.098922
8943ae501bbffff,HNWI,8,2.461773,0.000966,0.123089
8943ae501bbffff,HNWI,10,23.022163,0.014705,1.151108
8943ae501bbffff,HNWI,12,24.919984,0.015917,1.245999
8943ae501bbffff,HNWI,14,28.696717,0.018509,1.434883
8943ae501bbffff,HNWI,16,29.252045,0.018867,1.46265
8943ae501bbffff,HNWI,18,17.131472,0.010863,0.856615
8943ae501bbffff,HNWI,20,16.681666,0.010578,0.834124
8943ae501bbffff,HNWI,22,17.900375,0.011351,0.895063
8943ae501bbffff,Potential Car Buyers,0,29.212351,0.018782,1.460618
8943ae501bbffff,Potential Car Buyers,2,31.615547,0.020327,1.580777
8943ae501bbffff,Potential Car Buyers,4,28.398932,0.018259,1.419947
8943ae501bbffff,Potential Car Buyers,6,33.017068,0.021219,1.650853
8943ae501bbffff,Potential Car Buyers,8,27.02017,0.017365,1.351008
8943ae501bbffff,Potential Car Buyers,10,20.556687,0.013134,1.027834
8943ae501bbffff,Potential Car Buyers,12,22.209909,0.014191,1.110495
8943ae501bbffff,Potential Car Buyers,14,23.102376,0.014793,1.155073
8943ae501bbffff,Potential Car Buyers,16,21.821845,0.013973,1.091049
8943ae501bbffff,Potential Car Buyers,18,8.436542,0.005072,0.421869
8943ae501bbffff,Potential Car Buyers,20,10.55703,0.006346,0.527903
8943ae501bbffff,Potential Car Buyers,22,8.195672,0.004927,0.409824
8943ae50387ffff,Families,0,23.294929,0.014872,1.164697
8943ae50387ffff,Families,2,23.118588,0.01476,1.15588
8943ae50387ffff,Families,4,21.134988,0.013493,1.056705
8943ae50387ffff,Families,6,27.833098,0.017758,1.391715
8943ae50387ffff,Families,8,26.572289,0.016954,1.328672
8943ae50387ffff,Families,10,10.691259,0.006339,0.534504
8943ae50387ffff,Families,12,9.004629,0.005339,0.450182
8943ae50387ffff,Families,14,18.124822,0.011325,0.906241
8943ae50387ffff,Families,16,18.915689,0.011819,0.945784
8943ae50387ffff,Families,18,4.555738,0.002501,0.227787
8943ae50387ffff,Families,20,5.963573,0.003274,0.298179
8943ae50387ffff,Families,22,6.704736,0.003681,0.335237
8943ae50387ffff,HNWI,0,9.703547,0.005762,0.485177
8943ae50387ffff,HNWI,2,9.065725,0.005383,0.453286
8943ae50387ffff,HNWI,4,8.683452,0.005156,0.434173
8943ae50387ffff,HNWI,6,34.406615,0.022155,1.72039
8943ae50387ffff,HNWI,8,34.897557,0.022472,1.744937
8943ae50387ffff,HNWI,10,5.031921,0.002691,0.251596
8943ae50387ffff,HNWI,12,5.542729,0.002965,0.277136
8943ae50387ffff,HNWI,14,24.223995,0.015415,1.2112
8943ae50387ffff,HNWI,16,21.55185,0.013714,1.077592
8943ae50387ffff,HNWI,18,25.114036,0.015955,1.255643
8943ae50387ffff,HNWI,20,21.918599,0.013925,1.095878
8943ae50387ffff,HNWI,22,18.956695,0.012043,0.94779
8943ae50387ffff,Potential Car Buyers,0,12.366354,0.007607,0.618318
8943ae50387ffff,Potential Car Buyers,2,14.60677,0.008985,0.730339
8943ae50387ffff,Potential Car Buyers,4,13.337572,0.008205,0.666879
8943ae50387ffff,Potential Car Buyers,6,10.804314,0.006632,0.540216
8943ae50387ffff,Potential Car Buyers,8,14.136535,0.008677,0.706827
8943ae50387ffff,Potential Car Buyers,10,3.456368,0.001728,0.172818
8943ae50387ffff,Potential Car Buyers,12,4.166181,0.002083,0.208309
8943ae50387ffff,Potential Car Buyers,14,4.360764,0.002356,0.217997
8943ae50387ffff,Potential Car Buyers,16,4.354133,0.002352,0.217665
8943ae50387ffff,Potential Car Buyers,18,4.483128,0.00233,0.224156
8943ae50387ffff,Potential Car Buyers,20,4.428429,0.002301,0.221421
8943ae50387ffff,Potential Car Buyers,22,4.972785,0.002584,0.248639
8943ae503afffff,Families,0,7.105321,0.00405,0.355318
8943ae503afffff,Families,2,6.970758,0.003973,0.348589
8943ae503afffff,Families,4,6.767159,0.003857,0.338407
8943ae503afffff,Families,6,6.16729,0.003485,0.308317
8943ae503afffff,Families,8,5.765985,0.003258,0.288255
8943ae503afffff,Families,10,3.187375,0.001368,0.159312
8943ae503afffff,Families,12,3.178462,0.001364,0.158866
8943ae503afffff,Families,14,26.547666,0.017094,1.327383
8943ae503afffff,Families,16,28.177489,0.018143,1.408874
8943ae503afffff,Families,18,19.774521,0.012489,0.988726
8943ae503afffff,Families,20,22.693081,0.014332,1.134654
8943ae503afffff,Families,22,16.190894,0.010226,0.809545
8943ae503afffff,HNWI,0,12.349168,0.007659,0.617458
8943ae503afffff,HNWI,2,16.382479,0.010161,0.819124
8943ae503afffff,HNWI,4,16.747659,0.010387,0.837383
8943ae503afffff,HNWI,6,13.010378,0.008055,0.650519
8943ae503afffff,HNWI,8,13.488407,0.008351,0.67442
8943ae503afffff,HNWI,10,9.300102,0.005596,0.465005
8943ae503afffff,HNWI,12,10.627428,0.006395,0.531371
8943ae503afffff,HNWI,14,30.058809,0.019302,1.50294
8943ae503afffff,HNWI,16,31.8256,0.020437,1.59128
8943ae503afffff,HNWI,18,28.840355,0.0185,1.441963
8943ae503afffff,HNWI,20,31.405849,0.020146,1.570233
8943ae503afffff,HNWI,22,24.199855,0.015523,1.209947
8943ae503afffff,Potential Car Buyers,0,1.629796,0.000499,0.08149
8943ae503afffff,Potential Car Buyers,2,1.717592,0.000526,0.08588
8943ae503afffff,Potential Car Buyers,4,1.515548,0.000464,0.075777
8943ae503afffff,Potential Car Buyers,6,1.282202,0.000292,0.06411
8943ae503afffff,Potential Car Buyers,8,1.814879,0.000413,0.090744
8943ae503afffff,Potential Car Buyers,10,20.728834,0.013022,1.036442
8943ae503afffff,Potential Car Buyers,12,14.862937,0.009337,0.743147
8943ae503afffff,Potential Car Buyers,14,24.985413,0.015969,1.249322
8943ae503afffff,Potential Car Buyers,16,22.652335,0.014478,1.132664
8943ae503afffff,Potential Car Buyers,18,12.232363,0.00757,0.611662
8943ae503afffff,Potential Car Buyers,20,14.601763,0.009037,0.730141
8943ae503afffff,Potential Car Buyers,22,13.58927,0.00841,0.679512
8943ae5050bffff,Families,0,28.418781,0.018206,1.420995
8943ae5050bffff,Families,2,29.337834,0.018795,1.466949
8943ae5050bffff,Families,4,29.782653,0.01908,1.489191
8943ae5050bffff,Families,6,23.41062,0.01499,1.170577
8943ae5050bffff,Families,8,22.399145,0.014342,1.120002
8943ae5050bffff,Families,10,18.146661,0.011536,0.907375
8943ae5050bffff,Families,12,21.588866,0.013724,1.079494
8943ae5050bffff,Families,14,19.124665,0.012191,0.956233
8943ae5050bffff,Families,16,25.382677,0.01618,1.269134
8943ae5050bffff,Families,18,14.426727,0.00885,0.721336
8943ae5050bffff,Families,20,13.144657,0.008064,0.657233
8943ae5050bffff,Families,22,11.903488,0.007302,0.595174
8943ae5050bffff,HNWI,0,20.513564,0.013043,1.025678
8943ae5050bffff,HNWI,2,25.142016,0.015986,1.257101
8943ae5050bffff,HNWI,4,23.223681,0.014767,1.161184
8943ae5050bffff,HNWI,6,7.543613,0.004301,0.377235
8943ae5050bffff,HNWI,8,6.351053,0.003621,0.317599
8943ae5050bffff,HNWI,10,14.821366,0.009102,0.741068
8943ae5050bffff,HNWI,12,11.755226,0.007219,0.587761
8943ae5050bffff,HNWI,14,3.787565,0.001954,0.189378
8943ae5050bffff,HNWI,16,4.234792,0.002185,0.21174
8943ae5050bffff,HNWI,18,4.301045,0.002089,0.215111
8943ae5050bffff,HNWI,20,4.220586,0.00205,0.211087
8943ae5050bffff,HNWI,22,3.307127,0.001606,0.165401
8943ae5050bffff,Potential Car Buyers,0,33.266631,0.021405,1.663332
8943ae5050bffff,Potential Car Buyers,2,33.726431,0.021701,1.686322
8943ae5050bffff,Potential Car Buyers,4,32.453887,0.020882,1.622694
8943ae5050bffff,Potential Car Buyers,6,31.95035,0.020549,1.597517
8943ae5050bffff,Potential Car Buyers,8,23.538205,0.015139,1.17691
8943ae5050bffff,Potential Car Buyers,10,28.718518,0.018368,1.435926
8943ae5050bffff,Potential Car Buyers,12,27.991796,0.017903,1.39959
8943ae5050bffff,Potential Car Buyers,14,22.869405,0.014521,1.143416
8943ae5050bffff,Potential Car Buyers,16,20.223111,0.012841,1.011107
8943ae5050bffff,Potential Car Buyers,18,10.35842,0.006263,0.517873
8943ae5050bffff,Potential Car Buyers,20,12.088042,0.007309,0.604346
8943ae5050bffff,Potential Car Buyers,22,11.542044,0.006979,0.577048
8943ae505a3ffff,Families,0,5.903531,0.003144,0.295177
8943ae505a3ffff,Families,2,5.256561,0.0028,0.262828
8943ae505a3ffff,Families,4,4.335616,0.002309,0.216781
8943ae505a3ffff,Families,6,5.394496,0.002822,0.269725
8943ae505a3ffff,Families,8,5.190976,0.002715,0.259549
8943ae505a3ffff,Families,10,30.557682,0.019713,1.527884
8943ae505a3ffff,Families,12,28.16309,0.018168,1.408155
8943ae505a3ffff,Families,14,32.329577,0.020765,1.616538
8943ae505a3ffff,Families,16,26.876915,0.017263,1.343895
8943ae505a3ffff,Families,18,14.722301,0.00924,0.736158
8943ae505a3ffff,Families,20,18.028225,0.011315,0.901464
8943ae505a3ffff,Families,22,15.765747,0.009895,0.788334
8943ae505a3ffff,HNWI,0,11.992134,0.00743,0.599607
8943ae505a3ffff,HNWI,2,14.097393,0.008734,0.70487
8943ae505a3ffff,HNWI,4,15.099776,0.009355,0.754989
8943ae505a3ffff,HNWI,6,26.575016,0.017116,1.328706
8943ae505a3ffff,HNWI,8,34.466644,0.022198,1.723274
8943ae505a3ffff,HNWI,10,5.130097,0.002764,0.256505
8943ae505a3ffff,HNWI,12,5.05664,0.002725,0.252832
8943ae505a3ffff,HNWI,14,29.134028,0.018703,1.456701
8943ae505a3ffff,HNWI,16,27.287414,0.017518,1.364371
8943ae505a3ffff,HNWI,18,25.118689,0.016108,1.255982
8943ae505a3ffff,HNWI,20,21.661979,0.013891,1.08314
8943ae505a3ffff,HNWI,22,23.511971,0.015078,1.175643
8943ae505a3ffff,Potential Car Buyers,0,7.809193,0.004656,0.39046
8943ae505a3ffff,Potential Car Buyers,2,9.781203,0.005832,0.48906
8943ae505a3ffff,Potential Car Buyers,4,8.042234,0.004795,0.402112
8943ae505a3ffff,Potential Car Buyers,6,31.339125,0.020188,1.567009
8943ae505a3ffff,Potential Car Buyers,8,32.612474,0.021008,1.630679
8943ae505a3ffff,Potential Car Buyers,10,18.007307,0.011434,0.900323
8943ae505a3ffff,Potential Car Buyers,12,21.539886,0.013677,1.076943
8943ae505a3ffff,Potential Car Buyers,14,24.100594,0.015347,1.20503
8943ae505a3ffff,Potential Car Buyers,16,20.302668,0.012928,1.015133
8943ae505a3ffff,Potential Car Buyers,18,17.24329,0.010963,0.862205
8943ae505a3ffff,Potential Car Buyers,20,23.530433,0.01496,1.176576
8943ae505a3ffff,Potential Car Buyers,22,24.101111,0.015322,1.205111
8943ae50817ffff,Families,0,8.929865,0.005215,0.446493
8943ae50817ffff,Families,2,9.20107,0.005373,0.460053
8943ae50817ffff,Families,4,6.789531,0.003965,0.339477
8943ae50817ffff,Families,6,7.98302,0.004634,0.399151
8943ae50817ffff,Families,8,7.977616,0.004631,0.398881
8943ae50817ffff,Families,10,34.100115,0.021954,1.705006
8943ae50817ffff,Families,12,24.780492,0.015954,1.239025
8943ae50817ffff,Families,14,26.643486,0.017179,1.33213
8943ae50817ffff,Families,16,30.21686,0.019483,1.510793
8943ae50817ffff,Families,18,18.309145,0.011601,0.915503
8943ae50817ffff,Families,20,19.182025,0.012154,0.959149
8943ae50817ffff,Families,22,21.742084,0.013776,1.087158
8943ae50817ffff,HNWI,0,32.443784,0.02089,1.622134
8943ae50817ffff,HNWI,2,25.049702,0.016129,1.252442
8943ae50817ffff,HNWI,4,24.352197,0.01568,1.217568
8943ae50817ffff,HNWI,6,13.894742,0.008626,0.694737
8943ae50817ffff,HNWI,8,15.860189,0.009846,0.793009
8943ae50817ffff,HNWI,10,12.614001,0.007837,0.630743
8943ae50817ffff,HNWI,12,15.75576,0.009789,0.787842
8943ae50817ffff,HNWI,14,10.266959,0.006277,0.513305
8943ae50817ffff,HNWI,16,13.968337,0.00854,0.698359
8943ae50817ffff,HNWI,18,12.388009,0.007529,0.6194
8943ae50817ffff,HNWI,20,13.086925,0.007954,0.654346
8943ae50817ffff,HNWI,22,10.958758,0.00666,0.547938
8943ae50817ffff,Potential Car Buyers,0,7.13414,0.003999,0.35665
8943ae50817ffff,Potential Car Buyers,2,6.507668,0.003648,0.325331
8943ae50817ffff,Potential Car Buyers,4,7.439413,0.00417,0.371911
8943ae50817ffff,Potential Car Buyers,6,5.23616,0.002904,0.261852
8943ae50817ffff,Potential Car Buyers,8,7.022321,0.003895,0.351175
8943ae50817ffff,Potential Car Buyers,10,1.771927,0.000643,0.088637
8943ae50817ffff,Potential Car Buyers,12,2.374255,0.000861,0.118767
8943ae50817ffff,Potential Car Buyers,14,32.302662,0.020784,1.615133
8943ae50817ffff,Potential Car Buyers,16,28.148772,0.018111,1.407439
8943ae50817ffff,Potential Car Buyers,18,18.19509,0.01147,0.909755
8943ae50817ffff,Potential Car Buyers,20,15.452568,0.009741,0.772628
8943ae50817ffff,Potential Car Buyers,22,21.176189,0.013349,1.058809
8943ae50a8fffff,Families,0,26.658234,0.017098,1.332912
8943ae50a8fffff,Families,2,27.684685,0.017756,1.384234
8943ae50a8fffff,Families,4,27.543314,0.017666,1.377166
8943ae50a8fffff,Families,6,29.459187,0.018885,1.472959
8943ae50a8fffff,Families,8,23.659999,0.015167,1.183
8943ae50a8fffff,Families,10,16.977664,0.010669,0.848883
8943ae50a8fffff,Families,12,14.45652,0.009085,0.722826
8943ae50a8fffff,Families,14,15.663853,0.009884,0.783235
8943ae50a8fffff,Families,16,15.13315,0.009549,0.756698
8943ae50a8fffff,Families,18,7.660627,0.004501,0.383077
8943ae50a8fffff,Families,20,6.818245,0.004006,0.340953
8943ae50a8fffff,Families,22,6.748551,0.003965,0.337468
8943ae50a8fffff,HNWI,0,15.767247,0.009912,0.788407
8943ae50a8fffff,HNWI,2,15.374964,0.009665,0.768792
8943ae50a8fffff,HNWI,4,16.992037,0.010682,0.84965
8943ae50a8fffff,HNWI,6,15.613387,0.009804,0.780715
8943ae50a8fffff,HNWI,8,17.360129,0.0109,0.868057
8943ae50a8fffff,HNWI,10,2.791028,0.001232,0.139599
8943ae50a8fffff,HNWI,12,2.813884,0.001242,0.140742
8943ae50a8fffff,HNWI,14,33.284583,0.021459,1.664174
8943ae50a8fffff,HNWI,16,36.116727,0.023285,1.805777
8943ae50a8fffff,HNWI,18,33.671004,0.02169,1.68355
8943ae50a8fffff,HNWI,20,33.637876,0.021668,1.681894
8943ae50a8fffff,HNWI,22,26.629665,0.017154,1.331483
8943ae50a8fffff,Potential Car Buyers,0,22.906919,0.014542,1.145401
8943ae50a8fffff,Potential Car Buyers,2,20.329414,0.012906,1.016519
8943ae50a8fffff,Potential Car Buyers,4,22.588262,0.01434,1.129467
8943ae50a8fffff,Potential Car Buyers,6,9.28085,0.005629,0.464043
8943ae50a8fffff,Potential Car Buyers,8,10.322902,0.006261,0.516145
8943ae50a8fffff,Potential Car Buyers,10,26.220246,0.01683,1.311012
8943ae50a8fffff,Potential Car Buyers,12,27.205519,0.017463,1.360276
8943ae50a8fffff,Potential Car Buyers,14,4.44698,0.002173,0.222408
8943ae50a8fffff,Potential Car Buyers,16,4.321387,0.002112,0.216127
8943ae50a8fffff,Potential Car Buyers,18,2.885702,0.001284,0.144285
8943ae50a8fffff,Potential Car Buyers,20,2.880175,0.001282,0.144009
8943ae50a8fffff,Potential Car Buyers,22,3.401069,0.001514,0.170053
8943ae50c47ffff,Families,0,17.865653,0.011221,0.893231
8943ae50c47ffff,Families,2,16.571483,0.010408,0.828526
8943ae50c47ffff,Families,4,18.598993,0.011682,0.929896
8943ae50c47ffff,Families,6,13.645433,0.00856,0.682231
8943ae50c47ffff,Families,8,19.823798,0.012436,0.991131
8943ae50c47ffff,Families,10,14.854122,0.009152,0.742762
8943ae50c47ffff,Families,12,14.817375,0.009129,0.740925
8943ae50c47ffff,Families,14,7.735852,0.00462,0.386793
8943ae50c47ffff,Families,16,10.681076,0.006379,0.534054
8943ae50c47ffff,Families,18,29.009935,0.018682,1.450497
8943ae50c47ffff,Families,20,34.552216,0.022251,1.727611
8943ae50c47ffff,Families,22,26.424612,0.017017,1.321231
8943ae50c47ffff,HNWI,0,26.013204,0.016687,1.300709
8943ae50c47ffff,HNWI,2,22.709772,0.014568,1.135532
8943ae50c47ffff,HNWI,4,22.287597,0.014297,1.114422
8943ae50c47ffff,HNWI,6,10.258178,0.006256,0.512909
8943ae50c47ffff,HNWI,8,11.482969,0.007003,0.574148
8943ae50c47ffff,HNWI,10,9.459466,0.005516,0.472973
8943ae50c47ffff,HNWI,12,7.563797,0.00441,0.37819
8943ae50c47ffff,HNWI,14,10.902195,0.006482,0.545169
8943ae50c47ffff,HNWI,16,9.151793,0.005442,0.457639
8943ae50c47ffff,HNWI,18,7.176295,0.004222,0.358815
8943ae50c47ffff,HNWI,20,7.117985,0.004188,0.355899
8943ae50c47ffff,HNWI,22,7.564065,0.00445,0.378203
8943ae50c47ffff,Potential Car Buyers,0,17.873806,0.011369,0.893731
8943ae50c47ffff,Potential Car Buyers,2,21.149221,0.013452,1.05751
8943ae50c47ffff,Potential Car Buyers,4,18.214673,0.011585,0.910776
8943ae50c47ffff,Potential Car Buyers,6,11.738183,0.007168,0.586909
8943ae50c47ffff,Potential Car Buyers,8,10.609916,0.006479,0.530496
8943ae50c47ffff,Potential Car Buyers,10,23.192717,0.014904,1.159636
8943ae50c47ffff,Potential Car Buyers,12,24.335765,0.015638,1.216788
8943ae50c47ffff,Potential Car Buyers,14,4.471416,0.002327,0.22362
8943ae50c47ffff,Potential Car Buyers,16,5.426007,0.002824,0.27136
8943ae50c47ffff,Potential Car Buyers,18,3.567613,0.001757,0.178381
8943ae50c47ffff,Potential Car Buyers,20,3.728167,0.001836,0.186408
8943ae50c47ffff,Potential Car Buyers,22,3.664106,0.001804,0.183205
8943ae50c9bffff,Families,0,14.784366,0.009082,0.739276
8943ae50c9bffff,Families,2,14.03291,0.008621,0.701701
8943ae50c9bffff,Families,4,14.032655,0.00862,0.701688
8943ae50c9bffff,Families,6,11.868174,0.007274,0.593457
8943ae50c9bffff,Families,8,10.480435,0.006424,0.524064
8943ae50c9bffff,Families,10,4.232957,0.002078,0.211704
8943ae50c9bffff,Families,12,3.936965,0.001933,0.1969
8943ae50c9bffff,Families,14,4.116949,0.002203,0.205847
8943ae50c9bffff,Families,16,4.233136,0.002265,0.211657
8943ae50c9bffff,Families,18,24.319669,0.01556,1.215983
8943ae50c9bffff,Families,20,25.605837,0.016383,1.280292
8943ae50c9bffff,Families,22,20.231552,0.012945,1.011578
8943ae50c9bffff,HNWI,0,3.97565,0.001969,0.198783
8943ae50c9bffff,HNWI,2,3.611687,0.001789,0.180584
8943ae50c9bffff,HNWI,4,4.111427,0.002037,0.205571
8943ae50c9bffff,HNWI,6,13.228368,0.00817,0.661467
8943ae50c9bffff,HNWI,8,13.058373,0.008065,0.652967
8943ae50c9bffff,HNWI,10,9.730807,0.005827,0.486491
8943ae50c9bffff,HNWI,12,8.796228,0.005268,0.439767
8943ae50c9bffff,HNWI,14,11.621676,0.00705,0.581084
8943ae50c9bffff,HNWI,16,12.715753,0.007714,0.635788
8943ae50c9bffff,HNWI,18,14.46243,0.009039,0.723167
8943ae50c9bffff,HNWI,20,13.612985,0.008508,0.680692
8943ae50c9bffff,HNWI,22,15.694443,0.009809,0.784771
8943ae50c9bffff,Potential Car Buyers,0,20.553023,0.013122,1.027651
8943ae50c9bffff,Potential Car Buyers,2,19.317615,0.012333,0.965881
8943ae50c9bffff,Potential Car Buyers,4,26.981534,0.017226,1.349077
8943ae50c9bffff,Potential Car Buyers,6,14.628187,0.009043,0.731356
8943ae50c9bffff,Potential Car Buyers,8,14.167927,0.008759,0.708345
8943ae50c9bffff,Potential Car Buyers,10,4.733489,0.002542,0.236628
8943ae50c9bffff,Potential Car Buyers,12,4.573317,0.002456,0.228621
8943ae50c9bffff,Potential Car Buyers,14,5.30673,0.002986,0.265337
8943ae50c9bffff,Potential Car Buyers,16,6.589724,0.003708,0.329486
8943ae50c9bffff,Potential Car Buyers,18,4.61574,0.002535,0.230828
8943ae50c9bffff,Potential Car Buyers,20,4.871786,0.002676,0.243632
8943ae50c9bffff,Potential Car Buyers,22,5.901356,0.003242,0.29512
8943ae50cabffff,Families,0,25.634509,0.016497,1.281725
8943ae50cabffff,Families,2,33.284964,0.02142,1.664248
8943ae50cabffff,Families,4,23.196622,0.014928,1.159831
8943ae50cabffff,Families,6,31.244973,0.020099,1.562249
8943ae50cabffff,Families,8,27.225563,0.017513,1.361278
8943ae50cabffff,Families,10,14.640064,0.009076,0.732003
8943ae50cabffff,Families,12,16.038059,0.009942,0.801903
8943ae50cabffff,Families,14,17.721328,0.011256,0.886108
8943ae50cabffff,Families,16,23.758157,0.01509,1.187964
8943ae50cabffff,Families,18,9.536336,0.005773,0.476861
8943ae50cabffff,Families,20,8.862365,0.005365,0.443159
8943ae50cabffff,Families,22,9.846697,0.005961,0.49238
8943ae50cabffff,HNWI,0,13.966987,0.008663,0.698301
8943ae50cabffff,HNWI,2,12.729789,0.007896,0.636445
8943ae50cabffff,HNWI,4,11.709426,0.007263,0.58543
8943ae50cabffff,HNWI,6,13.76917,0.008525,0.688508
8943ae50cabffff,HNWI,8,11.375531,0.007043,0.568817
8943ae50cabffff,HNWI,10,4.957442,0.002695,0.247918
8943ae50cabffff,HNWI,12,4.370023,0.002376,0.218542
8943ae50cabffff,HNWI,14,25.321187,0.01626,1.266106
8943ae50cabffff,HNWI,16,26.401492,0.016954,1.320123
8943ae50cabffff,HNWI,18,21.613196,0.013864,1.08066
8943ae50cabffff,HNWI,20,26.886235,0.017247,1.344312
8943ae50cabffff,HNWI,22,25.367234,0.016272,1.268362
8943ae50cabffff,Potential Car Buyers,0,29.248581,0.018778,1.462375
8943ae50cabffff,Potential Car Buyers,2,28.182885,0.018094,1.409092
8943ae50cabffff,Potential Car Buyers,4,25.150269,0.016147,1.257467
8943ae50cabffff,Potential Car Buyers,6,24.408435,0.015501,1.22048
8943ae50cabffff,Potential Car Buyers,8,17.038138,0.01082,0.851947
8943ae50cabffff,Potential Car Buyers,10,19.974297,0.012548,0.998773
8943ae50cabffff,Potential Car Buyers,12,16.581688,0.010417,0.829132
8943ae50cabffff,Potential Car Buyers,14,29.014633,0.018545,1.450732
8943ae50cabffff,Potential Car Buyers,16,27.911054,0.017839,1.395553
8943ae50cabffff,Potential Car Buyers,18,7.409446,0.004397,0.370472
8943ae50cabffff,Potential Car Buyers,20,8.667316,0.005143,0.433366
8943ae50cabffff,Potential Car Buyers,22,9.199237,0.005459,0.459962
8943ae50ccbffff,Families,0,24.092826,0.01549,1.204684
8943ae50ccbffff,Families,2,27.948139,0.017969,1.397457
8943ae50ccbffff,Families,4,27.129716,0.017443,1.356534
8943ae50ccbffff,Families,6,20.608336,0.013118,1.030463
8943ae50ccbffff,Families,8,21.022033,0.013382,1.051149
8943ae50ccbffff,Families,10,15.992064,0.010082,0.799647
8943ae50ccbffff,Families,12,17.510886,0.011039,0.875592
8943ae50ccbffff,Families,14,23.500239,0.015047,1.175012
8943ae50ccbffff,Families,16,22.034204,0.014108,1.10171
8943ae50ccbffff,Families,18,22.817045,0.014592,1.140806
8943ae50ccbffff,Families,20,25.185788,0.016107,1.259238
8943ae50ccbffff,Families,22,24.276675,0.015525,1.213784
8943ae50ccbffff,HNWI,0,16.240749,0.010033,0.812037
8943ae50ccbffff,HNWI,2,14.566201,0.008998,0.72831
8943ae50ccbffff,HNWI,4,15.511146,0.009582,0.775557
8943ae50ccbffff,HNWI,6,13.779278,0.008496,0.688964
8943ae50ccbffff,HNWI,8,12.186235,0.007513,0.609312
8943ae50ccbffff,HNWI,10,7.95779,0.004749,0.39789
8943ae50ccbffff,HNWI,12,9.408275,0.005615,0.470414
8943ae50ccbffff,HNWI,14,22.661481,0.014537,1.133074
8943ae50ccbffff,HNWI,16,25.544512,0.016386,1.277226
8943ae50ccbffff,HNWI,18,21.220363,0.013597,1.061059
8943ae50ccbffff,HNWI,20,28.894348,0.018514,1.444774
8943ae50ccbffff,HNWI,22,27.589914,0.017678,1.379549
8943ae50ccbffff,Potential Car Buyers,0,5.28529,0.002825,0.264317
8943ae50ccbffff,Potential Car Buyers,2,5.404166,0.002888,0.270262
8943ae50ccbffff,Potential Car Buyers,4,5.885311,0.003145,0.294324
8943ae50ccbffff,Potential Car Buyers,6,19.629733,0.012444,0.981487
8943ae50ccbffff,Potential Car Buyers,8,17.754716,0.011255,0.887736
8943ae50ccbffff,Potential Car Buyers,10,14.705415,0.009213,0.735271
8943ae50ccbffff,Potential Car Buyers,12,15.700003,0.009836,0.785
8943ae50ccbffff,Potential Car Buyers,14,15.630157,0.009837,0.781464
8943ae50ccbffff,Potential Car Buyers,16,18.394741,0.011577,0.919686
8943ae50ccbffff,Potential Car Buyers,18,23.727662,0.015124,1.186383
8943ae50ccbffff,Potential Car Buyers,20,26.252278,0.016733,1.312614
8943ae50ccbffff,Potential Car Buyers,22,19.074194,0.012158,0.95371
8943ae50d7bffff,Families,0,20.094607,0.012738,1.00478
8943ae50d7bffff,Families,2,17.878136,0.011333,0.893951
8943ae50d7bffff,Families,4,16.595579,0.01052,0.82982
8943ae50d7bffff,Families,6,17.165142,0.010872,0.8583
8943ae50d7bffff,Families,8,21.435928,0.013577,1.07185
8943ae50d7bffff,Families,10,10.353565,0.006254,0.517727
8943ae50d7bffff,Families,12,12.715154,0.007681,0.635817
8943ae50d7bffff,Families,14,19.506643,0.012263,0.975332
8943ae50d7bffff,Families,16,19.32866,0.012151,0.966433
8943ae50d7bffff,Families,18,2.571976,0.001004,0.128599
8943ae50d7bffff,Families,20,2.006205,0.000783,0.10031
8943ae50d7bffff,Families,22,2.013603,0.000786,0.10068
8943ae50d7bffff,HNWI,0,20.744778,0.013184,1.037287
8943ae50d7bffff,HNWI,2,23.133297,0.014702,1.156719
8943ae50d7bffff,HNWI,4,19.403348,0.012332,0.970213
8943ae50d7bffff,HNWI,6,6.714642,0.003721,0.335732
8943ae50d7bffff,HNWI,8,6.700256,0.003713,0.335013
8943ae50d7bffff,HNWI,10,9.6037,0.005856,0.480144
8943ae50d7bffff,HNWI,12,13.861031,0.008452,0.692992
8943ae50d7bffff,HNWI,14,31.033815,0.019967,1.551745
8943ae50d7bffff,HNWI,16,32.639486,0.021,1.632031
8943ae50d7bffff,HNWI,18,8.598886,0.005045,0.429944
8943ae50d7bffff,HNWI,20,6.661158,0.003908,0.333058
8943ae50d7bffff,HNWI,22,9.943814,0.005834,0.497191
8943ae50d7bffff,Potential Car Buyers,0,18.783762,0.011871,0.939237
8943ae50d7bffff,Potential Car Buyers,2,17.085626,0.010798,0.854326
8943ae50d7bffff,Potential Car Buyers,4,18.309882,0.011572,0.915542
8943ae50d7bffff,Potential Car Buyers,6,10.411537,0.006199,0.520577
8943ae50d7bffff,Potential Car Buyers,8,8.626825,0.005137,0.431341
8943ae50d7bffff,Potential Car Buyers,10,4.797898,0.002628,0.239895
8943ae50d7bffff,Potential Car Buyers,12,6.127284,0.003356,0.306364
8943ae50d7bffff,Potential Car Buyers,14,2.030837,0.000684,0.101491
8943ae50d7bffff,Potential Car Buyers,16,1.778369,0.000599,0.088874
8943ae50d7bffff,Potential Car Buyers,18,1.225233,0.000181,0.061262
8943ae50d7bffff,Potential Car Buyers,20,1.494517,0.00022,0.074726
8943ae50d7bffff,Potential Car Buyers,22,1.113302,0.000164,0.055665
8943ae50dabffff,Families,0,10.198045,0.006108,0.509902
8943ae50dabffff,Families,2,10.151638,0.00608,0.507582
8943ae50dabffff,Families,4,8.058012,0.004826,0.402901
8943ae50dabffff,Families,6,25.068942,0.016049,1.253497
8943ae50dabffff,Families,8,23.178487,0.014838,1.15897
8943ae50dabffff,Families,10,21.39482,0.013597,1.069791
8943ae50dabffff,Families,12,18.106303,0.011507,0.905357
8943ae50dabffff,Families,14,22.855682,0.014565,1.142784
8943ae50dabffff,Families,16,26.921451,0.017156,1.346073
8943ae50dabffff,Families,18,17.656181,0.011234,0.882849
8943ae50dabffff,Families,20,24.96811,0.015887,1.248462
8943ae50dabffff,Families,22,18.748982,0.01193,0.937492
8943ae50dabffff,HNWI,0,18.645481,0.011852,0.932274
8943ae50dabffff,HNWI,2,25.548296,0.01624,1.277415
8943ae50dabffff,HNWI,4,21.686766,0.013786,1.084338
8943ae50dabffff,HNWI,6,22.23966,0.014126,1.111983
8943ae50dabffff,HNWI,8,24.636786,0.015649,1.231839
8943ae50dabffff,HNWI,10,7.5202,0.004292,0.37601
8943ae50dabffff,HNWI,12,6.68923,0.003817,0.334461
8943ae50dabffff,HNWI,14,14.440164,0.008931,0.72206
8943ae50dabffff,HNWI,16,11.534581,0.007134,0.576771
8943ae50dabffff,HNWI,18,2.883004,0.001383,0.14411
8943ae50dabffff,HNWI,20,3.851016,0.001847,0.192497
8943ae50dabffff,HNWI,22,4.107477,0.00197,0.205316
8943ae50dabffff,Potential Car Buyers,0,34.552849,0.022267,1.727585
8943ae50dabffff,Potential Car Buyers,2,34.596272,0.022295,1.729756
8943ae50dabffff,Potential Car Buyers,4,32.4895,0.020937,1.624421
8943ae50dabffff,Potential Car Buyers,6,20.411463,0.012931,1.020573
8943ae50dabffff,Potential Car Buyers,8,24.109596,0.015274,1.20548
8943ae50dabffff,Potential Car Buyers,10,17.821285,0.011295,0.891108
8943ae50dabffff,Potential Car Buyers,12,17.142877,0.010865,0.857186
8943ae50dabffff,Potential Car Buyers,14,12.358285,0.007594,0.617866
8943ae50dabffff,Potential Car Buyers,16,13.158525,0.008086,0.657875
8943ae50dabffff,Potential Car Buyers,18,20.050544,0.012576,1.002527
8943ae50dabffff,Potential Car Buyers,20,18.447662,0.011571,0.922383
8943ae50dabffff,Potential Car Buyers,22,15.48913,0.009715,0.774457
8943ae50e57ffff,Families,0,18.142171,0.011491,0.907109
8943ae50e57ffff,Families,2,19.282943,0.012213,0.964147
8943ae50e57ffff,Families,4,22.987402,0.01456,1.14937
8943ae50e57ffff,Families,6,9.766899,0.00587,0.488393
8943ae50e57ffff,Families,8,12.096083,0.00727,0.604864
8943ae50e57ffff,Families,10,11.359664,0.006839,0.567983
8943ae50e57ffff,Families,12,10.828905,0.006519,0.541445
8943ae50e57ffff,Families,14,2.859495,0.001229,0.142975
8943ae50e57ffff,Families,16,3.24606,0.001396,0.162303
8943ae50e57ffff,Families,18,2.3365,0.000809,0.116769
8943ae50e57ffff,Families,20,2.347072,0.000812,0.117297
8943ae50e57ffff,Families,22,2.345992,0.000812,0.117243
8943ae50e57ffff,HNWI,0,20.178876,0.012769,1.008892
8943ae50e57ffff,HNWI,2,17.7295,0.011219,0.88643
8943ae50e57ffff,HNWI,4,19.789042,0.012522,0.989402
8943ae50e57ffff,HNWI,6,21.851416,0.013814,1.092514
8943ae50e57ffff,HNWI,8,19.692477,0.012449,0.984573
8943ae50e57ffff,HNWI,10,5.33686,0.002861,0.266895
8943ae50e57ffff,HNWI,12,5.552939,0.002976,0.277701
8943ae50e57ffff,HNWI,14,12.525449,0.007654,0.626272
8943ae50e57ffff,HNWI,16,11.236162,0.006866,0.561808
8943ae50e57ffff,HNWI,18,1.469998,0.000411,0.0735
8943ae50e57ffff,HNWI,20,1.738954,0.000486,0.086948
8943ae50e57ffff,HNWI,22,1.95134,0.000546,0.097567
8943ae50e57ffff,Potential Car Buyers,0,10.133231,0.006034,0.506716
8943ae50e57ffff,Potential Car Buyers,2,9.31441,0.005546,0.46577
8943ae50e57ffff,Potential Car Buyers,4,9.178096,0.005465,0.458954
8943ae50e57ffff,Potential Car Buyers,6,9.459414,0.005608,0.472918
8943ae50e57ffff,Potential Car Buyers,8,9.202543,0.005455,0.460076
8943ae50e57ffff,Potential Car Buyers,10,4.903221,0.002649,0.245114
8943ae50e57ffff,Potential Car Buyers,12,5.059743,0.002733,0.252939
8943ae50e57ffff,Potential Car Buyers,14,1.759477,0.000477,0.087974
8943ae50e57ffff,Potential Car Buyers,16,1.409828,0.000383,0.070491
8943ae50e57ffff,Potential Car Buyers,18,17.681656,0.011238,0.884083
8943ae50e57ffff,Potential Car Buyers,20,19.486413,0.012385,0.974321
8943ae50e57ffff,Potential Car Buyers,22,18.82077,0.011962,0.941038
8943ae528afffff,Families,0,20.213331,0.012805,1.010667
8943ae528afffff,Families,2,17.662167,0.011189,0.883108
8943ae528afffff,Families,4,23.751628,0.015047,1.187581
8943ae528afffff,Families,6,21.718878,0.013747,1.085944
8943ae528afffff,Families,8,22.846998,0.014461,1.14235
8943ae528afffff,Families,10,14.60704,0.00913,0.730352
8943ae528afffff,Families,12,17.2472,0.010781,0.86236
8943ae528afffff,Families,14,14.019707,0.008595,0.700929
8943ae528afffff,Families,16,12.918337,0.00792,0.645865
8943ae528afffff,Families,18,1.730767,0.000621,0.086578
8943ae528afffff,Families,20,2.351276,0.000843,0.117618
8943ae528afffff,Families,22,2.351298,0.000843,0.117619
8943ae528afffff,HNWI,0,10.55175,0.00641,0.527634
8943ae528afffff,HNWI,2,11.087635,0.006736,0.554431
8943ae528afffff,HNWI,4,10.652447,0.006471,0.53267
8943ae528afffff,HNWI,6,1.642841,0.000312,0.082142
8943ae528afffff,HNWI,8,1.173882,0.000223,0.058694
8943ae528afffff,HNWI,10,1.427474,0.000341,0.071328
8943ae528afffff,HNWI,12,1.640774,0.000391,0.081986
8943ae528afffff,HNWI,14,20.071637,0.012826,1.003624
8943ae528afffff,HNWI,16,27.325912,0.017461,1.366352
8943ae528afffff,HNWI,18,26.434689,0.016869,1.321734
8943ae528afffff,HNWI,20,22.527513,0.014376,1.126376
8943ae528afffff,HNWI,22,24.108256,0.015384,1.205413
8943ae528afffff,Potential Car Buyers,0,5.502172,0.003037,0.275061
8943ae528afffff,Potential Car Buyers,2,6.763571,0.003733,0.33812
8943ae528afffff,Potential Car Buyers,4,5.714794,0.003154,0.28569
8943ae528afffff,Potential Car Buyers,6,17.074542,0.010844,0.853727
8943ae528afffff,Potential Car Buyers,8,17.732862,0.011262,0.886643
8943ae528afffff,Potential Car Buyers,10,25.694919,0.016494,1.284794
8943ae528afffff,Potential Car Buyers,12,30.088175,0.019314,1.504465
8943ae528afffff,Potential Car Buyers,14,14.919963,0.009413,0.746038
8943ae528afffff,Potential Car Buyers,16,16.760451,0.010574,0.838068
8943ae528afffff,Potential Car Buyers,18,14.932603,0.009399,0.74663
8943ae528afffff,Potential Car Buyers,20,19.206343,0.012089,0.960317
8943ae528afffff,Potential Car Buyers,22,17.131799,0.010784,0.85659
8943ae52957ffff,Families,0,23.352683,0.015018,1.167593
8943ae52957ffff,Families,2,29.112372,0.018722,1.455567
8943ae52957ffff,Families,4,22.704499,0.014601,1.135185
8943ae52957ffff,Families,6,21.360997,0.013467,1.06805
8943ae52957ffff,Families,8,14.720646,0.009281,0.736032
8943ae52957ffff,Families,10,25.994687,0.016613,1.299788
8943ae52957ffff,Families,12,26.408635,0.016878,1.320486
8943ae52957ffff,Families,14,12.182411,0.007388,0.609176
8943ae52957ffff,Families,16,13.14582,0.007972,0.65735
8943ae52957ffff,Families,18,16.723849,0.010613,0.836192
8943ae52957ffff,Families,20,21.745408,0.0138,1.08727
8943ae52957ffff,Families,22,17.818329,0.011308,0.890916
8943ae52957ffff,HNWI,0,24.768223,0.015832,1.238411
8943ae52957ffff,HNWI,2,27.055968,0.017295,1.352798
8943ae52957ffff,HNWI,4,24.12584,0.015422,1.206292
8943ae52957ffff,HNWI,6,8.886539,0.005305,0.44428
8943ae52957ffff,HNWI,8,9.898711,0.005909,0.494884
8943ae52957ffff,HNWI,10,6.131023,0.003383,0.306498
8943ae52957ffff,HNWI,12,6.364816,0.003512,0.318186
8943ae52957ffff,HNWI,14,7.751897,0.004438,0.387595
8943ae52957ffff,HNWI,16,5.9194,0.003389,0.29597
8943ae52957ffff,HNWI,18,6.034393,0.003388,0.301672
8943ae52957ffff,HNWI,20,6.82887,0.003835,0.34139
8943ae52957ffff,HNWI,22,6.764927,0.003799,0.338193
8943ae52957ffff,Potential Car Buyers,0,22.355073,0.014262,1.117754
8943ae52957ffff,Potential Car Buyers,2,25.937154,0.016547,1.296858
8943ae52957ffff,Potential Car Buyers,4,22.872763,0.014592,1.143638
8943ae52957ffff,Potential Car Buyers,6,22.267021,0.014196,1.113351
8943ae52957ffff,Potential Car Buyers,8,21.712569,0.013843,1.085628
8943ae52957ffff,Potential Car Buyers,10,19.043087,0.012032,0.952154
8943ae52957ffff,Potential Car Buyers,12,18.875457,0.011926,0.943773
8943ae52957ffff,Potential Car Buyers,14,21.362199,0.013544,1.068162
8943ae52957ffff,Potential Car Buyers,16,22.165493,0.014053,1.108329
8943ae52957ffff,Potential Car Buyers,18,5.900193,0.003189,0.294954
8943ae52957ffff,Potential Car Buyers,20,5.058936,0.002734,0.252899
8943ae52957ffff,Potential Car Buyers,22,6.27936,0.003394,0.313908
8943ae52963ffff,Families,0,4.556554,0.002499,0.227828
8943ae52963ffff,Families,2,4.506989,0.002471,0.225349
8943ae52963ffff,Families,4,4.920725,0.002698,0.246036
8943ae52963ffff,Families,6,4.927345,0.002666,0.246367
8943ae52963ffff,Families,8,4.278374,0.002314,0.213919
8943ae52963ffff,Families,10,1.297542,0.000306,0.064877
8943ae52963ffff,Families,12,1.831222,0.000432,0.091561
8943ae52963ffff,Families,14,27.655727,0.017779,1.382737
8943ae52963ffff,Families,16,28.936616,0.018602,1.446779
8943ae52963ffff,Families,18,17.516119,0.011019,0.875756
8943ae52963ffff,Families,20,16.225987,0.010207,0.811254
8943ae52963ffff,Families,22,16.540817,0.010405,0.826994
8943ae52963ffff,HNWI,0,13.621535,0.008388,0.681129
8943ae52963ffff,HNWI,2,11.405323,0.007023,0.57031
8943ae52963ffff,HNWI,4,11.802933,0.007268,0.590192
8943ae52963ffff,HNWI,6,14.836582,0.009116,0.741887
8943ae52963ffff,HNWI,8,13.177183,0.008097,0.658911
8943ae52963ffff,HNWI,10,10.558601,0.006258,0.527989
8943ae52963ffff,HNWI,12,9.817953,0.005819,0.490952
8943ae52963ffff,HNWI,14,11.838806,0.007125,0.59194
8943ae52963ffff,HNWI,16,12.066666,0.007262,0.603333
8943ae52963ffff,HNWI,18,26.34613,0.016867,1.317307
8943ae52963ffff,HNWI,20,24.084354,0.015419,1.204218
8943ae52963ffff,HNWI,22,20.549685,0.013156,1.027484
8943ae52963ffff,Potential Car Buyers,0,11.751254,0.007061,0.587563
8943ae52963ffff,Potential Car Buyers,2,8.573941,0.005152,0.428697
8943ae52963ffff,Potential Car Buyers,4,10.464147,0.006287,0.523207
8943ae52963ffff,Potential Car Buyers,6,30.576719,0.019712,1.528886
8943ae52963ffff,Potential Car Buyers,8,34.296458,0.02211,1.71488
8943ae52963ffff,Potential Car Buyers,10,14.566453,0.009107,0.728277
8943ae52963ffff,Potential Car Buyers,12,17.972967,0.011236,0.898592
8943ae52963ffff,Potential Car Buyers,14,22.901338,0.014603,1.145067
8943ae52963ffff,Potential Car Buyers,16,21.355856,0.013617,1.067793
8943ae52963ffff,Potential Car Buyers,18,17.847887,0.011363,0.892435
8943ae52963ffff,Potential Car Buyers,20,21.188679,0.01349,1.059482
8943ae52963ffff,Potential Car Buyers,22,22.611378,0.014396,1.13062
8943ae52a73ffff,Families,0,20.084645,0.012815,1.004232
8943ae52a73ffff,Families,2,21.198224,0.013525,1.059911
8943ae52a73ffff,Families,4,24.351815,0.015537,1.217591
8943ae52a73ffff,Families,6,11.954726,0.007376,0.597781
8943ae52a73ffff,Families,8,11.759992,0.007255,0.588043
8943ae52a73ffff,Families,10,20.245242,0.012794,1.012262
8943ae52a73ffff,Families,12,19.031907,0.012027,0.951595
8943ae52a73ffff,Families,14,5.731511,0.003192,0.286576
8943ae52a73ffff,Families,16,6.16636,0.003434,0.308318
8943ae52a73ffff,Families,18,5.222207,0.002829,0.261159
8943ae52a73ffff,Families,20,5.815111,0.00315,0.29081
8943ae52a73ffff,Families,22,4.797379,0.002599,0.239914
8943ae52a73ffff,HNWI,0,5.12602,0.002802,0.256255
8943ae52a73ffff,HNWI,2,4.557602,0.002491,0.227839
8943ae52a73ffff,HNWI,4,5.615033,0.003069,0.280701
8943ae52a73ffff,HNWI,6,23.591268,0.014974,1.179563
8943ae52a73ffff,HNWI,8,18.36993,0.01166,0.918497
8943ae52a73ffff,HNWI,10,16.76315,0.010523,0.838157
8943ae52a73ffff,HNWI,12,19.384037,0.012168,0.969202
8943ae52a73ffff,HNWI,14,17.835875,0.011244,0.891842
8943ae52a73ffff,HNWI,16,15.651467,0.009867,0.782616
8943ae52a73ffff,HNWI,18,24.249773,0.015472,1.212489
8943ae52a73ffff,HNWI,20,24.288355,0.015497,1.214418
8943ae52a73ffff,HNWI,22,25.14459,0.016043,1.25723
8943ae52a73ffff,Potential Car Buyers,0,19.042696,0.011999,0.952083
8943ae52a73ffff,Potential Car Buyers,2,19.1587,0.012072,0.957882
8943ae52a73ffff,Potential Car Buyers,4,17.645366,0.011119,0.88222
8943ae52a73ffff,Potential Car Buyers,6,17.851854,0.011237,0.892643
8943ae52a73ffff,Potential Car Buyers,8,19.647285,0.012367,0.982419
8943ae52a73ffff,Potential Car Buyers,10,8.666141,0.0051,0.433358
8943ae52a73ffff,Potential Car Buyers,12,10.126975,0.00596,0.506408
8943ae52a73ffff,Potential Car Buyers,14,0.967146,1.8e-05,0.04831
8943ae52a73ffff,Potential Car Buyers,16,0.90149,1.7e-05,0.045031
8943ae52a73ffff,Potential Car Buyers,18,36.063838,0.02325,1.803192
8943ae52a73ffff,Potential Car Buyers,20,28.366035,0.018287,1.418302
8943ae52a73ffff,Potential Car Buyers,22,31.200154,0.020114,1.560008
8943ae52aabffff,Families,0,24.452105,0.015737,1.222605
8943ae52aabffff,Families,2,33.256546,0.021403,1.662827
8943ae52aabffff,Families,4,30.025984,0.019324,1.501299
8943ae52aabffff,Families,6,28.96371,0.018632,1.448186
8943ae52aabffff,Families,8,28.278907,0.018192,1.413945
8943ae52aabffff,Families,10,24.55889,0.015712,1.227945
8943ae52aabffff,Families,12,23.026495,0.014731,1.151325
8943ae52aabffff,Families,14,20.155216,0.012803,1.007808
8943ae52aabffff,Families,16,22.708443,0.014424,1.135476
8943ae52aabffff,Families,18,8.870703,0.005372,0.443576
8943ae52aabffff,Families,20,10.476485,0.006344,0.523872
8943ae52aabffff,Families,22,9.936103,0.006017,0.496851
8943ae52aabffff,HNWI,0,18.427161,0.011552,0.921413
8943ae52aabffff,HNWI,2,17.286912,0.010837,0.864397
8943ae52aabffff,HNWI,4,14.074442,0.008823,0.703764
8943ae52aabffff,HNWI,6,19.159772,0.011995,0.95793
8943ae52aabffff,HNWI,8,19.360003,0.012121,0.967941
8943ae52aabffff,HNWI,10,2.410754,0.000873,0.120483
8943ae52aabffff,HNWI,12,2.346559,0.000849,0.117274
8943ae52aabffff,HNWI,14,23.804997,0.015334,1.19021
8943ae52aabffff,HNWI,16,27.392056,0.017644,1.369556
8943ae52aabffff,HNWI,18,34.165491,0.021988,1.708275
8943ae52aabffff,HNWI,20,27.255989,0.017541,1.362799
8943ae52aabffff,HNWI,22,25.068733,0.016133,1.253437
8943ae52aabffff,Potential Car Buyers,0,20.334783,0.012885,1.016689
8943ae52aabffff,Potential Car Buyers,2,23.457397,0.014864,1.172812
8943ae52aabffff,Potential Car Buyers,4,19.32542,0.012245,0.966223
8943ae52aabffff,Potential Car Buyers,6,32.787675,0.021127,1.639384
8943ae52aabffff,Potential Car Buyers,8,29.230329,0.018835,1.461516
8943ae52aabffff,Potential Car Buyers,10,22.692211,0.014549,1.134611
8943ae52aabffff,Potential Car Buyers,12,23.153151,0.014845,1.157658
8943ae52aabffff,Potential Car Buyers,14,29.871113,0.019187,1.49361
8943ae52aabffff,Potential Car Buyers,16,31.961582,0.02053,1.598138
8943ae52aabffff,Potential Car Buyers,18,2.017409,0.000744,0.10087
8943ae52aabffff,Potential Car Buyers,20,1.994288,0.000736,0.099714
8943ae52aabffff,Potential Car Buyers,22,2.163218,0.000798,0.108161
8943ae52b53ffff,Families,0,13.242738,0.008125,0.662137
8943ae52b53ffff,Families,2,13.569291,0.008325,0.678465
8943ae52b53ffff,Families,4,14.973956,0.009187,0.748698
8943ae52b53ffff,Families,6,13.771235,0.008429,0.688562
8943ae52b53ffff,Families,8,9.913641,0.006068,0.495682
8943ae52b53ffff,Families,10,3.50805,0.00169,0.175403
8943ae52b53ffff,Families,12,4.182243,0.002014,0.209112
8943ae52b53ffff,Families,14,23.538663,0.015074,1.176933
8943ae52b53ffff,Families,16,27.600732,0.017675,1.380037
8943ae52b53ffff,Families,18,22.938153,0.014672,1.146954
8943ae52b53ffff,Families,20,22.299109,0.014263,1.115001
8943ae52b53ffff,Families,22,29.348769,0.018772,1.467498
8943ae52b53ffff,HNWI,0,20.298595,0.012856,1.014981
8943ae52b53ffff,HNWI,2,21.56541,0.013658,1.078324
8943ae52b53ffff,HNWI,4,21.667482,0.013723,1.083428
8943ae52b53ffff,HNWI,6,9.449044,0.005678,0.472452
8943ae52b53ffff,HNWI,8,8.927965,0.005365,0.446398
8943ae52b53ffff,HNWI,10,13.910827,0.008691,0.695585
8943ae52b53ffff,HNWI,12,15.1926,0.009492,0.759678
8943ae52b53ffff,HNWI,14,3.043418,0.001303,0.152225
8943ae52b53ffff,HNWI,16,2.733785,0.001171,0.136738
8943ae52b53ffff,HNWI,18,1.973143,0.000677,0.098657
8943ae52b53ffff,HNWI,20,1.831444,0.000628,0.091572
8943ae52b53ffff,HNWI,22,1.713059,0.000587,0.085653
8943ae52b53ffff,Potential Car Buyers,0,8.733822,0.005046,0.436749
8943ae52b53ffff,Potential Car Buyers,2,7.56022,0.004368,0.378061
8943ae52b53ffff,Potential Car Buyers,4,7.946503,0.004591,0.397378
8943ae52b53ffff,Potential Car Buyers,6,26.315664,0.016888,1.315832
8943ae52b53ffff,Potential Car Buyers,8,27.811652,0.017848,1.390635
8943ae52b53ffff,Potential Car Buyers,10,24.318947,0.015507,1.216
8943ae52b53ffff,Potential Car Buyers,12,26.739644,0.017051,1.33704
8943ae52b53ffff,Potential Car Buyers,14,23.34617,0.014922,1.167309
8943ae52b53ffff,Potential Car Buyers,16,20.937604,0.013383,1.04688
8943ae52b53ffff,Potential Car Buyers,18,23.284777,0.014731,1.164239
8943ae52b53ffff,Potential Car Buyers,20,17.627286,0.011152,0.881364
8943ae52b53ffff,Potential Car Buyers,22,21.400382,0.013539,1.070019
8943ae52b7bffff,Families,0,24.887404,0.015845,1.244426
8943ae52b7bffff,Families,2,21.679319,0.013803,1.084015
8943ae52b7bffff,Families,4,21.152108,0.013467,1.057653
8943ae52b7bffff,Families,6,17.631289,0.011032,0.881619
8943ae52b7bffff,Families,8,17.976291,0.011247,0.89887
8943ae52b7bffff,Families,10,13.750545,0.008434,0.687582
8943ae52b7bffff,Families,12,13.067678,0.008015,0.653436
8943ae52b7bffff,Families,14,12.741548,0.007878,0.637077
8943ae52b7bffff,Families,16,14.961634,0.009251,0.748082
8943ae52b7bffff,Families,18,4.05112,0.002069,0.202556
8943ae52b7bffff,Families,20,3.804997,0.001943,0.19025
8943ae52b7bffff,Families,22,4.892139,0.002499,0.244607
8943ae52b7bffff,HNWI,0,10.408799,0.006389,0.52044
8943ae52b7bffff,HNWI,2,13.154359,0.008074,0.657718
8943ae52b7bffff,HNWI,4,12.284377,0.00754,0.614219
8943ae52b7bffff,HNWI,6,25.896052,0.016646,1.294756
8943ae52b7bffff,HNWI,8,29.863541,0.019196,1.493124
8943ae52b7bffff,HNWI,10,3.902453,0.001893,0.195123
8943ae52b7bffff,HNWI,12,3.716212,0.001802,0.185811
8943ae52b7bffff,HNWI,14,21.118876,0.013526,1.055944
8943ae52b7bffff,HNWI,16,27.69345,0.017737,1.384672
8943ae52b7bffff,HNWI,18,26.837809,0.017168,1.341945
8943ae52b7bffff,HNWI,20,29.360377,0.018781,1.468078
8943ae52b7bffff,HNWI,22,20.196084,0.012919,1.009845
8943ae52b7bffff,Potential Car Buyers,0,19.699355,0.012465,0.984968
8943ae52b7bffff,Potential Car Buyers,2,18.318522,0.011592,0.915926
8943ae52b7bffff,Potential Car Buyers,4,17.372956,0.010993,0.868648
8943ae52b7bffff,Potential Car Buyers,6,21.152434,0.013373,1.057622
8943ae52b7bffff,Potential Car Buyers,8,15.73368,0.009947,0.786684
8943ae52b7bffff,Potential Car Buyers,10,10.295833,0.006224,0.514792
8943ae52b7bffff,Potential Car Buyers,12,9.711812,0.005871,0.485591
8943ae52b7bffff,Potential Car Buyers,14,11.290383,0.0069,0.564566
8943ae52b7bffff,Potential Car Buyers,16,13.626588,0.008327,0.681386
8943ae52b7bffff,Potential Car Buyers,18,1.574943,0.000441,0.078793
8943ae52b7bffff,Potential Car Buyers,20,1.557868,0.000437,0.077939
8943ae52b7bffff,Potential Car Buyers,22,1.452782,0.000407,0.072681
8943ae52c67ffff,Families,0,4.107706,0.002109,0.205385
8943ae52c67ffff,Families,2,4.806247,0.002467,0.240312
8943ae52c67ffff,Families,4,4.480032,0.0023,0.224002
8943ae52c67ffff,Families,6,3.872703,0.001939,0.193635
8943ae52c67ffff,Families,8,4.497251,0.002252,0.224863
8943ae52c67ffff,Families,10,25.205957,0.016123,1.260298
8943ae52c67ffff,Families,12,24.910205,0.015934,1.24551
8943ae52c67ffff,Families,14,1.501743,0.000348,0.075136
8943ae52c67ffff,Families,16,1.643789,0.000381,0.082243
8943ae52c67ffff,Families,18,16.055782,0.010053,0.802838
8943ae52c67ffff,Families,20,14.420872,0.009029,0.721088
8943ae52c67ffff,Families,22,17.386373,0.010886,0.869372
8943ae52c67ffff,HNWI,0,25.130646,0.016192,1.256532
8943ae52c67ffff,HNWI,2,33.166257,0.02137,1.658313
8943ae52c67ffff,HNWI,4,34.308925,0.022106,1.715446
8943ae52c67ffff,HNWI,6,21.774211,0.013789,1.088765
8943ae52c67ffff,HNWI,8,18.762933,0.011882,0.938194
8943ae52c67ffff,HNWI,10,25.606196,0.016408,1.28031
8943ae52c67ffff,HNWI,12,24.622351,0.015777,1.231118
8943ae52c67ffff,HNWI,14,11.994597,0.007363,0.59973
8943ae52c67ffff,HNWI,16,14.049679,0.008624,0.702484
8943ae52c67ffff,HNWI,18,12.845344,0.007843,0.642321
8943ae52c67ffff,HNWI,20,11.093717,0.006774,0.554733
8943ae52c67ffff,HNWI,22,12.921424,0.00789,0.646126
8943ae52c67ffff,Potential Car Buyers,0,2.783067,0.001279,0.139153
8943ae52c67ffff,Potential Car Buyers,2,2.818678,0.001295,0.140934
8943ae52c67ffff,Potential Car Buyers,4,3.013575,0.001385,0.150679
8943ae52c67ffff,Potential Car Buyers,6,21.293597,0.013589,1.064725
8943ae52c67ffff,Potential Car Buyers,8,21.781333,0.0139,1.089113
8943ae52c67ffff,Potential Car Buyers,10,15.709542,0.009765,0.78553
8943ae52c67ffff,Potential Car Buyers,12,14.894292,0.009258,0.744765
8943ae52c67ffff,Potential Car Buyers,14,13.48668,0.008431,0.674334
8943ae52c67ffff,Potential Car Buyers,16,12.903349,0.008066,0.645167
8943ae52c67ffff,Potential Car Buyers,18,14.484518,0.009026,0.724273
8943ae52c67ffff,Potential Car Buyers,20,17.49748,0.010903,0.874931
8943ae52c67ffff,Potential Car Buyers,22,16.561579,0.01032,0.828133
8943ae52e73ffff,Families,0,18.687608,0.011787,0.934431
8943ae52e73ffff,Families,2,20.826967,0.013136,1.041405
8943ae52e73ffff,Families,4,17.280331,0.010899,0.864063
8943ae52e73ffff,Families,6,21.832612,0.013757,1.091691
8943ae52e73ffff,Families,8,20.045835,0.012631,1.002347
8943ae52e73ffff,Families,10,15.893467,0.009863,0.794728
8943ae52e73ffff,Families,12,14.425304,0.008952,0.721315
8943ae52e73ffff,Families,14,12.945409,0.007838,0.64727
8943ae52e73ffff,Families,16,12.879102,0.007797,0.643955
8943ae52e73ffff,Families,18,36.2603,0.023385,1.813015
8943ae52e73ffff,Families,20,33.835682,0.021821,1.691784
8943ae52e73ffff,Families,22,35.22507,0.022717,1.761253
8943ae52e73ffff,HNWI,0,9.840941,0.005885,0.492047
8943ae52e73ffff,HNWI,2,8.84931,0.005292,0.442466
8943ae52e73ffff,HNWI,4,11.525734,0.006893,0.576287
8943ae52e73ffff,HNWI,6,25.300891,0.016172,1.264992
8943ae52e73ffff,HNWI,8,23.694751,0.015146,1.184689
8943ae52e73ffff,HNWI,10,31.863948,0.020536,1.593197
8943ae52e73ffff,HNWI,12,29.246699,0.018849,1.462335
8943ae52e73ffff,HNWI,14,14.170143,0.008889,0.708507
8943ae52e73ffff,HNWI,16,16.950193,0.010632,0.84751
8943ae52e73ffff,HNWI,18,22.254737,0.014156,1.112788
8943ae52e73ffff,HNWI,20,18.763242,0.011935,0.938205
8943ae52e73ffff,HNWI,22,23.98001,0.015254,1.199056
8943ae52e73ffff,Potential Car Buyers,0,17.358193,0.010882,0.86791
8943ae52e73ffff,Potential Car Buyers,2,15.632273,0.0098,0.781614
8943ae52e73ffff,Potential Car Buyers,4,14.7936,0.009274,0.73968
8943ae52e73ffff,Potential Car Buyers,6,15.589148,0.009761,0.779457
8943ae52e73ffff,Potential Car Buyers,8,18.443272,0.011548,0.922164
8943ae52e73ffff,Potential Car Buyers,10,8.308624,0.004755,0.415431
8943ae52e73ffff,Potential Car Buyers,12,7.165383,0.004101,0.358269
8943ae52e73ffff,Potential Car Buyers,14,12.61591,0.007808,0.630841
8943ae52e73ffff,Potential Car Buyers,16,16.111114,0.009971,0.805614
8943ae52e73ffff,Potential Car Buyers,18,3.997565,0.001942,0.199933
8943ae52e73ffff,Potential Car Buyers,20,4.167866,0.002024,0.20845
8943ae52e73ffff,Potential Car Buyers,22,2.972338,0.001444,0.148657
8943ae57633ffff,Families,0,5.918302,0.003268,0.295915
8943ae57633ffff,Families,2,5.101048,0.002817,0.255052
8943ae57633ffff,Families,4,4.849187,0.002678,0.242459
8943ae57633ffff,Families,6,30.831582,0.019764,1.54152
8943ae57633ffff,Families,8,27.306066,0.017504,1.365251
8943ae57633ffff,Families,10,20.58916,0.012937,1.029399
8943ae57633ffff,Families,12,15.116406,0.009498,0.755777
8943ae57633ffff,Families,14,21.565315,0.013606,1.078266
8943ae57633ffff,Families,16,15.756724,0.009942,0.787836
8943ae57633ffff,Families,18,21.138898,0.013306,1.057004
8943ae57633ffff,Families,20,20.115791,0.012662,1.005846
8943ae57633ffff,Families,22,19.520828,0.012288,0.976096
8943ae57633ffff,HNWI,0,14.334102,0.00901,0.716705
8943ae57633ffff,HNWI,2,19.306801,0.012135,0.96534
8943ae57633ffff,HNWI,4,18.447572,0.011595,0.922379
8943ae57633ffff,HNWI,6,11.167622,0.0068,0.558381
8943ae57633ffff,HNWI,8,10.8298,0.006594,0.54149
8943ae57633ffff,HNWI,10,3.221753,0.001413,0.161088
8943ae57633ffff,HNWI,12,2.374515,0.001042,0.118726
8943ae57633ffff,HNWI,14,8.324151,0.004984,0.416165
8943ae57633ffff,HNWI,16,8.74155,0.005234,0.437033
8943ae57633ffff,HNWI,18,28.466903,0.018337,1.423297
8943ae57633ffff,HNWI,20,33.906433,0.02184,1.695264
8943ae57633ffff,HNWI,22,29.185437,0.018799,1.459222
8943ae57633ffff,Potential Car Buyers,0,25.8111,0.016649,1.290597
8943ae57633ffff,Potential Car Buyers,2,24.902137,0.016063,1.245147
8943ae57633ffff,Potential Car Buyers,4,26.336839,0.016988,1.316885
8943ae57633ffff,Potential Car Buyers,6,26.336461,0.016982,1.316866
8943ae57633ffff,Potential Car Buyers,8,35.035703,0.022591,1.751843
8943ae57633ffff,Potential Car Buyers,10,14.178798,0.008871,0.708984
8943ae57633ffff,Potential Car Buyers,12,15.550175,0.009729,0.777557
8943ae57633ffff,Potential Car Buyers,14,11.966856,0.007392,0.598387
8943ae57633ffff,Potential Car Buyers,16,13.982611,0.008637,0.699182
8943ae57633ffff,Potential Car Buyers,18,14.263829,0.008771,0.713191
8943ae57633ffff,Potential Car Buyers,20,10.501823,0.006458,0.525091
8943ae57633ffff,Potential Car Buyers,22,15.312854,0.009416,0.765643
8943aeb29afffff,Families,0,12.415077,0.00766,0.620754
8943aeb29afffff,Families,2,14.933581,0.009214,0.746679
8943aeb29afffff,Families,4,13.633989,0.008412,0.681699
8943aeb29afffff,Families,6,13.323375,0.008204,0.666169
8943aeb29afffff,Families,8,13.137229,0.008089,0.656861
8943aeb29afffff,Families,10,9.771041,0.005816,0.488552
8943aeb29afffff,Families,12,7.666692,0.004564,0.383335
8943aeb29afffff,Families,14,12.338621,0.00745,0.616873
8943aeb29afffff,Families,16,10.215867,0.006168,0.510745
8943aeb29afffff,Families,18,27.018248,0.017419,1.350957
8943aeb29afffff,Families,20,32.449317,0.020921,1.622519
8943aeb29afffff,Families,22,24.505931,0.015799,1.225337
8943aeb29afffff,HNWI,0,10.856384,0.006471,0.542877
8943aeb29afffff,HNWI,2,10.097993,0.006018,0.504953
8943aeb29afffff,HNWI,4,9.065075,0.005403,0.453302
8943aeb29afffff,HNWI,6,8.246446,0.004894,0.412277
8943aeb29afffff,HNWI,8,10.33974,0.006136,0.51693
8943aeb29afffff,HNWI,10,22.182572,0.014195,1.109173
8943aeb29afffff,HNWI,12,20.061559,0.012838,1.003118
8943aeb29afffff,HNWI,14,19.599469,0.01248,0.980018
8943aeb29afffff,HNWI,16,23.349295,0.014867,1.167517
8943aeb29afffff,HNWI,18,18.196068,0.011567,0.909803
8943aeb29afffff,HNWI,20,21.463081,0.013644,1.073154
8943aeb29afffff,HNWI,22,19.450494,0.012365,0.972525
8943aeb29afffff,Potential Car Buyers,0,30.885897,0.019885,1.544348
8943aeb29afffff,Potential Car Buyers,2,27.288086,0.017568,1.364451
8943aeb29afffff,Potential Car Buyers,4,28.330761,0.01824,1.416587
8943aeb29afffff,Potential Car Buyers,6,30.342731,0.019527,1.517189
8943aeb29afffff,Potential Car Buyers,8,34.108253,0.02195,1.705472
8943aeb29afffff,Potential Car Buyers,10,29.928024,0.019157,1.496461
8943aeb29afffff,Potential Car Buyers,12,23.060685,0.014761,1.15308
8943aeb29afffff,Potential Car Buyers,14,10.32586,0.006308,0.516336
8943aeb29afffff,Potential Car Buyers,16,11.77502,0.007194,0.5888
8943aeb29afffff,Potential Car Buyers,18,11.077131,0.006727,0.553857
8943aeb29afffff,Potential Car Buyers,20,11.34798,0.006891,0.567399
8943aeb29afffff,Potential Car Buyers,22,10.965295,0.006659,0.548265
8943aeb2ba3ffff,Families,0,25.675674,0.016451,1.283734
8943aeb2ba3ffff,Families,2,26.432396,0.016936,1.321568
8943aeb2ba3ffff,Families,4,26.943466,0.017264,1.347121
8943aeb2ba3ffff,Families,6,29.668168,0.018999,1.483467
8943aeb2ba3ffff,Families,8,21.445156,0.013733,1.0723
8943aeb2ba3ffff,Families,10,18.364251,0.011677,0.918255
8943aeb2ba3ffff,Families,12,21.489691,0.013664,1.074534
8943aeb2ba3ffff,Families,14,20.221787,0.012892,1.011089
8943aeb2ba3ffff,Families,16,20.588429,0.013126,1.029421
8943aeb2ba3ffff,Families,18,8.367133,0.004859,0.418357
8943aeb2ba3ffff,Families,20,9.072847,0.005269,0.453642
8943aeb2ba3ffff,Families,22,6.882388,0.003997,0.344119
8943aeb2ba3ffff,HNWI,0,24.204459,0.015393,1.210223
8943aeb2ba3ffff,HNWI,2,21.311496,0.013554,1.065575
8943aeb2ba3ffff,HNWI,4,23.572904,0.014992,1.178645
8943aeb2ba3ffff,HNWI,6,1.622224,0.000293,0.08117
8943aeb2ba3ffff,HNWI,8,1.396558,0.000252,0.069879
8943aeb2ba3ffff,HNWI,10,5.963383,0.00342,0.298169
8943aeb2ba3ffff,HNWI,12,7.409042,0.004249,0.370452
8943aeb2ba3ffff,HNWI,14,26.201196,0.016742,1.31006
8943aeb2ba3ffff,HNWI,16,20.745558,0.013256,1.037278
8943aeb2ba3ffff,HNWI,18,3.582736,0.001756,0.179184
8943aeb2ba3ffff,HNWI,20,3.82806,0.001876,0.191454
8943aeb2ba3ffff,HNWI,22,3.968757,0.001945,0.19849
8943aeb2ba3ffff,Potential Car Buyers,0,25.49233,0.016404,1.274617
8943aeb2ba3ffff,Potential Car Buyers,2,31.362642,0.020182,1.568132
8943aeb2ba3ffff,Potential Car Buyers,4,27.230405,0.017523,1.36152
8943aeb2ba3ffff,Potential Car Buyers,6,32.029736,0.020603,1.601487
8943aeb2ba3ffff,Potential Car Buyers,8,23.664716,0.015222,1.183236
8943aeb2ba3ffff,Potential Car Buyers,10,12.755438,0.007905,0.637772
8943aeb2ba3ffff,Potential Car Buyers,12,14.375825,0.00891,0.718791
8943aeb2ba3ffff,Potential Car Buyers,14,21.525242,0.01367,1.076313
8943aeb2ba3ffff,Potential Car Buyers,16,22.336995,0.014186,1.116903
8943aeb2ba3ffff,Potential Car Buyers,18,10.206104,0.006176,0.510352
8943aeb2ba3ffff,Potential Car Buyers,20,9.530133,0.005767,0.476551
8943aeb2ba3ffff,Potential Car Buyers,22,11.994809,0.007259,0.599796
8943aeb626fffff,Families,0,28.463216,0.018354,1.423161
8943aeb626fffff,Families,2,30.866269,0.019903,1.543313
8943aeb626fffff,Families,4,31.42626,0.020265,1.571313
8943aeb626fffff,Families,6,25.378511,0.016359,1.268926
8943aeb626fffff,Families,8,24.284524,0.015654,1.214226
8943aeb626fffff,Families,10,25.502904,0.016214,1.275145
8943aeb626fffff,Families,12,23.727983,0.015086,1.186399
8943aeb626fffff,Families,14,11.99793,0.007398,0.599897
8943aeb626fffff,Families,16,15.418291,0.009507,0.770915
8943aeb626fffff,Families,18,13.545824,0.008313,0.677345
8943aeb626fffff,Families,20,12.387205,0.007602,0.61941
8943aeb626fffff,Families,22,11.217655,0.006884,0.560927
8943aeb626fffff,HNWI,0,16.524982,0.010331,0.826198
8943aeb626fffff,HNWI,2,17.279777,0.010803,0.863935
8943aeb626fffff,HNWI,4,17.796072,0.011125,0.889748
8943aeb626fffff,HNWI,6,1.183322,0.000199,0.059166
8943aeb626fffff,HNWI,8,1.497442,0.000252,0.074872
8943aeb626fffff,HNWI,10,23.145757,0.014872,1.157288
8943aeb626fffff,HNWI,12,29.989016,0.019269,1.499451
8943aeb626fffff,HNWI,14,31.850438,0.020499,1.592467
8943aeb626fffff,HNWI,16,30.456741,0.019602,1.522784
8943aeb626fffff,HNWI,18,4.197732,0.002051,0.209887
8943aeb626fffff,HNWI,20,3.584916,0.001751,0.179246
8943aeb626fffff,HNWI,22,3.930758,0.00192,0.196538
8943aeb626fffff,Potential Car Buyers,0,10.384852,0.006315,0.519288
8943aeb626fffff,Potential Car Buyers,2,11.005281,0.006692,0.550312
8943aeb626fffff,Potential Car Buyers,4,11.958755,0.007272,0.59799
8943aeb626fffff,Potential Car Buyers,6,1.67526,0.000375,0.083763
8943aeb626fffff,Potential Car Buyers,8,1.405473,0.000315,0.070274
8943aeb626fffff,Potential Car Buyers,10,25.58646,0.016314,1.279323
8943aeb626fffff,Potential Car Buyers,12,18.991594,0.012109,0.94958
8943aeb626fffff,Potential Car Buyers,14,21.507047,0.013746,1.075308
8943aeb626fffff,Potential Car Buyers,16,28.935299,0.018493,1.446705
8943aeb626fffff,Potential Car Buyers,18,23.146766,0.014774,1.157338
8943aeb626fffff,Potential Car Buyers,20,19.473718,0.012429,0.973686
8943aeb626fffff,Potential Car Buyers,22,22.562641,0.014401,1.128132
8943aeb63d7ffff,Families,0,11.152698,0.006802,0.557635
8943aeb63d7ffff,Families,2,11.980062,0.007307,0.599003
8943aeb63d7ffff,Families,4,9.543966,0.005821,0.477198
8943aeb63d7ffff,Families,6,1.872517,0.000585,0.093676
8943aeb63d7ffff,Families,8,2.020583,0.000631,0.101083
8943aeb63d7ffff,Families,10,8.443587,0.004895,0.422179
8943aeb63d7ffff,Families,12,6.5059,0.003771,0.325295
8943aeb63d7ffff,Families,14,20.96791,0.01341,1.048395
8943aeb63d7ffff,Families,16,28.209178,0.018041,1.410459
8943aeb63d7ffff,Families,18,22.600197,0.014435,1.129962
8943aeb63d7ffff,Families,20,24.728543,0.015794,1.236375
8943aeb63d7ffff,Families,22,19.796695,0.012644,0.989793
8943aeb63d7ffff,HNWI,0,17.842492,0.011276,0.892078
8943aeb63d7ffff,HNWI,2,22.653972,0.014317,1.13264
8943aeb63d7ffff,HNWI,4,16.194864,0.010235,0.809701
8943aeb63d7ffff,HNWI,6,8.370574,0.004983,0.418529
8943aeb63d7ffff,HNWI,8,10.384209,0.006182,0.51921
8943aeb63d7ffff,HNWI,10,4.559848,0.002496,0.227992
8943aeb63d7ffff,HNWI,12,5.405751,0.002959,0.270288
8943aeb63d7ffff,HNWI,14,2.363298,0.000789,0.118224
8943aeb63d7ffff,HNWI,16,2.145647,0.000716,0.107336
8943aeb63d7ffff,HNWI,18,5.261943,0.002935,0.263097
8943aeb63d7ffff,HNWI,20,6.99769,0.003903,0.349884
8943aeb63d7ffff,HNWI,22,5.040505,0.002811,0.252025
8943aeb63d7ffff,Potential Car Buyers,0,6.807902,0.003862,0.340446
8943aeb63d7ffff,Potential Car Buyers,2,7.971037,0.004522,0.398611
8943aeb63d7ffff,Potential Car Buyers,4,7.790218,0.004419,0.389569
8943aeb63d7ffff,Potential Car Buyers,6,32.185534,0.02076,1.609329
8943aeb63d7ffff,Potential Car Buyers,8,31.772548,0.020494,1.588679
8943aeb63d7ffff,Potential Car Buyers,10,20.161888,0.012835,1.00814
8943aeb63d7ffff,Potential Car Buyers,12,24.971748,0.015897,1.248644
8943aeb63d7ffff,Potential Car Buyers,14,19.19714,0.012252,0.959857
8943aeb63d7ffff,Potential Car Buyers,16,25.088475,0.016013,1.254424
8943aeb63d7ffff,Potential Car Buyers,18,15.79549,0.00997,0.789775
8943aeb63d7ffff,Potential Car Buyers,20,18.203205,0.01149,0.91016
8943aeb63d7ffff,Potential Car Buyers,22,19.854167,0.012532,0.992708
8943aeb6627ffff,Families,0,33.251304,0.021418,1.662622
8943aeb6627ffff,Families,2,32.599613,0.020998,1.630036
8943aeb6627ffff,Families,4,26.951032,0.01736,1.347597
8943aeb6627ffff,Families,6,16.934141,0.010716,0.846707
8943aeb6627ffff,Families,8,22.82467,0.014444,1.141234
8943aeb6627ffff,Families,10,29.528509,0.018913,1.476483
8943aeb6627ffff,Families,12,25.879349,0.016576,1.294018
8943aeb6627ffff,Families,14,10.295029,0.006308,0.514793
8943aeb6627ffff,Families,16,13.293435,0.008145,0.664726
8943aeb6627ffff,Families,18,9.587689,0.005841,0.479384
8943aeb6627ffff,Families,20,12.601025,0.007677,0.630051
8943aeb6627ffff,Families,22,12.667818,0.007718,0.633391
8943aeb6627ffff,HNWI,0,27.21287,0.017521,1.360643
8943aeb6627ffff,HNWI,2,30.321113,0.019522,1.516056
8943aeb6627ffff,HNWI,4,30.817673,0.019842,1.540884
8943aeb6627ffff,HNWI,6,24.483909,0.015757,1.224195
8943aeb6627ffff,HNWI,8,26.988774,0.017369,1.349439
8943aeb6627ffff,HNWI,10,23.395186,0.014827,1.169759
8943aeb6627ffff,HNWI,12,19.488571,0.012351,0.974429
8943aeb6627ffff,HNWI,14,21.988532,0.013978,1.099478
8943aeb6627ffff,HNWI,16,18.401854,0.011698,0.920135
8943aeb6627ffff,HNWI,18,11.638546,0.00707,0.581979
8943aeb6627ffff,HNWI,20,11.417588,0.006935,0.57093
8943aeb6627ffff,HNWI,22,10.011476,0.006081,0.500618
8943aeb6627ffff,Potential Car Buyers,0,23.746353,0.015185,1.187318
8943aeb6627ffff,Potential Car Buyers,2,21.61799,0.013824,1.0809
8943aeb6627ffff,Potential Car Buyers,4,27.71595,0.017724,1.385797
8943aeb6627ffff,Potential Car Buyers,6,26.314559,0.016818,1.315728
8943aeb6627ffff,Potential Car Buyers,8,26.27399,0.016792,1.313699
8943aeb6627ffff,Potential Car Buyers,10,20.465721,0.012976,1.023286
8943aeb6627ffff,Potential Car Buyers,12,16.36348,0.010375,0.818174
8943aeb6627ffff,Potential Car Buyers,14,19.709387,0.012534,0.985515
8943aeb6627ffff,Potential Car Buyers,16,19.371815,0.012319,0.968635
8943aeb6627ffff,Potential Car Buyers,18,5.726597,0.003237,0.286286
8943aeb6627ffff,Potential Car Buyers,20,6.474389,0.003659,0.32367
8943aeb6627ffff,Potential Car Buyers,22,6.379349,0.003605,0.318919
8943aeb669bffff,Families,0,18.571729,0.011839,0.928586
8943aeb669bffff,Families,2,18.771563,0.011966,0.938578
8943aeb669bffff,Families,4,26.534297,0.016914,1.326715
8943aeb669bffff,Families,6,7.561242,0.004418,0.378109
8943aeb669bffff,Families,8,7.680386,0.004488,0.384067
8943aeb669bffff,Families,10,31.549358,0.020302,1.577523
8943aeb669bffff,Families,12,24.658139,0.015867,1.23295
8943aeb669bffff,Families,14,6.545769,0.003586,0.327288
8943aeb669bffff,Families,16,5.491977,0.003009,0.274599
8943aeb669bffff,Families,18,5.789248,0.003068,0.289403
8943aeb669bffff,Families,20,4.116557,0.002181,0.205786
8943aeb669bffff,Families,22,5.167878,0.002738,0.258341
8943aeb669bffff,HNWI,0,24.555554,0.015803,1.227778
8943aeb669bffff,HNWI,2,31.297922,0.020142,1.564896
8943aeb669bffff,HNWI,4,26.777556,0.017233,1.338878
8943aeb669bffff,HNWI,6,32.374909,0.020827,1.618745
8943aeb669bffff,HNWI,8,31.223505,0.020086,1.561175
8943aeb669bffff,HNWI,10,20.17558,0.012775,1.008779
8943aeb669bffff,HNWI,12,22.621009,0.014324,1.13105
8943aeb669bffff,HNWI,14,16.949931,0.010767,0.847537
8943aeb669bffff,HNWI,16,18.992216,0.012064,0.949656
8943aeb669bffff,HNWI,18,11.455253,0.006937,0.572815
8943aeb669bffff,HNWI,20,12.089459,0.007321,0.604528
8943aeb669bffff,HNWI,22,12.567728,0.007611,0.628444
8943aeb669bffff,Potential Car Buyers,0,12.357824,0.007561,0.617942
8943aeb669bffff,Potential Car Buyers,2,10.655565,0.006519,0.532822
8943aeb669bffff,Potential Car Buyers,4,10.092957,0.006175,0.504689
8943aeb669bffff,Potential Car Buyers,6,31.378,0.020157,1.5689
8943aeb669bffff,Potential Car Buyers,8,28.518148,0.01832,1.425907
8943aeb669bffff,Potential Car Buyers,10,2.644702,0.001214,0.132276
8943aeb669bffff,Potential Car Buyers,12,2.715949,0.001247,0.13584
8943aeb669bffff,Potential Car Buyers,14,16.545334,0.010482,0.827226
8943aeb669bffff,Potential Car Buyers,16,17.879437,0.011328,0.893927
8943aeb669bffff,Potential Car Buyers,18,21.61608,0.013816,1.080804
8943aeb669bffff,Potential Car Buyers,20,28.258949,0.018062,1.412947
8943aeb669bffff,Potential Car Buyers,22,20.054277,0.012818,1.002714
8943aeb66abffff,Families,0,16.924904,0.010574,0.846245
8943aeb66abffff,Families,2,18.003791,0.011248,0.90019
8943aeb66abffff,Families,4,17.17152,0.010728,0.858576
8943aeb66abffff,Families,6,9.802474,0.005878,0.490124
8943aeb66abffff,Families,8,11.703841,0.007018,0.585192
8943aeb66abffff,Families,10,7.13077,0.003986,0.356539
8943aeb66abffff,Families,12,5.089741,0.002845,0.254487
8943aeb66abffff,Families,14,29.862205,0.019215,1.49311
8943aeb66abffff,Families,16,23.499441,0.015121,1.174972
8943aeb66abffff,Families,18,26.36918,0.016952,1.318506
8943aeb66abffff,Families,20,24.180114,0.015544,1.209049
8943aeb66abffff,Families,22,30.653644,0.019706,1.532737
8943aeb66abffff,HNWI,0,1.613213,0.000327,0.080717
8943aeb66abffff,HNWI,2,1.512634,0.000307,0.075684
8943aeb66abffff,HNWI,4,1.304028,0.000264,0.065247
8943aeb66abffff,HNWI,6,23.548743,0.014973,1.177437
8943aeb66abffff,HNWI,8,20.096591,0.012778,1.00483
8943aeb66abffff,HNWI,10,14.465301,0.009103,0.723265
8943aeb66abffff,HNWI,12,15.809504,0.009949,0.790475
8943aeb66abffff,HNWI,14,16.589732,0.010285,0.829545
8943aeb66abffff,HNWI,16,11.458517,0.007104,0.572966
8943aeb66abffff,HNWI,18,16.036599,0.009901,0.80183
8943aeb66abffff,HNWI,20,13.920534,0.008595,0.696027
8943aeb66abffff,HNWI,22,12.940218,0.00799,0.647011
8943aeb66abffff,Potential Car Buyers,0,4.838686,0.00261,0.241888
8943aeb66abffff,Potential Car Buyers,2,4.95875,0.002674,0.24789
8943aeb66abffff,Potential Car Buyers,4,5.196788,0.002803,0.25979
8943aeb66abffff,Potential Car Buyers,6,4.911348,0.002607,0.245517
8943aeb66abffff,Potential Car Buyers,8,5.520682,0.00293,0.275978
8943aeb66abffff,Potential Car Buyers,10,24.764453,0.015883,1.23827
8943aeb66abffff,Potential Car Buyers,12,25.569729,0.016399,1.278535
8943aeb66abffff,Potential Car Buyers,14,25.368349,0.0163,1.268417
8943aeb66abffff,Potential Car Buyers,16,25.292813,0.016251,1.264641
8943aeb66abffff,Potential Car Buyers,18,17.297961,0.010867,0.864898
8943aeb66abffff,Potential Car Buyers,20,17.452176,0.010964,0.872609
8943aeb66abffff,Potential Car Buyers,22,16.899531,0.010616,0.844977
8943aeb7033ffff,Families,0,18.311936,0.011662,0.915556
8943aeb7033ffff,Families,2,19.094943,0.012161,0.954704
8943aeb7033ffff,Families,4,20.051655,0.01277,1.002538
8943aeb7033ffff,Families,6,18.887284,0.01202,0.944321
8943aeb7033ffff,Families,8,17.991786,0.01145,0.899548
8943aeb7033ffff,Families,10,11.730915,0.007202,0.586592
8943aeb7033ffff,Families,12,10.776896,0.006617,0.538887
8943aeb7033ffff,Families,14,16.676032,0.010549,0.833802
8943aeb7033ffff,Families,16,21.696523,0.013724,1.084826
8943aeb7033ffff,Families,18,3.799387,0.001959,0.189969
8943aeb7033ffff,Families,20,5.038035,0.002598,0.251902
8943aeb7033ffff,Families,22,4.685704,0.002416,0.234285
8943aeb7033ffff,HNWI,0,1.454725,0.000322,0.072785
8943aeb7033ffff,HNWI,2,1.290604,0.000286,0.064573
8943aeb7033ffff,HNWI,4,1.741152,0.000385,0.087116
8943aeb7033ffff,HNWI,6,21.636321,0.013759,1.081816
8943aeb7033ffff,HNWI,8,22.3565,0.014217,1.117825
8943aeb7033ffff,HNWI,10,7.717248,0.004453,0.385862
8943aeb7033ffff,HNWI,12,6.945389,0.004008,0.347269
8943aeb7033ffff,HNWI,14,15.286581,0.00948,0.764382
8943aeb7033ffff,HNWI,16,11.515346,0.007141,0.575808
8943aeb7033ffff,HNWI,18,10.906551,0.006736,0.545328
8943aeb7033ffff,HNWI,20,14.416762,0.008904,0.720838
8943aeb7033ffff,HNWI,22,11.024119,0.006809,0.551206
8943aeb7033ffff,Potential Car Buyers,0,23.44,0.015012,1.172
8943aeb7033ffff,Potential Car Buyers,2,23.377018,0.014972,1.168851
8943aeb7033ffff,Potential Car Buyers,4,21.250103,0.01361,1.062505
8943aeb7033ffff,Potential Car Buyers,6,26.18269,0.01676,1.309135
8943aeb7033ffff,Potential Car Buyers,8,27.759342,0.017769,1.387967
8943aeb7033ffff,Potential Car Buyers,10,10.360187,0.006271,0.518009
8943aeb7033ffff,Potential Car Buyers,12,11.206752,0.006784,0.560338
8943aeb7033ffff,Potential Car Buyers,14,18.19089,0.011445,0.909493
8943aeb7033ffff,Potential Car Buyers,16,20.30585,0.012775,1.015235
8943aeb7033ffff,Potential Car Buyers,18,7.49016,0.004327,0.374558
8943aeb7033ffff,Potential Car Buyers,20,6.922132,0.003998,0.346153
8943aeb7033ffff,Potential Car Buyers,22,8.438617,0.004874,0.421987
8943aeb708fffff,Families,0,18.025863,0.01143,0.901337
8943aeb708fffff,Families,2,22.534371,0.014289,1.126774
8943aeb708fffff,Families,4,17.569638,0.011141,0.878525
8943aeb708fffff,Families,6,8.561801,0.005169,0.42809
8943aeb708fffff,Families,8,9.217619,0.005565,0.460881
8943aeb708fffff,Families,10,16.350019,0.010234,0.817551
8943aeb708fffff,Families,12,18.543342,0.011607,0.927224
8943aeb708fffff,Families,14,3.876398,0.00179,0.19376
8943aeb708fffff,Families,16,3.02786,0.001398,0.151346
8943aeb708fffff,Families,18,2.56636,0.001031,0.128318
8943aeb708fffff,Families,20,2.611023,0.001049,0.130551
8943aeb708fffff,Families,22,2.203325,0.000885,0.110166
8943aeb708fffff,HNWI,0,18.041287,0.011239,0.902064
8943aeb708fffff,HNWI,2,16.268067,0.010134,0.813403
8943aeb708fffff,HNWI,4,16.711905,0.010411,0.835595
8943aeb708fffff,HNWI,6,13.211858,0.008217,0.660593
8943aeb708fffff,HNWI,8,16.65775,0.010361,0.832887
8943aeb708fffff,HNWI,10,9.263998,0.005623,0.4632
8943aeb708fffff,HNWI,12,9.702704,0.005889,0.485135
8943aeb708fffff,HNWI,14,14.338208,0.00879,0.716968
8943aeb708fffff,HNWI,16,12.058317,0.007392,0.602964
8943aeb708fffff,HNWI,18,21.861165,0.014041,1.093098
8943aeb708fffff,HNWI,20,28.621832,0.018384,1.431144
8943aeb708fffff,HNWI,22,21.92124,0.01408,1.096102
8943aeb708fffff,Potential Car Buyers,0,13.53148,0.008436,0.676574
8943aeb708fffff,Potential Car Buyers,2,17.364124,0.010825,0.868206
8943aeb708fffff,Potential Car Buyers,4,16.050554,0.010006,0.802528
8943aeb708fffff,Potential Car Buyers,6,8.455771,0.005041,0.422789
8943aeb708fffff,Potential Car Buyers,8,9.065545,0.005405,0.453277
8943aeb708fffff,Potential Car Buyers,10,36.314152,0.023426,1.815708
8943aeb708fffff,Potential Car Buyers,12,33.523461,0.021626,1.676173
8943aeb708fffff,Potential Car Buyers,14,21.060545,0.01342,1.053027
8943aeb708fffff,Potential Car Buyers,16,19.825105,0.012633,0.991255
8943aeb708fffff,Potential Car Buyers,18,32.68481,0.020998,1.6343
8943aeb708fffff,Potential Car Buyers,20,23.115817,0.01485,1.155833
8943aeb708fffff,Potential Car Buyers,22,28.143742,0.018081,1.407238
8943aeb7133ffff,Families,0,6.369016,0.003691,0.318409
8943aeb7133ffff,Families,2,9.018603,0.005227,0.450871
8943aeb7133ffff,Families,4,7.931115,0.004596,0.396504
8943aeb7133ffff,Families,6,8.180891,0.004709,0.408989
8943aeb7133ffff,Families,8,7.319525,0.004213,0.365926
8943aeb7133ffff,Families,10,3.990778,0.001914,0.199483
8943aeb7133ffff,Families,12,2.99109,0.001435,0.149512
8943aeb7133ffff,Families,14,23.734959,0.015051,1.186806
8943aeb7133ffff,Families,16,19.898215,0.012618,0.994959
8943aeb7133ffff,Families,18,21.734792,0.013756,1.08674
8943aeb7133ffff,Families,20,20.538972,0.012999,1.026949
8943aeb7133ffff,Families,22,20.275315,0.012832,1.013766
8943aeb7133ffff,HNWI,0,4.102264,0.001988,0.205113
8943aeb7133ffff,HNWI,2,3.365323,0.001631,0.168266
8943aeb7133ffff,HNWI,4,3.583487,0.001737,0.179174
8943aeb7133ffff,HNWI,6,15.895473,0.010039,0.794816
8943aeb7133ffff,HNWI,8,20.933523,0.013221,1.046731
8943aeb7133ffff,HNWI,10,12.449702,0.007755,0.622444
8943aeb7133ffff,HNWI,12,17.746516,0.011054,0.887267
8943aeb7133ffff,HNWI,14,13.697472,0.008578,0.684874
8943aeb7133ffff,HNWI,16,13.766498,0.008621,0.688325
8943aeb7133ffff,HNWI,18,13.607625,0.008496,0.680424
8943aeb7133ffff,HNWI,20,13.396565,0.008364,0.669871
8943aeb7133ffff,HNWI,22,14.138186,0.008827,0.706954
8943aeb7133ffff,Potential Car Buyers,0,12.791134,0.007732,0.639557
8943aeb7133ffff,Potential Car Buyers,2,9.217339,0.005572,0.460867
8943aeb7133ffff,Potential Car Buyers,4,11.847331,0.007162,0.592367
8943aeb7133ffff,Potential Car Buyers,6,11.447868,0.006898,0.572393
8943aeb7133ffff,Potential Car Buyers,8,9.247732,0.005572,0.462387
8943aeb7133ffff,Potential Car Buyers,10,7.476583,0.004233,0.373829
8943aeb7133ffff,Potential Car Buyers,12,6.792772,0.003846,0.339639
8943aeb7133ffff,Potential Car Buyers,14,22.12197,0.014122,1.106098
8943aeb7133ffff,Potential Car Buyers,16,21.277928,0.013583,1.063896
8943aeb7133ffff,Potential Car Buyers,18,19.573016,0.012477,0.978608
8943aeb7133ffff,Potential Car Buyers,20,24.938003,0.015897,1.246845
8943aeb7133ffff,Potential Car Buyers,22,23.178464,0.014775,1.158872
8943aeb7163ffff,Families,0,5.158996,0.00283,0.25795
8943aeb7163ffff,Families,2,4.814965,0.002641,0.240748
8943aeb7163ffff,Families,4,6.191652,0.003397,0.309583
8943aeb7163ffff,Families,6,5.87017,0.003177,0.293509
8943aeb7163ffff,Families,8,5.644049,0.003055,0.282202
8943aeb7163ffff,Families,10,1.285272,0.000308,0.064264
8943aeb7163ffff,Families,12,1.831585,0.000438,0.091579
8943aeb7163ffff,Families,14,14.878722,0.009382,0.743936
8943aeb7163ffff,Families,16,21.698767,0.013683,1.084938
8943aeb7163ffff,Families,18,19.419492,0.012217,0.971029
8943aeb7163ffff,Families,20,18.935055,0.011912,0.946806
8943aeb7163ffff,Families,22,16.629104,0.010461,0.831502
8943aeb7163ffff,HNWI,0,24.665084,0.015831,1.233208
8943aeb7163ffff,HNWI,2,24.457046,0.015697,1.222807
8943aeb7163ffff,HNWI,4,30.162002,0.019359,1.508044
8943aeb7163ffff,HNWI,6,17.220517,0.010804,0.861026
8943aeb7163ffff,HNWI,8,19.534907,0.012256,0.976745
8943aeb7163ffff,HNWI,10,13.803462,0.008506,0.690173
8943aeb7163ffff,HNWI,12,15.07263,0.009289,0.753632
8943aeb7163ffff,HNWI,14,8.125521,0.004855,0.406234
8943aeb7163ffff,HNWI,16,9.251358,0.005528,0.46252
8943aeb7163ffff,HNWI,18,9.72726,0.005756,0.486363
8943aeb7163ffff,HNWI,20,8.559381,0.005065,0.427969
8943aeb7163ffff,HNWI,22,9.774644,0.005785,0.488732
8943aeb7163ffff,Potential Car Buyers,0,9.614531,0.005675,0.480782
8943aeb7163ffff,Potential Car Buyers,2,9.243264,0.005456,0.462216
8943aeb7163ffff,Potential Car Buyers,4,7.59233,0.004481,0.37966
8943aeb7163ffff,Potential Car Buyers,6,8.039826,0.004721,0.402039
8943aeb7163ffff,Potential Car Buyers,8,6.838313,0.004015,0.341956
8943aeb7163ffff,Potential Car Buyers,10,26.866316,0.01731,1.343361
8943aeb7163ffff,Potential Car Buyers,12,25.593264,0.01649,1.279706
8943aeb7163ffff,Potential Car Buyers,14,18.150561,0.011539,0.90757
8943aeb7163ffff,Potential Car Buyers,16,25.781541,0.01639,1.289137
8943aeb7163ffff,Potential Car Buyers,18,16.839112,0.010687,0.841956
8943aeb7163ffff,Potential Car Buyers,20,20.180159,0.012807,1.009008
8943aeb7163ffff,Potential Car Buyers,22,20.366627,0.012926,1.018331
8943aeb7283ffff,Families,0,11.76047,0.007172,0.588024
8943aeb7283ffff,Families,2,13.244713,0.008077,0.662236
8943aeb7283ffff,Families,4,12.662726,0.007722,0.633136
8943aeb7283ffff,Families,6,30.537279,0.019701,1.526864
8943aeb7283ffff,Families,8,27.472885,0.017724,1.373644
8943aeb7283ffff,Families,10,28.886966,0.01855,1.444348
8943aeb7283ffff,Families,12,32.142268,0.020641,1.607113
8943aeb7283ffff,Families,14,28.809489,0.018532,1.440525
8943aeb7283ffff,Families,16,27.278549,0.017547,1.363975
8943aeb7283ffff,Families,18,3.043325,0.001418,0.152166
8943aeb7283ffff,Families,20,3.937054,0.001834,0.196853
8943aeb7283ffff,Families,22,3.78276,0.001762,0.189138
8943aeb7283ffff,HNWI,0,23.378647,0.015015,1.168975
8943aeb7283ffff,HNWI,2,22.450274,0.014419,1.122555
8943aeb7283ffff,HNWI,4,31.934131,0.02051,1.596765
8943aeb7283ffff,HNWI,6,24.008512,0.015412,1.20047
8943aeb7283ffff,HNWI,8,29.905392,0.019198,1.495325
8943aeb7283ffff,HNWI,10,17.275654,0.01089,0.863736
8943aeb7283ffff,HNWI,12,15.881859,0.010011,0.79405
8943aeb7283ffff,HNWI,14,11.94044,0.007172,0.597081
8943aeb7283ffff,HNWI,16,8.202708,0.004927,0.410176
8943aeb7283ffff,HNWI,18,10.220131,0.006085,0.511007
8943aeb7283ffff,HNWI,20,11.173236,0.006653,0.558662
8943aeb7283ffff,HNWI,22,10.488175,0.006245,0.524409
8943aeb7283ffff,Potential Car Buyers,0,11.584357,0.007166,0.579218
8943aeb7283ffff,Potential Car Buyers,2,12.829957,0.007936,0.641498
8943aeb7283ffff,Potential Car Buyers,4,15.608752,0.009655,0.780438
8943aeb7283ffff,Potential Car Buyers,6,4.012297,0.002005,0.200565
8943aeb7283ffff,Potential Car Buyers,8,3.685328,0.001841,0.18422
8943aeb7283ffff,Potential Car Buyers,10,27.088444,0.017463,1.354467
8943aeb7283ffff,Potential Car Buyers,12,26.686923,0.017204,1.33439
8943aeb7283ffff,Potential Car Buyers,14,30.535514,0.019594,1.526776
8943aeb7283ffff,Potential Car Buyers,16,31.022786,0.019907,1.551139
8943aeb7283ffff,Potential Car Buyers,18,25.237204,0.016177,1.261812
8943aeb7283ffff,Potential Car Buyers,20,24.080868,0.015436,1.203997
8943aeb7283ffff,Potential Car Buyers,22,28.599676,0.018332,1.429929
8943aeb72abffff,Families,0,10.767488,0.006428,0.538318
8943aeb72abffff,Families,2,10.695886,0.006385,0.534738
8943aeb72abffff,Families,4,10.871073,0.006489,0.543497
8943aeb72abffff,Families,6,26.385796,0.016999,1.31929
8943aeb72abffff,Families,8,32.422773,0.020888,1.621139
8943aeb72abffff,Families,10,6.538751,0.003563,0.326878
8943aeb72abffff,Families,12,4.768973,0.002599,0.238405
8943aeb72abffff,Families,14,18.188946,0.011585,0.909407
8943aeb72abffff,Families,16,20.848801,0.013279,1.042393
8943aeb72abffff,Families,18,20.070351,0.012763,1.003518
8943aeb72abffff,Families,20,18.635334,0.01185,0.931767
8943aeb72abffff,Families,22,18.914119,0.012027,0.945706
8943aeb72abffff,HNWI,0,30.711029,0.019791,1.535551
8943aeb72abffff,HNWI,2,30.132695,0.019419,1.506635
8943aeb72abffff,HNWI,4,30.762843,0.019825,1.538142
8943aeb72abffff,HNWI,6,17.227433,0.010733,0.861428
8943aeb72abffff,HNWI,8,17.377921,0.010827,0.868953
8943aeb72abffff,HNWI,10,12.450446,0.007579,0.622576
8943aeb72abffff,HNWI,12,11.877436,0.007231,0.593923
8943aeb72abffff,HNWI,14,9.220749,0.005372,0.461037
8943aeb72abffff,HNWI,16,9.318219,0.005429,0.465911
8943aeb72abffff,HNWI,18,20.95193,0.013178,1.047537
8943aeb72abffff,HNWI,20,18.55335,0.011669,0.927615
8943aeb72abffff,HNWI,22,18.79582,0.011822,0.939738
8943aeb72abffff,Potential Car Buyers,0,13.603202,0.008351,0.68016
8943aeb72abffff,Potential Car Buyers,2,13.560434,0.008325,0.678022
8943aeb72abffff,Potential Car Buyers,4,10.332756,0.006343,0.516638
8943aeb72abffff,Potential Car Buyers,6,2.783668,0.001185,0.139234
8943aeb72abffff,Potential Car Buyers,8,2.538601,0.00108,0.126976
8943aeb72abffff,Potential Car Buyers,10,23.031953,0.014808,1.151598
8943aeb72abffff,Potential Car Buyers,12,24.290982,0.015618,1.214549
8943aeb72abffff,Potential Car Buyers,14,21.924164,0.014042,1.096208
8943aeb72abffff,Potential Car Buyers,16,29.193138,0.018698,1.459657
8943aeb72abffff,Potential Car Buyers,18,21.116676,0.013509,1.055877
8943aeb72abffff,Potential Car Buyers,20,23.896323,0.015287,1.194865
8943aeb72abffff,Potential Car Buyers,22,27.243508,0.017428,1.362231
8943aeb737bffff,Families,0,2.114514,0.000661,0.105782
8943aeb737bffff,Families,2,1.524001,0.000476,0.076241
8943aeb737bffff,Families,4,1.986873,0.000621,0.099397
8943aeb737bffff,Families,6,22.076387,0.014167,1.103861
8943aeb737bffff,Families,8,27.759161,0.017814,1.38801
8943aeb737bffff,Families,10,26.480864,0.016886,1.324101
8943aeb737bffff,Families,12,23.623923,0.015064,1.181248
8943aeb737bffff,Families,14,27.897807,0.017832,1.39489
8943aeb737bffff,Families,16,23.953822,0.015311,1.197691
8943aeb737bffff,Families,18,15.238596,0.009432,0.76193
8943aeb737bffff,Families,20,11.712161,0.00725,0.585608
8943aeb737bffff,Families,22,11.285264,0.006985,0.564263
8943aeb737bffff,HNWI,0,23.498092,0.014987,1.174905
8943aeb737bffff,HNWI,2,20.76782,0.013245,1.038391
8943aeb737bffff,HNWI,4,26.455868,0.016873,1.322793
8943aeb737bffff,HNWI,6,9.904133,0.005813,0.495147
8943aeb737bffff,HNWI,8,7.676986,0.004506,0.383803
8943aeb737bffff,HNWI,10,22.608446,0.014279,1.130422
8943aeb737bffff,HNWI,12,20.461611,0.012923,1.023081
8943aeb737bffff,HNWI,14,6.759626,0.003739,0.337981
8943aeb737bffff,HNWI,16,5.71935,0.003164,0.285968
8943aeb737bffff,HNWI,18,4.288592,0.002303,0.214471
8943aeb737bffff,HNWI,20,5.36015,0.002878,0.26806
8943aeb737bffff,HNWI,22,5.954372,0.003197,0.297777
8943aeb737bffff,Potential Car Buyers,0,17.523694,0.011047,0.876185
8943aeb737bffff,Potential Car Buyers,2,16.724048,0.010543,0.836202
8943aeb737bffff,Potential Car Buyers,4,16.072648,0.010133,0.803632
8943aeb737bffff,Potential Car Buyers,6,6.831414,0.00402,0.341611
8943aeb737bffff,Potential Car Buyers,8,8.636679,0.005083,0.431885
8943aeb737bffff,Potential Car Buyers,10,6.967911,0.004111,0.348396
8943aeb737bffff,Potential Car Buyers,12,7.557136,0.004458,0.377857
8943aeb737bffff,Potential Car Buyers,14,0.963945,0.000102,0.048197
8943aeb737bffff,Potential Car Buyers,16,1.088084,0.000115,0.054404
8943aeb737bffff,Potential Car Buyers,18,26.308446,0.016964,1.315465
8943aeb737bffff,Potential Car Buyers,20,24.460984,0.015773,1.223089
8943aeb737bffff,Potential Car Buyers,22,26.140052,0.016855,1.307046
8943aeb7437ffff,Families,0,7.891075,0.004692,0.394596
8943aeb7437ffff,Families,2,9.348103,0.005559,0.467456
8943aeb7437ffff,Families,4,8.95647,0.005326,0.447872
8943aeb7437ffff,Families,6,7.686629,0.00455,0.384288
8943aeb7437ffff,Families,8,8.984427,0.005318,0.449171
8943aeb7437ffff,Families,10,30.436373,0.019605,1.521767
8943aeb7437ffff,Families,12,28.272201,0.018211,1.413562
8943aeb7437ffff,Families,14,6.479511,0.003649,0.323976
8943aeb7437ffff,Families,16,5.432064,0.003059,0.271603
8943aeb7437ffff,Families,18,20.246092,0.012865,1.012305
8943aeb7437ffff,Families,20,22.934156,0.014573,1.146708
8943aeb7437ffff,Families,22,24.118167,0.015326,1.205908
8943aeb7437ffff,HNWI,0,32.403856,0.020875,1.620193
8943aeb7437ffff,HNWI,2,33.767184,0.021753,1.688359
8943aeb7437ffff,HNWI,4,34.468265,0.022205,1.723413
8943aeb7437ffff,HNWI,6,17.318113,0.010774,0.865848
8943aeb7437ffff,HNWI,8,13.01122,0.008094,0.650517
8943aeb7437ffff,HNWI,10,17.073299,0.010834,0.853665
8943aeb7437ffff,HNWI,12,16.857438,0.010697,0.842872
8943aeb7437ffff,HNWI,14,14.763729,0.009054,0.738186
8943aeb7437ffff,HNWI,16,14.57982,0.008941,0.728991
8943aeb7437ffff,HNWI,18,14.053116,0.008571,0.702716
8943aeb7437ffff,HNWI,20,12.793147,0.007802,0.639712
8943aeb7437ffff,HNWI,22,10.696718,0.006524,0.534881
8943aeb7437ffff,Potential Car Buyers,0,7.764303,0.004539,0.388263
8943aeb7437ffff,Potential Car Buyers,2,7.25075,0.004239,0.362582
8943aeb7437ffff,Potential Car Buyers,4,7.677981,0.004489,0.383946
8943aeb7437ffff,Potential Car Buyers,6,23.758479,0.015279,1.187924
8943aeb7437ffff,Potential Car Buyers,8,30.306705,0.019491,1.515335
8943aeb7437ffff,Potential Car Buyers,10,28.219492,0.018047,1.410975
8943aeb7437ffff,Potential Car Buyers,12,24.530057,0.015687,1.226503
8943aeb7437ffff,Potential Car Buyers,14,21.126151,0.013412,1.056358
8943aeb7437ffff,Potential Car Buyers,16,21.316396,0.013533,1.065871
8943aeb7437ffff,Potential Car Buyers,18,23.649164,0.015137,1.182458
8943aeb7437ffff,Potential Car Buyers,20,24.142241,0.015453,1.207112
8943aeb7437ffff,Potential Car Buyers,22,27.516901,0.017613,1.375845
8943aeb7463ffff,Families,0,33.129769,0.021336,1.656488
8943aeb7463ffff,Families,2,33.513472,0.021583,1.675674
8943aeb7463ffff,Families,4,34.3367,0.022113,1.716835
8943aeb7463ffff,Families,6,31.615696,0.020353,1.580785
8943aeb7463ffff,Families,8,29.940963,0.019275,1.497048
8943aeb7463ffff,Families,10,16.959538,0.010733,0.847977
8943aeb7463ffff,Families,12,16.481807,0.01043,0.82409
8943aeb7463ffff,Families,14,30.108256,0.019318,1.505356
8943aeb7463ffff,Families,16,30.741396,0.019724,1.537012
8943aeb7463ffff,Families,18,13.294531,0.008091,0.664785
8943aeb7463ffff,Families,20,10.90709,0.006638,0.545402
8943aeb7463ffff,Families,22,10.960842,0.006671,0.54809
8943aeb7463ffff,HNWI,0,15.613198,0.009713,0.780712
8943aeb7463ffff,HNWI,2,17.079367,0.010625,0.854026
8943aeb7463ffff,HNWI,4,13.277364,0.00826,0.663913
8943aeb7463ffff,HNWI,6,4.533494,0.002428,0.226675
8943aeb7463ffff,HNWI,8,5.166309,0.002767,0.258315
8943aeb7463ffff,HNWI,10,1.330479,0.000221,0.066524
8943aeb7463ffff,HNWI,12,1.345774,0.000224,0.067289
8943aeb7463ffff,HNWI,14,24.523559,0.015761,1.226222
8943aeb7463ffff,HNWI,16,26.208322,0.016844,1.310463
8943aeb7463ffff,HNWI,18,29.255086,0.018783,1.462754
8943aeb7463ffff,HNWI,20,27.473111,0.017638,1.373656
8943aeb7463ffff,HNWI,22,21.662509,0.013908,1.083125
8943aeb7463ffff,Potential Car Buyers,0,2.20361,0.00087,0.110226
8943aeb7463ffff,Potential Car Buyers,2,2.354371,0.00093,0.117767
8943aeb7463ffff,Potential Car Buyers,4,2.838734,0.001121,0.141995
8943aeb7463ffff,Potential Car Buyers,6,24.079566,0.015448,1.204024
8943aeb7463ffff,Potential Car Buyers,8,24.301661,0.015591,1.215129
8943aeb7463ffff,Potential Car Buyers,10,18.400431,0.011583,0.920073
8943aeb7463ffff,Potential Car Buyers,12,15.223368,0.009583,0.761211
8943aeb7463ffff,Potential Car Buyers,14,21.697682,0.013712,1.084884
8943aeb7463ffff,Potential Car Buyers,16,16.749639,0.010585,0.837482
8943aeb7463ffff,Potential Car Buyers,18,16.739868,0.010393,0.836993
8943aeb7463ffff,Potential Car Buyers,20,16.370225,0.010164,0.818511
8943aeb7463ffff,Potential Car Buyers,22,16.56885,0.010287,0.828442
8943aeb7517ffff,Families,0,23.944776,0.015411,1.197239
8943aeb7517ffff,Families,2,25.542556,0.016439,1.277128
8943aeb7517ffff,Families,4,24.496023,0.015765,1.224801
8943aeb7517ffff,Families,6,12.885263,0.007984,0.644309
8943aeb7517ffff,Families,8,11.857208,0.007347,0.592902
8943aeb7517ffff,Families,10,13.10621,0.008127,0.65531
8943aeb7517ffff,Families,12,13.444023,0.008337,0.672201
8943aeb7517ffff,Families,14,13.023422,0.007939,0.651171
8943aeb7517ffff,Families,16,13.081382,0.007974,0.654069
8943aeb7517ffff,Families,18,9.375585,0.005679,0.468822
8943aeb7517ffff,Families,20,12.606261,0.007636,0.630371
8943aeb7517ffff,Families,22,11.669053,0.007068,0.583506
8943aeb7517ffff,HNWI,0,5.31789,0.002983,0.265852
8943aeb7517ffff,HNWI,2,5.32878,0.002989,0.266397
8943aeb7517ffff,HNWI,4,6.481962,0.003636,0.324047
8943aeb7517ffff,HNWI,6,24.798869,0.015908,1.239943
8943aeb7517ffff,HNWI,8,21.440196,0.013754,1.07201
8943aeb7517ffff,HNWI,10,2.296556,0.000841,0.11488
8943aeb7517ffff,HNWI,12,2.352286,0.000861,0.117667
8943aeb7517ffff,HNWI,14,16.624659,0.010504,0.831276
8943aeb7517ffff,HNWI,16,20.41265,0.012897,1.020686
8943aeb7517ffff,HNWI,18,18.011971,0.011356,0.900599
8943aeb7517ffff,HNWI,20,19.741704,0.012446,0.987085
8943aeb7517ffff,HNWI,22,15.721403,0.009911,0.78607
8943aeb7517ffff,Potential Car Buyers,0,34.795455,0.02243,1.739773
8943aeb7517ffff,Potential Car Buyers,2,32.152701,0.020726,1.607635
8943aeb7517ffff,Potential Car Buyers,4,28.204574,0.018181,1.410229
8943aeb7517ffff,Potential Car Buyers,6,33.732154,0.021736,1.686608
8943aeb7517ffff,Potential Car Buyers,8,25.222434,0.016253,1.261122
8943aeb7517ffff,Potential Car Buyers,10,23.277452,0.014925,1.163873
8943aeb7517ffff,Potential Car Buyers,12,23.667625,0.015175,1.183381
8943aeb7517ffff,Potential Car Buyers,14,19.2173,0.012244,0.960822
8943aeb7517ffff,Potential Car Buyers,16,18.568009,0.01183,0.928359
8943aeb7517ffff,Potential Car Buyers,18,13.05794,0.007997,0.65295
8943aeb7517ffff,Potential Car Buyers,20,14.401903,0.00882,0.720154
8943aeb7517ffff,Potential Car Buyers,22,11.414909,0.006991,0.570792
8943aeb7537ffff,Families,0,21.24295,0.013448,1.062148
8943aeb7537ffff,Families,2,16.196409,0.010254,0.80982
8943aeb7537ffff,Families,4,18.938151,0.011989,0.946908
8943aeb7537ffff,Families,6,22.111738,0.013986,1.105587
8943aeb7537ffff,Families,8,22.15149,0.014011,1.107574
8943aeb7537ffff,Families,10,17.471366,0.010909,0.873568
8943aeb7537ffff,Families,12,13.37261,0.008349,0.668631
8943aeb7537ffff,Families,14,16.456589,0.010327,0.822781
8943aeb7537ffff,Families,16,15.44105,0.00969,0.772007
8943aeb7537ffff,Families,18,2.181265,0.000689,0.109121
8943aeb7537ffff,Families,20,1.97859,0.000625,0.098982
8943aeb7537ffff,Families,22,1.808638,0.000571,0.09048
8943aeb7537ffff,HNWI,0,18.410563,0.0115,0.920586
8943aeb7537ffff,HNWI,2,16.577662,0.010355,0.828935
8943aeb7537ffff,HNWI,4,15.990341,0.009988,0.799568
8943aeb7537ffff,HNWI,6,15.097839,0.009417,0.754843
8943aeb7537ffff,HNWI,8,16.540579,0.010317,0.826976
8943aeb7537ffff,HNWI,10,6.773419,0.003863,0.338622
8943aeb7537ffff,HNWI,12,7.874809,0.004491,0.393683
8943aeb7537ffff,HNWI,14,26.743989,0.017208,1.337153
8943aeb7537ffff,HNWI,16,29.906487,0.019243,1.495272
8943aeb7537ffff,HNWI,18,28.862073,0.018553,1.443104
8943aeb7537ffff,HNWI,20,28.516752,0.018331,1.425838
8943aeb7537ffff,HNWI,22,27.069308,0.017401,1.353465
8943aeb7537ffff,Potential Car Buyers,0,31.82553,0.02049,1.591276
8943aeb7537ffff,Potential Car Buyers,2,27.282482,0.017565,1.364124
8943aeb7537ffff,Potential Car Buyers,4,34.800492,0.022406,1.740025
8943aeb7537ffff,Potential Car Buyers,6,13.476438,0.008363,0.673869
8943aeb7537ffff,Potential Car Buyers,8,14.855306,0.009219,0.742817
8943aeb7537ffff,Potential Car Buyers,10,11.995933,0.007251,0.599853
8943aeb7537ffff,Potential Car Buyers,12,12.835911,0.007759,0.641856
8943aeb7537ffff,Potential Car Buyers,14,11.53416,0.007048,0.576708
8943aeb7537ffff,Potential Car Buyers,16,10.832237,0.006619,0.541612
8943aeb7537ffff,Potential Car Buyers,18,11.92046,0.007241,0.596076
8943aeb7537ffff,Potential Car Buyers,20,11.149089,0.006772,0.557504
8943aeb7537ffff,Potential Car Buyers,22,10.089481,0.006128,0.504519
8943aeb7557ffff,Families,0,6.070489,0.003458,0.30348
8943aeb7557ffff,Families,2,6.392382,0.003641,0.319573
8943aeb7557ffff,Families,4,7.413344,0.004223,0.370613
8943aeb7557ffff,Families,6,26.762002,0.017265,1.338057
8943aeb7557ffff,Families,8,33.884358,0.02186,1.694163
8943aeb7557ffff,Families,10,22.904562,0.014586,1.145279
8943aeb7557ffff,Families,12,18.555815,0.011817,0.927832
8943aeb7557ffff,Families,14,13.698387,0.008484,0.684968
8943aeb7557ffff,Families,16,14.555002,0.009014,0.727802
8943aeb7557ffff,Families,18,18.570481,0.011728,0.928524
8943aeb7557ffff,Families,20,22.176657,0.014005,1.108833
8943aeb7557ffff,Families,22,15.468677,0.009769,0.773434
8943aeb7557ffff,HNWI,0,24.053136,0.015321,1.202657
8943aeb7557ffff,HNWI,2,21.35068,0.0136,1.067534
8943aeb7557ffff,HNWI,4,24.011894,0.015295,1.200595
8943aeb7557ffff,HNWI,6,11.533432,0.007078,0.576718
8943aeb7557ffff,HNWI,8,10.816313,0.006638,0.540859
8943aeb7557ffff,HNWI,10,3.421472,0.001706,0.171117
8943aeb7557ffff,HNWI,12,4.551902,0.00227,0.227653
8943aeb7557ffff,HNWI,14,5.032254,0.002714,0.251613
8943aeb7557ffff,HNWI,16,5.747718,0.0031,0.287386
8943aeb7557ffff,HNWI,18,5.02532,0.002606,0.251322
8943aeb7557ffff,HNWI,20,4.726537,0.002451,0.236379
8943aeb7557ffff,HNWI,22,4.471311,0.002319,0.223615
8943aeb7557ffff,Potential Car Buyers,0,34.333515,0.022113,1.716676
8943aeb7557ffff,Potential Car Buyers,2,33.076286,0.021304,1.653814
8943aeb7557ffff,Potential Car Buyers,4,30.382393,0.019569,1.51912
8943aeb7557ffff,Potential Car Buyers,6,30.95167,0.019927,1.547584
8943aeb7557ffff,Potential Car Buyers,8,34.207686,0.022024,1.710384
8943aeb7557ffff,Potential Car Buyers,10,29.219269,0.018713,1.460963
8943aeb7557ffff,Potential Car Buyers,12,24.092716,0.01543,1.204636
8943aeb7557ffff,Potential Car Buyers,14,14.258431,0.008733,0.712922
8943aeb7557ffff,Potential Car Buyers,16,12.085239,0.007402,0.604262
8943aeb7557ffff,Potential Car Buyers,18,12.73806,0.007758,0.636958
8943aeb7557ffff,Potential Car Buyers,20,11.715635,0.007135,0.585832
8943aeb7557ffff,Potential Car Buyers,22,13.076906,0.007964,0.653902
8943aeb756fffff,Families,0,20.625545,0.013147,1.031232
8943aeb756fffff,Families,2,26.379399,0.016815,1.318912
8943aeb756fffff,Families,4,26.061372,0.016612,1.303011
8943aeb756fffff,Families,6,26.226515,0.016706,1.311384
8943aeb756fffff,Families,8,19.88616,0.012667,0.994352
8943aeb756fffff,Families,10,16.259874,0.010261,0.813037
8943aeb756fffff,Families,12,20.233239,0.012768,1.011716
8943aeb756fffff,Families,14,22.644996,0.014341,1.13225
8943aeb756fffff,Families,16,19.622963,0.012427,0.981148
8943aeb756fffff,Families,18,5.096393,0.002698,0.25482
8943aeb756fffff,Families,20,5.351389,0.002833,0.267569
8943aeb756fffff,Families,22,5.245117,0.002776,0.262256
8943aeb756fffff,HNWI,0,21.429351,0.013527,1.071468
8943aeb756fffff,HNWI,2,16.649198,0.010509,0.83246
8943aeb756fffff,HNWI,4,17.446016,0.011012,0.872301
8943aeb756fffff,HNWI,6,4.124463,0.002077,0.206274
8943aeb756fffff,HNWI,8,4.244118,0.002137,0.212258
8943aeb756fffff,HNWI,10,8.488086,0.005085,0.424404
8943aeb756fffff,HNWI,12,10.588794,0.006344,0.52944
8943aeb756fffff,HNWI,14,1.384672,0.000347,0.069234
8943aeb756fffff,HNWI,16,1.747296,0.000438,0.087365
8943aeb756fffff,HNWI,18,27.460899,0.017715,1.373089
8943aeb756fffff,HNWI,20,27.803809,0.017936,1.390236
8943aeb756fffff,HNWI,22,29.151992,0.018806,1.457647
8943aeb756fffff,Potential Car Buyers,0,24.016061,0.015392,1.200803
8943aeb756fffff,Potential Car Buyers,2,25.549568,0.016375,1.277478
8943aeb756fffff,Potential Car Buyers,4,20.675725,0.013251,1.033786
8943aeb756fffff,Potential Car Buyers,6,25.003101,0.016016,1.250155
8943aeb756fffff,Potential Car Buyers,8,24.747041,0.015852,1.237352
8943aeb756fffff,Potential Car Buyers,10,23.846952,0.015168,1.192348
8943aeb756fffff,Potential Car Buyers,12,25.810468,0.016417,1.290523
8943aeb756fffff,Potential Car Buyers,14,14.557993,0.009172,0.72794
8943aeb756fffff,Potential Car Buyers,16,21.081183,0.013282,1.054117
8943aeb756fffff,Potential Car Buyers,18,8.54915,0.00498,0.427403
8943aeb756fffff,Potential Car Buyers,20,6.912882,0.004027,0.3456
8943aeb756fffff,Potential Car Buyers,22,8.8071,0.005131,0.440299
8943aeb7673ffff,Families,0,3.879406,0.001966,0.193924
8943aeb7673ffff,Families,2,3.783486,0.001918,0.189129
8943aeb7673ffff,Families,4,4.429478,0.002245,0.221421
8943aeb7673ffff,Families,6,3.760179,0.001854,0.18796
8943aeb7673ffff,Families,8,3.931795,0.001939,0.196539
8943aeb7673ffff,Families,10,25.384385,0.016232,1.269167
8943aeb7673ffff,Families,12,20.482266,0.013098,1.024071
8943aeb7673ffff,Families,14,1.170831,0.000205,0.058542
8943aeb7673ffff,Families,16,1.211979,0.000212,0.060599
8943aeb7673ffff,Families,18,16.660111,0.010424,0.833006
8943aeb7673ffff,Families,20,14.621238,0.009148,0.731062
8943aeb7673ffff,Families,22,15.13851,0.009472,0.756926
8943aeb7673ffff,HNWI,0,19.102567,0.01209,0.955128
8943aeb7673ffff,HNWI,2,17.727688,0.01122,0.886384
8943aeb7673ffff,HNWI,4,21.475474,0.013592,1.073774
8943aeb7673ffff,HNWI,6,10.577549,0.006338,0.528824
8943aeb7673ffff,HNWI,8,11.571744,0.006934,0.578529
8943aeb7673ffff,HNWI,10,14.76807,0.009217,0.738404
8943aeb7673ffff,HNWI,12,16.644401,0.010388,0.83222
8943aeb7673ffff,HNWI,14,2.144315,0.000867,0.107216
8943aeb7673ffff,HNWI,16,2.600617,0.001051,0.130031
8943aeb7673ffff,HNWI,18,2.095878,0.000623,0.104852
8943aeb7673ffff,HNWI,20,1.818182,0.00054,0.09096
8943aeb7673ffff,HNWI,22,1.589635,0.000472,0.079526
8943aeb7673ffff,Potential Car Buyers,0,2.694457,0.001206,0.134678
8943aeb7673ffff,Potential Car Buyers,2,3.191523,0.001428,0.159524
8943aeb7673ffff,Potential Car Buyers,4,2.853292,0.001277,0.142618
8943aeb7673ffff,Potential Car Buyers,6,23.510489,0.014999,1.175524
8943aeb7673ffff,Potential Car Buyers,8,20.547366,0.013108,1.027368
8943aeb7673ffff,Potential Car Buyers,10,21.234707,0.013429,1.061735
8943aeb7673ffff,Potential Car Buyers,12,15.655002,0.0099,0.78275
8943aeb7673ffff,Potential Car Buyers,14,18.187196,0.011361,0.909417
8943aeb7673ffff,Potential Car Buyers,16,13.50089,0.008434,0.675087
8943aeb7673ffff,Potential Car Buyers,18,26.860077,0.017208,1.343004
8943aeb7673ffff,Potential Car Buyers,20,25.645955,0.01643,1.282298
8943aeb7673ffff,Potential Car Buyers,22,28.283971,0.01812,1.414199
